// Generated by scripts/build-blake3-wasm.mjs; do not edit.
export const BLAKE3_WASM_VARIANT = "official-rust-wasm32-simd" as const;
export const BLAKE3_WASM_SHA256 = "66f1e20f5e43e4bfca76e6dbd1a2a1ab9b8d196c2eb9288bc765711a0615f0ab";
export const BLAKE3_WASM_BYTES = Uint8Array.from([
  0x00, 0x61, 0x73, 0x6d, 0x01, 0x00, 0x00, 0x00, 0x01, 0x64, 0x0f, 0x60, 0x02, 0x7f, 0x7f, 0x01, 0x7f, 0x60, 0x03, 0x7f,
  0x7f, 0x7f, 0x01, 0x7f, 0x60, 0x00, 0x01, 0x7f, 0x60, 0x03, 0x7f, 0x7f, 0x7f, 0x00, 0x60, 0x00, 0x00, 0x60, 0x05, 0x7f,
  0x7f, 0x7f, 0x7e, 0x7f, 0x00, 0x60, 0x01, 0x7f, 0x01, 0x7f, 0x60, 0x01, 0x7e, 0x00, 0x60, 0x07, 0x7f, 0x7f, 0x7e, 0x7f,
  0x7f, 0x7f, 0x7f, 0x01, 0x7f, 0x60, 0x06, 0x7f, 0x7f, 0x7f, 0x7f, 0x7f, 0x7f, 0x01, 0x7f, 0x60, 0x04, 0x7f, 0x7f, 0x7f,
  0x7f, 0x00, 0x60, 0x08, 0x7f, 0x7f, 0x7e, 0x7f, 0x7f, 0x7f, 0x7f, 0x7f, 0x00, 0x60, 0x01, 0x7f, 0x00, 0x60, 0x04, 0x7f,
  0x7f, 0x7f, 0x7f, 0x01, 0x7f, 0x60, 0x02, 0x7f, 0x7f, 0x00, 0x03, 0x1d, 0x1c, 0x02, 0x03, 0x04, 0x05, 0x05, 0x04, 0x02,
  0x02, 0x02, 0x02, 0x06, 0x03, 0x01, 0x07, 0x03, 0x08, 0x09, 0x0a, 0x0b, 0x0c, 0x00, 0x01, 0x00, 0x0d, 0x04, 0x00, 0x0e,
  0x04, 0x04, 0x05, 0x01, 0x70, 0x01, 0x04, 0x04, 0x05, 0x04, 0x01, 0x01, 0x02, 0x02, 0x06, 0x08, 0x01, 0x7f, 0x01, 0x41,
  0x80, 0x80, 0x04, 0x0b, 0x07, 0x8d, 0x01, 0x08, 0x06, 0x6d, 0x65, 0x6d, 0x6f, 0x72, 0x79, 0x02, 0x00, 0x0f, 0x62, 0x6c,
  0x61, 0x6b, 0x65, 0x33, 0x5f, 0x66, 0x69, 0x6e, 0x61, 0x6c, 0x69, 0x7a, 0x65, 0x00, 0x00, 0x0b, 0x62, 0x6c, 0x61, 0x6b,
  0x65, 0x33, 0x5f, 0x69, 0x6e, 0x69, 0x74, 0x00, 0x05, 0x15, 0x62, 0x6c, 0x61, 0x6b, 0x65, 0x33, 0x5f, 0x69, 0x6e, 0x70,
  0x75, 0x74, 0x5f, 0x63, 0x61, 0x70, 0x61, 0x63, 0x69, 0x74, 0x79, 0x00, 0x06, 0x10, 0x62, 0x6c, 0x61, 0x6b, 0x65, 0x33,
  0x5f, 0x69, 0x6e, 0x70, 0x75, 0x74, 0x5f, 0x70, 0x74, 0x72, 0x00, 0x07, 0x11, 0x62, 0x6c, 0x61, 0x6b, 0x65, 0x33, 0x5f,
  0x6f, 0x75, 0x74, 0x70, 0x75, 0x74, 0x5f, 0x6c, 0x65, 0x6e, 0x00, 0x08, 0x11, 0x62, 0x6c, 0x61, 0x6b, 0x65, 0x33, 0x5f,
  0x6f, 0x75, 0x74, 0x70, 0x75, 0x74, 0x5f, 0x70, 0x74, 0x72, 0x00, 0x09, 0x0d, 0x62, 0x6c, 0x61, 0x6b, 0x65, 0x33, 0x5f,
  0x75, 0x70, 0x64, 0x61, 0x74, 0x65, 0x00, 0x0a, 0x09, 0x09, 0x01, 0x00, 0x41, 0x01, 0x0b, 0x03, 0x14, 0x19, 0x16, 0x0a,
  0xbf, 0xd6, 0x01, 0x1c, 0xbf, 0x0b, 0x04, 0x07, 0x7f, 0x01, 0x7e, 0x02, 0x7f, 0x02, 0x7b, 0x23, 0x80, 0x80, 0x80, 0x80,
  0x00, 0x41, 0xa0, 0x02, 0x6b, 0x22, 0x00, 0x24, 0x80, 0x80, 0x80, 0x80, 0x00, 0x41, 0x7e, 0x21, 0x01, 0x02, 0x40, 0x41,
  0x00, 0x2d, 0x00, 0x80, 0x88, 0x84, 0x80, 0x00, 0x45, 0x0d, 0x00, 0x02, 0x40, 0x02, 0x40, 0x02, 0x40, 0x02, 0x40, 0x02,
  0x40, 0x02, 0x40, 0x02, 0x40, 0x41, 0x00, 0x29, 0x03, 0xd0, 0x89, 0x85, 0x80, 0x00, 0x42, 0x00, 0x52, 0x0d, 0x00, 0x02,
  0x40, 0x02, 0x40, 0x02, 0x40, 0x41, 0x00, 0x28, 0x02, 0xd8, 0x89, 0x85, 0x80, 0x00, 0x22, 0x01, 0x45, 0x0d, 0x00, 0x41,
  0x00, 0x2d, 0x00, 0xa8, 0x89, 0x85, 0x80, 0x00, 0x22, 0x02, 0x41, 0x00, 0x2d, 0x00, 0xa9, 0x89, 0x85, 0x80, 0x00, 0x22,
  0x03, 0x72, 0x41, 0xff, 0x01, 0x71, 0x0d, 0x01, 0x20, 0x01, 0x41, 0x7e, 0x6a, 0x21, 0x04, 0x20, 0x01, 0x41, 0x01, 0x46,
  0x0d, 0x02, 0x20, 0x00, 0x41, 0x00, 0xfd, 0x00, 0x04, 0xb0, 0x89, 0x85, 0x80, 0x00, 0xfd, 0x0b, 0x03, 0x40, 0x20, 0x00,
  0x41, 0x00, 0xfd, 0x00, 0x04, 0xc0, 0x89, 0x85, 0x80, 0x00, 0xfd, 0x0b, 0x03, 0x50, 0x41, 0x00, 0x2d, 0x00, 0xaa, 0x89,
  0x85, 0x80, 0x00, 0x21, 0x03, 0x41, 0x00, 0x2d, 0x00, 0xab, 0x89, 0x85, 0x80, 0x00, 0x21, 0x05, 0x20, 0x00, 0x20, 0x04,
  0x41, 0x05, 0x74, 0x22, 0x06, 0xfd, 0x00, 0x00, 0xec, 0x89, 0x85, 0x80, 0x00, 0xfd, 0x0b, 0x03, 0x10, 0x20, 0x00, 0x20,
  0x01, 0x41, 0x05, 0x74, 0x22, 0x02, 0x41, 0xcc, 0x89, 0x85, 0x80, 0x00, 0x6a, 0xfd, 0x00, 0x00, 0x00, 0xfd, 0x0b, 0x03,
  0x30, 0x20, 0x00, 0x20, 0x02, 0x41, 0xbc, 0x89, 0x85, 0x80, 0x00, 0x6a, 0xfd, 0x00, 0x00, 0x00, 0xfd, 0x0b, 0x03, 0x20,
  0x20, 0x00, 0x20, 0x06, 0xfd, 0x00, 0x00, 0xdc, 0x89, 0x85, 0x80, 0x00, 0xfd, 0x0b, 0x03, 0x00, 0x20, 0x00, 0x41, 0xf0,
  0x00, 0x6a, 0x20, 0x00, 0x41, 0xe0, 0x00, 0xfc, 0x0a, 0x00, 0x00, 0x20, 0x00, 0x20, 0x05, 0x3a, 0x00, 0xda, 0x01, 0x20,
  0x00, 0x20, 0x03, 0x41, 0x04, 0x72, 0x22, 0x06, 0x3a, 0x00, 0xd9, 0x01, 0x41, 0xc0, 0x00, 0x21, 0x02, 0x20, 0x00, 0x41,
  0xc0, 0x00, 0x3a, 0x00, 0xd8, 0x01, 0x42, 0x00, 0x21, 0x07, 0x20, 0x00, 0x42, 0x00, 0x37, 0x03, 0xd0, 0x01, 0x20, 0x06,
  0x21, 0x08, 0x20, 0x04, 0x45, 0x0d, 0x05, 0x0c, 0x04, 0x0b, 0x20, 0x00, 0x41, 0x00, 0xfd, 0x00, 0x04, 0x80, 0x89, 0x85,
  0x80, 0x00, 0xfd, 0x0b, 0x03, 0x40, 0x20, 0x00, 0x41, 0x00, 0xfd, 0x00, 0x04, 0x90, 0x89, 0x85, 0x80, 0x00, 0xfd, 0x0b,
  0x03, 0x50, 0x20, 0x00, 0x41, 0x00, 0xfd, 0x00, 0x04, 0xc0, 0x88, 0x85, 0x80, 0x00, 0xfd, 0x0b, 0x03, 0x00, 0x20, 0x00,
  0x41, 0x00, 0xfd, 0x00, 0x04, 0xd0, 0x88, 0x85, 0x80, 0x00, 0xfd, 0x0b, 0x03, 0x10, 0x20, 0x00, 0x41, 0x00, 0xfd, 0x00,
  0x04, 0xe0, 0x88, 0x85, 0x80, 0x00, 0xfd, 0x0b, 0x03, 0x20, 0x20, 0x00, 0x41, 0x00, 0xfd, 0x00, 0x04, 0xf0, 0x88, 0x85,
  0x80, 0x00, 0xfd, 0x0b, 0x03, 0x30, 0x41, 0x00, 0x2d, 0x00, 0xaa, 0x89, 0x85, 0x80, 0x00, 0x21, 0x04, 0x41, 0x00, 0x2d,
  0x00, 0xa9, 0x89, 0x85, 0x80, 0x00, 0x21, 0x06, 0x41, 0x00, 0x2d, 0x00, 0xab, 0x89, 0x85, 0x80, 0x00, 0x21, 0x03, 0x41,
  0x00, 0x2d, 0x00, 0xa8, 0x89, 0x85, 0x80, 0x00, 0x21, 0x01, 0x20, 0x00, 0x41, 0x00, 0x29, 0x03, 0xa0, 0x89, 0x85, 0x80,
  0x00, 0x37, 0x03, 0x60, 0x20, 0x00, 0x20, 0x01, 0x3a, 0x00, 0x68, 0x20, 0x00, 0x20, 0x03, 0x3a, 0x00, 0x6a, 0x20, 0x00,
  0x20, 0x04, 0x20, 0x06, 0x45, 0x72, 0x22, 0x04, 0x41, 0x02, 0x72, 0x3a, 0x00, 0x69, 0x20, 0x00, 0x20, 0x00, 0xfd, 0x00,
  0x03, 0x50, 0xfd, 0x0b, 0x04, 0x80, 0x01, 0x20, 0x00, 0x20, 0x00, 0xfd, 0x00, 0x03, 0x40, 0xfd, 0x0b, 0x04, 0x70, 0x20,
  0x04, 0x41, 0x0a, 0x72, 0x21, 0x04, 0x20, 0x03, 0x41, 0x01, 0x47, 0x0d, 0x05, 0x0c, 0x07, 0x0b, 0x20, 0x00, 0x41, 0x00,
  0xfd, 0x00, 0x04, 0x80, 0x89, 0x85, 0x80, 0x00, 0xfd, 0x0b, 0x03, 0x40, 0x20, 0x00, 0x41, 0x00, 0xfd, 0x00, 0x04, 0x90,
  0x89, 0x85, 0x80, 0x00, 0xfd, 0x0b, 0x03, 0x50, 0x20, 0x00, 0x41, 0x00, 0xfd, 0x00, 0x04, 0xc0, 0x88, 0x85, 0x80, 0x00,
  0xfd, 0x0b, 0x03, 0x00, 0x20, 0x00, 0x41, 0x00, 0xfd, 0x00, 0x04, 0xd0, 0x88, 0x85, 0x80, 0x00, 0xfd, 0x0b, 0x03, 0x10,
  0x20, 0x00, 0x41, 0x00, 0xfd, 0x00, 0x04, 0xe0, 0x88, 0x85, 0x80, 0x00, 0xfd, 0x0b, 0x03, 0x20, 0x20, 0x00, 0x41, 0x00,
  0xfd, 0x00, 0x04, 0xf0, 0x88, 0x85, 0x80, 0x00, 0xfd, 0x0b, 0x03, 0x30, 0x41, 0x00, 0x2d, 0x00, 0xaa, 0x89, 0x85, 0x80,
  0x00, 0x21, 0x04, 0x41, 0x00, 0x29, 0x03, 0xa0, 0x89, 0x85, 0x80, 0x00, 0x21, 0x07, 0x41, 0x00, 0x2d, 0x00, 0xab, 0x89,
  0x85, 0x80, 0x00, 0x21, 0x05, 0x20, 0x00, 0x41, 0xf0, 0x00, 0x6a, 0x20, 0x00, 0x41, 0xe0, 0x00, 0xfc, 0x0a, 0x00, 0x00,
  0x20, 0x00, 0x20, 0x05, 0x3a, 0x00, 0xda, 0x01, 0x20, 0x00, 0x20, 0x02, 0x3a, 0x00, 0xd8, 0x01, 0x20, 0x00, 0x20, 0x07,
  0x37, 0x03, 0xd0, 0x01, 0x20, 0x00, 0x20, 0x04, 0x20, 0x03, 0x41, 0xff, 0x01, 0x71, 0x45, 0x72, 0x41, 0x02, 0x72, 0x22,
  0x08, 0x3a, 0x00, 0xd9, 0x01, 0x20, 0x04, 0x41, 0x04, 0x72, 0x21, 0x06, 0x20, 0x01, 0x21, 0x04, 0x0c, 0x02, 0x0b, 0x20,
  0x04, 0x41, 0x01, 0x41, 0xa0, 0x86, 0x84, 0x80, 0x00, 0x10, 0x81, 0x80, 0x80, 0x80, 0x00, 0x00, 0x0b, 0x10, 0x82, 0x80,
  0x80, 0x80, 0x00, 0x00, 0x0b, 0x20, 0x04, 0x41, 0x7f, 0x6a, 0x22, 0x03, 0x20, 0x01, 0x4f, 0x0d, 0x02, 0x20, 0x00, 0x20,
  0x00, 0x41, 0xb0, 0x01, 0x6a, 0x22, 0x01, 0xfd, 0x00, 0x03, 0x10, 0xfd, 0x0b, 0x04, 0x10, 0x20, 0x00, 0x20, 0x01, 0xfd,
  0x00, 0x03, 0x00, 0xfd, 0x0b, 0x04, 0x00, 0x20, 0x03, 0x41, 0x05, 0x74, 0x41, 0xdc, 0x89, 0x85, 0x80, 0x00, 0x6a, 0x21,
  0x09, 0x02, 0x40, 0x02, 0x40, 0x20, 0x05, 0x41, 0x01, 0x71, 0x0d, 0x00, 0x20, 0x00, 0x20, 0x00, 0x41, 0xf0, 0x00, 0x6a,
  0x20, 0x02, 0x20, 0x07, 0x20, 0x08, 0x10, 0x83, 0x80, 0x80, 0x80, 0x00, 0x0c, 0x01, 0x0b, 0x20, 0x00, 0x20, 0x00, 0x41,
  0xf0, 0x00, 0x6a, 0x20, 0x02, 0x20, 0x07, 0x20, 0x08, 0x10, 0x84, 0x80, 0x80, 0x80, 0x00, 0x0b, 0x20, 0x00, 0xfd, 0x00,
  0x04, 0x00, 0x21, 0x0a, 0x20, 0x00, 0xfd, 0x00, 0x04, 0x10, 0x21, 0x0b, 0x20, 0x01, 0x41, 0x00, 0xfd, 0x00, 0x04, 0xb0,
  0x89, 0x85, 0x80, 0x00, 0xfd, 0x0b, 0x03, 0x00, 0x20, 0x01, 0x41, 0x00, 0xfd, 0x00, 0x04, 0xc0, 0x89, 0x85, 0x80, 0x00,
  0xfd, 0x0b, 0x03, 0x10, 0x20, 0x00, 0x20, 0x0b, 0xfd, 0x0b, 0x03, 0xa0, 0x01, 0x20, 0x00, 0x20, 0x0a, 0xfd, 0x0b, 0x03,
  0x90, 0x01, 0x20, 0x00, 0x42, 0x00, 0x37, 0x03, 0xd0, 0x01, 0x20, 0x00, 0x41, 0xc0, 0x00, 0x3a, 0x00, 0xd8, 0x01, 0x20,
  0x00, 0x20, 0x05, 0x3a, 0x00, 0xda, 0x01, 0x20, 0x00, 0x20, 0x06, 0x3a, 0x00, 0xd9, 0x01, 0x20, 0x00, 0x20, 0x09, 0xfd,
  0x00, 0x02, 0x00, 0xfd, 0x0b, 0x03, 0x70, 0x20, 0x00, 0x20, 0x09, 0xfd, 0x00, 0x02, 0x10, 0xfd, 0x0b, 0x03, 0x80, 0x01,
  0x20, 0x03, 0x45, 0x0d, 0x00, 0x20, 0x04, 0x41, 0x05, 0x74, 0x41, 0x9c, 0x89, 0x85, 0x80, 0x00, 0x6a, 0x21, 0x04, 0x20,
  0x05, 0x41, 0x01, 0x71, 0x21, 0x02, 0x03, 0x40, 0x20, 0x00, 0x20, 0x01, 0xfd, 0x00, 0x03, 0x10, 0xfd, 0x0b, 0x04, 0x10,
  0x20, 0x00, 0x20, 0x01, 0xfd, 0x00, 0x03, 0x00, 0xfd, 0x0b, 0x04, 0x00, 0x02, 0x40, 0x02, 0x40, 0x20, 0x02, 0x45, 0x0d,
  0x00, 0x20, 0x00, 0x20, 0x00, 0x41, 0xf0, 0x00, 0x6a, 0x41, 0xc0, 0x00, 0x42, 0x00, 0x20, 0x06, 0x10, 0x84, 0x80, 0x80,
  0x80, 0x00, 0x0c, 0x01, 0x0b, 0x20, 0x00, 0x20, 0x00, 0x41, 0xf0, 0x00, 0x6a, 0x41, 0xc0, 0x00, 0x42, 0x00, 0x20, 0x06,
  0x10, 0x83, 0x80, 0x80, 0x80, 0x00, 0x0b, 0x20, 0x00, 0xfd, 0x00, 0x04, 0x00, 0x21, 0x0a, 0x20, 0x00, 0xfd, 0x00, 0x04,
  0x10, 0x21, 0x0b, 0x20, 0x01, 0x41, 0x00, 0xfd, 0x00, 0x04, 0xb0, 0x89, 0x85, 0x80, 0x00, 0xfd, 0x0b, 0x03, 0x00, 0x20,
  0x01, 0x41, 0x00, 0xfd, 0x00, 0x04, 0xc0, 0x89, 0x85, 0x80, 0x00, 0xfd, 0x0b, 0x03, 0x10, 0x20, 0x00, 0x20, 0x0b, 0xfd,
  0x0b, 0x03, 0xa0, 0x01, 0x20, 0x00, 0x20, 0x0a, 0xfd, 0x0b, 0x03, 0x90, 0x01, 0x20, 0x00, 0x42, 0x00, 0x37, 0x03, 0xd0,
  0x01, 0x20, 0x00, 0x41, 0xc0, 0x00, 0x3a, 0x00, 0xd8, 0x01, 0x20, 0x00, 0x20, 0x05, 0x3a, 0x00, 0xda, 0x01, 0x20, 0x00,
  0x20, 0x06, 0x3a, 0x00, 0xd9, 0x01, 0x20, 0x00, 0x20, 0x04, 0xfd, 0x00, 0x02, 0x00, 0xfd, 0x0b, 0x03, 0x70, 0x20, 0x00,
  0x20, 0x04, 0xfd, 0x00, 0x02, 0x10, 0xfd, 0x0b, 0x03, 0x80, 0x01, 0x20, 0x04, 0x41, 0x60, 0x6a, 0x21, 0x04, 0x20, 0x03,
  0x41, 0x7f, 0x6a, 0x22, 0x03, 0x0d, 0x00, 0x0b, 0x0b, 0x20, 0x00, 0x20, 0x00, 0x41, 0xf0, 0x00, 0x6a, 0x41, 0xf0, 0x00,
  0xfc, 0x0a, 0x00, 0x00, 0x20, 0x00, 0x2d, 0x00, 0x68, 0x21, 0x01, 0x20, 0x00, 0x2d, 0x00, 0x6a, 0x21, 0x03, 0x20, 0x00,
  0x2d, 0x00, 0x69, 0x21, 0x04, 0x20, 0x00, 0x20, 0x00, 0xfd, 0x00, 0x03, 0x50, 0xfd, 0x0b, 0x04, 0x80, 0x01, 0x20, 0x00,
  0x20, 0x00, 0xfd, 0x00, 0x03, 0x40, 0xfd, 0x0b, 0x04, 0x70, 0x20, 0x04, 0x41, 0x08, 0x72, 0x21, 0x04, 0x20, 0x03, 0x0d,
  0x02, 0x0b, 0x20, 0x00, 0x41, 0xf0, 0x00, 0x6a, 0x20, 0x00, 0x20, 0x01, 0x42, 0x00, 0x20, 0x04, 0x10, 0x83, 0x80, 0x80,
  0x80, 0x00, 0x0c, 0x02, 0x0b, 0x20, 0x03, 0x20, 0x01, 0x41, 0xb0, 0x86, 0x84, 0x80, 0x00, 0x10, 0x81, 0x80, 0x80, 0x80,
  0x00, 0x00, 0x0b, 0x20, 0x00, 0x41, 0xf0, 0x00, 0x6a, 0x20, 0x00, 0x20, 0x01, 0x42, 0x00, 0x20, 0x04, 0x10, 0x84, 0x80,
  0x80, 0x80, 0x00, 0x0b, 0x41, 0x00, 0x21, 0x01, 0x41, 0x00, 0x20, 0x00, 0xfd, 0x00, 0x04, 0x80, 0x01, 0xfd, 0x0b, 0x04,
  0xd0, 0x97, 0x85, 0x80, 0x00, 0x41, 0x00, 0x20, 0x00, 0xfd, 0x00, 0x04, 0x70, 0xfd, 0x0b, 0x04, 0xc0, 0x97, 0x85, 0x80,
  0x00, 0x0b, 0x20, 0x00, 0x41, 0xa0, 0x02, 0x6a, 0x24, 0x80, 0x80, 0x80, 0x80, 0x00, 0x20, 0x01, 0x0b, 0x26, 0x01, 0x01,
  0x7f, 0x23, 0x80, 0x80, 0x80, 0x80, 0x00, 0x41, 0x10, 0x6b, 0x22, 0x03, 0x24, 0x80, 0x80, 0x80, 0x80, 0x00, 0x41, 0xc8,
  0x80, 0x84, 0x80, 0x00, 0x20, 0x03, 0x20, 0x02, 0x10, 0x8b, 0x80, 0x80, 0x80, 0x00, 0x00, 0x0b, 0x26, 0x01, 0x01, 0x7f,
  0x23, 0x80, 0x80, 0x80, 0x80, 0x00, 0x41, 0x10, 0x6b, 0x22, 0x00, 0x24, 0x80, 0x80, 0x80, 0x80, 0x00, 0x20, 0x00, 0x41,
  0x08, 0x6a, 0x20, 0x00, 0x41, 0x0c, 0x6a, 0x10, 0x9a, 0x80, 0x80, 0x80, 0x00, 0x00, 0x0b, 0x89, 0x1b, 0x01, 0x20, 0x7f,
  0x20, 0x00, 0x20, 0x00, 0x28, 0x02, 0x04, 0x20, 0x01, 0x28, 0x00, 0x08, 0x22, 0x05, 0x6a, 0x20, 0x00, 0x28, 0x02, 0x14,
  0x22, 0x06, 0x6a, 0x22, 0x07, 0x20, 0x01, 0x28, 0x00, 0x0c, 0x22, 0x08, 0x6a, 0x20, 0x07, 0x20, 0x03, 0x42, 0x20, 0x88,
  0xa7, 0x73, 0x41, 0x10, 0x77, 0x22, 0x09, 0x41, 0x85, 0xdd, 0x9e, 0xdb, 0x7b, 0x6a, 0x22, 0x0a, 0x20, 0x06, 0x73, 0x41,
  0x14, 0x77, 0x22, 0x0b, 0x6a, 0x22, 0x0c, 0x20, 0x01, 0x28, 0x00, 0x28, 0x22, 0x06, 0x6a, 0x20, 0x00, 0x28, 0x02, 0x08,
  0x20, 0x01, 0x28, 0x00, 0x10, 0x22, 0x07, 0x6a, 0x20, 0x00, 0x28, 0x02, 0x18, 0x22, 0x0d, 0x6a, 0x22, 0x0e, 0x20, 0x01,
  0x28, 0x00, 0x14, 0x22, 0x0f, 0x6a, 0x20, 0x0e, 0x20, 0x02, 0x41, 0xff, 0x01, 0x71, 0x73, 0x41, 0x10, 0x77, 0x22, 0x02,
  0x41, 0xf2, 0xe6, 0xbb, 0xe3, 0x03, 0x6a, 0x22, 0x0e, 0x20, 0x0d, 0x73, 0x41, 0x14, 0x77, 0x22, 0x0d, 0x6a, 0x22, 0x10,
  0x20, 0x02, 0x73, 0x41, 0x18, 0x77, 0x22, 0x11, 0x20, 0x0e, 0x6a, 0x22, 0x12, 0x20, 0x0d, 0x73, 0x41, 0x19, 0x77, 0x22,
  0x13, 0x6a, 0x22, 0x14, 0x20, 0x01, 0x28, 0x00, 0x2c, 0x22, 0x02, 0x6a, 0x20, 0x14, 0x20, 0x00, 0x28, 0x02, 0x00, 0x20,
  0x01, 0x28, 0x00, 0x00, 0x22, 0x0d, 0x6a, 0x20, 0x00, 0x28, 0x02, 0x10, 0x22, 0x15, 0x6a, 0x22, 0x16, 0x20, 0x01, 0x28,
  0x00, 0x04, 0x22, 0x0e, 0x6a, 0x20, 0x16, 0x20, 0x03, 0xa7, 0x73, 0x41, 0x10, 0x77, 0x22, 0x16, 0x41, 0xe7, 0xcc, 0xa7,
  0xd0, 0x06, 0x6a, 0x22, 0x17, 0x20, 0x15, 0x73, 0x41, 0x14, 0x77, 0x22, 0x18, 0x6a, 0x22, 0x19, 0x20, 0x16, 0x73, 0x41,
  0x18, 0x77, 0x22, 0x16, 0x73, 0x41, 0x10, 0x77, 0x22, 0x1a, 0x20, 0x00, 0x28, 0x02, 0x0c, 0x20, 0x01, 0x28, 0x00, 0x18,
  0x22, 0x14, 0x6a, 0x20, 0x00, 0x28, 0x02, 0x1c, 0x22, 0x1b, 0x6a, 0x22, 0x1c, 0x20, 0x01, 0x28, 0x00, 0x1c, 0x22, 0x15,
  0x6a, 0x20, 0x1c, 0x20, 0x04, 0x41, 0xff, 0x01, 0x71, 0x73, 0x41, 0x10, 0x77, 0x22, 0x04, 0x41, 0xba, 0xea, 0xbf, 0xaa,
  0x7a, 0x6a, 0x22, 0x1c, 0x20, 0x1b, 0x73, 0x41, 0x14, 0x77, 0x22, 0x1b, 0x6a, 0x22, 0x1d, 0x20, 0x04, 0x73, 0x41, 0x18,
  0x77, 0x22, 0x1e, 0x20, 0x1c, 0x6a, 0x22, 0x1c, 0x6a, 0x22, 0x1f, 0x20, 0x13, 0x73, 0x41, 0x14, 0x77, 0x22, 0x13, 0x6a,
  0x22, 0x20, 0x20, 0x08, 0x6a, 0x20, 0x19, 0x20, 0x01, 0x28, 0x00, 0x20, 0x22, 0x04, 0x6a, 0x20, 0x0c, 0x20, 0x09, 0x73,
  0x41, 0x18, 0x77, 0x22, 0x0c, 0x20, 0x0a, 0x6a, 0x22, 0x19, 0x20, 0x0b, 0x73, 0x41, 0x19, 0x77, 0x22, 0x0a, 0x6a, 0x22,
  0x0b, 0x20, 0x01, 0x28, 0x00, 0x24, 0x22, 0x09, 0x6a, 0x20, 0x0b, 0x20, 0x1e, 0x73, 0x41, 0x10, 0x77, 0x22, 0x0b, 0x20,
  0x12, 0x6a, 0x22, 0x12, 0x20, 0x0a, 0x73, 0x41, 0x14, 0x77, 0x22, 0x0a, 0x6a, 0x22, 0x1e, 0x20, 0x0b, 0x73, 0x41, 0x18,
  0x77, 0x22, 0x21, 0x20, 0x12, 0x6a, 0x22, 0x12, 0x20, 0x0a, 0x73, 0x41, 0x19, 0x77, 0x22, 0x22, 0x6a, 0x22, 0x23, 0x20,
  0x06, 0x6a, 0x20, 0x23, 0x20, 0x10, 0x20, 0x01, 0x28, 0x00, 0x30, 0x22, 0x0a, 0x6a, 0x20, 0x1c, 0x20, 0x1b, 0x73, 0x41,
  0x19, 0x77, 0x22, 0x10, 0x6a, 0x22, 0x1b, 0x20, 0x01, 0x28, 0x00, 0x34, 0x22, 0x0b, 0x6a, 0x20, 0x1b, 0x20, 0x0c, 0x73,
  0x41, 0x10, 0x77, 0x22, 0x0c, 0x20, 0x16, 0x20, 0x17, 0x6a, 0x22, 0x16, 0x6a, 0x22, 0x17, 0x20, 0x10, 0x73, 0x41, 0x14,
  0x77, 0x22, 0x10, 0x6a, 0x22, 0x1b, 0x20, 0x0c, 0x73, 0x41, 0x18, 0x77, 0x22, 0x1c, 0x73, 0x41, 0x10, 0x77, 0x22, 0x23,
  0x20, 0x1d, 0x20, 0x01, 0x28, 0x00, 0x38, 0x22, 0x0c, 0x6a, 0x20, 0x16, 0x20, 0x18, 0x73, 0x41, 0x19, 0x77, 0x22, 0x16,
  0x6a, 0x22, 0x18, 0x20, 0x01, 0x28, 0x00, 0x3c, 0x22, 0x01, 0x6a, 0x20, 0x18, 0x20, 0x11, 0x73, 0x41, 0x10, 0x77, 0x22,
  0x11, 0x20, 0x19, 0x6a, 0x22, 0x18, 0x20, 0x16, 0x73, 0x41, 0x14, 0x77, 0x22, 0x16, 0x6a, 0x22, 0x19, 0x20, 0x11, 0x73,
  0x41, 0x18, 0x77, 0x22, 0x11, 0x20, 0x18, 0x6a, 0x22, 0x18, 0x6a, 0x22, 0x1d, 0x20, 0x22, 0x73, 0x41, 0x14, 0x77, 0x22,
  0x22, 0x6a, 0x22, 0x24, 0x20, 0x0a, 0x6a, 0x20, 0x1b, 0x20, 0x15, 0x6a, 0x20, 0x20, 0x20, 0x1a, 0x73, 0x41, 0x18, 0x77,
  0x22, 0x1a, 0x20, 0x1f, 0x6a, 0x22, 0x1b, 0x20, 0x13, 0x73, 0x41, 0x19, 0x77, 0x22, 0x13, 0x6a, 0x22, 0x1f, 0x20, 0x0d,
  0x6a, 0x20, 0x1f, 0x20, 0x11, 0x73, 0x41, 0x10, 0x77, 0x22, 0x11, 0x20, 0x12, 0x6a, 0x22, 0x12, 0x20, 0x13, 0x73, 0x41,
  0x14, 0x77, 0x22, 0x13, 0x6a, 0x22, 0x1f, 0x20, 0x11, 0x73, 0x41, 0x18, 0x77, 0x22, 0x11, 0x20, 0x12, 0x6a, 0x22, 0x12,
  0x20, 0x13, 0x73, 0x41, 0x19, 0x77, 0x22, 0x13, 0x6a, 0x22, 0x20, 0x20, 0x0f, 0x6a, 0x20, 0x20, 0x20, 0x1e, 0x20, 0x05,
  0x6a, 0x20, 0x18, 0x20, 0x16, 0x73, 0x41, 0x19, 0x77, 0x22, 0x16, 0x6a, 0x22, 0x18, 0x20, 0x14, 0x6a, 0x20, 0x18, 0x20,
  0x1a, 0x73, 0x41, 0x10, 0x77, 0x22, 0x18, 0x20, 0x1c, 0x20, 0x17, 0x6a, 0x22, 0x17, 0x6a, 0x22, 0x1a, 0x20, 0x16, 0x73,
  0x41, 0x14, 0x77, 0x22, 0x16, 0x6a, 0x22, 0x1c, 0x20, 0x18, 0x73, 0x41, 0x18, 0x77, 0x22, 0x18, 0x73, 0x41, 0x10, 0x77,
  0x22, 0x1e, 0x20, 0x19, 0x20, 0x07, 0x6a, 0x20, 0x17, 0x20, 0x10, 0x73, 0x41, 0x19, 0x77, 0x22, 0x10, 0x6a, 0x22, 0x17,
  0x20, 0x0b, 0x6a, 0x20, 0x17, 0x20, 0x21, 0x73, 0x41, 0x10, 0x77, 0x22, 0x17, 0x20, 0x1b, 0x6a, 0x22, 0x19, 0x20, 0x10,
  0x73, 0x41, 0x14, 0x77, 0x22, 0x10, 0x6a, 0x22, 0x1b, 0x20, 0x17, 0x73, 0x41, 0x18, 0x77, 0x22, 0x17, 0x20, 0x19, 0x6a,
  0x22, 0x19, 0x6a, 0x22, 0x20, 0x20, 0x13, 0x73, 0x41, 0x14, 0x77, 0x22, 0x13, 0x6a, 0x22, 0x21, 0x20, 0x06, 0x6a, 0x20,
  0x1c, 0x20, 0x0e, 0x6a, 0x20, 0x24, 0x20, 0x23, 0x73, 0x41, 0x18, 0x77, 0x22, 0x1c, 0x20, 0x1d, 0x6a, 0x22, 0x1d, 0x20,
  0x22, 0x73, 0x41, 0x19, 0x77, 0x22, 0x22, 0x6a, 0x22, 0x23, 0x20, 0x02, 0x6a, 0x20, 0x23, 0x20, 0x17, 0x73, 0x41, 0x10,
  0x77, 0x22, 0x17, 0x20, 0x12, 0x6a, 0x22, 0x12, 0x20, 0x22, 0x73, 0x41, 0x14, 0x77, 0x22, 0x22, 0x6a, 0x22, 0x23, 0x20,
  0x17, 0x73, 0x41, 0x18, 0x77, 0x22, 0x17, 0x20, 0x12, 0x6a, 0x22, 0x12, 0x20, 0x22, 0x73, 0x41, 0x19, 0x77, 0x22, 0x22,
  0x6a, 0x22, 0x24, 0x20, 0x0a, 0x6a, 0x20, 0x24, 0x20, 0x1f, 0x20, 0x09, 0x6a, 0x20, 0x19, 0x20, 0x10, 0x73, 0x41, 0x19,
  0x77, 0x22, 0x10, 0x6a, 0x22, 0x19, 0x20, 0x0c, 0x6a, 0x20, 0x19, 0x20, 0x1c, 0x73, 0x41, 0x10, 0x77, 0x22, 0x19, 0x20,
  0x18, 0x20, 0x1a, 0x6a, 0x22, 0x18, 0x6a, 0x22, 0x1a, 0x20, 0x10, 0x73, 0x41, 0x14, 0x77, 0x22, 0x10, 0x6a, 0x22, 0x1c,
  0x20, 0x19, 0x73, 0x41, 0x18, 0x77, 0x22, 0x19, 0x73, 0x41, 0x10, 0x77, 0x22, 0x1f, 0x20, 0x1b, 0x20, 0x01, 0x6a, 0x20,
  0x18, 0x20, 0x16, 0x73, 0x41, 0x19, 0x77, 0x22, 0x16, 0x6a, 0x22, 0x18, 0x20, 0x04, 0x6a, 0x20, 0x18, 0x20, 0x11, 0x73,
  0x41, 0x10, 0x77, 0x22, 0x11, 0x20, 0x1d, 0x6a, 0x22, 0x18, 0x20, 0x16, 0x73, 0x41, 0x14, 0x77, 0x22, 0x16, 0x6a, 0x22,
  0x1b, 0x20, 0x11, 0x73, 0x41, 0x18, 0x77, 0x22, 0x11, 0x20, 0x18, 0x6a, 0x22, 0x18, 0x6a, 0x22, 0x1d, 0x20, 0x22, 0x73,
  0x41, 0x14, 0x77, 0x22, 0x22, 0x6a, 0x22, 0x24, 0x20, 0x09, 0x6a, 0x20, 0x1c, 0x20, 0x0b, 0x6a, 0x20, 0x21, 0x20, 0x1e,
  0x73, 0x41, 0x18, 0x77, 0x22, 0x1c, 0x20, 0x20, 0x6a, 0x22, 0x1e, 0x20, 0x13, 0x73, 0x41, 0x19, 0x77, 0x22, 0x13, 0x6a,
  0x22, 0x20, 0x20, 0x05, 0x6a, 0x20, 0x20, 0x20, 0x11, 0x73, 0x41, 0x10, 0x77, 0x22, 0x11, 0x20, 0x12, 0x6a, 0x22, 0x12,
  0x20, 0x13, 0x73, 0x41, 0x14, 0x77, 0x22, 0x13, 0x6a, 0x22, 0x20, 0x20, 0x11, 0x73, 0x41, 0x18, 0x77, 0x22, 0x11, 0x20,
  0x12, 0x6a, 0x22, 0x12, 0x20, 0x13, 0x73, 0x41, 0x19, 0x77, 0x22, 0x13, 0x6a, 0x22, 0x21, 0x20, 0x0d, 0x6a, 0x20, 0x21,
  0x20, 0x23, 0x20, 0x08, 0x6a, 0x20, 0x18, 0x20, 0x16, 0x73, 0x41, 0x19, 0x77, 0x22, 0x16, 0x6a, 0x22, 0x18, 0x20, 0x07,
  0x6a, 0x20, 0x18, 0x20, 0x1c, 0x73, 0x41, 0x10, 0x77, 0x22, 0x18, 0x20, 0x19, 0x20, 0x1a, 0x6a, 0x22, 0x19, 0x6a, 0x22,
  0x1a, 0x20, 0x16, 0x73, 0x41, 0x14, 0x77, 0x22, 0x16, 0x6a, 0x22, 0x1c, 0x20, 0x18, 0x73, 0x41, 0x18, 0x77, 0x22, 0x18,
  0x73, 0x41, 0x10, 0x77, 0x22, 0x21, 0x20, 0x1b, 0x20, 0x15, 0x6a, 0x20, 0x19, 0x20, 0x10, 0x73, 0x41, 0x19, 0x77, 0x22,
  0x10, 0x6a, 0x22, 0x19, 0x20, 0x0c, 0x6a, 0x20, 0x19, 0x20, 0x17, 0x73, 0x41, 0x10, 0x77, 0x22, 0x17, 0x20, 0x1e, 0x6a,
  0x22, 0x19, 0x20, 0x10, 0x73, 0x41, 0x14, 0x77, 0x22, 0x10, 0x6a, 0x22, 0x1b, 0x20, 0x17, 0x73, 0x41, 0x18, 0x77, 0x22,
  0x17, 0x20, 0x19, 0x6a, 0x22, 0x19, 0x6a, 0x22, 0x1e, 0x20, 0x13, 0x73, 0x41, 0x14, 0x77, 0x22, 0x13, 0x6a, 0x22, 0x23,
  0x20, 0x0a, 0x6a, 0x20, 0x1c, 0x20, 0x14, 0x6a, 0x20, 0x24, 0x20, 0x1f, 0x73, 0x41, 0x18, 0x77, 0x22, 0x1c, 0x20, 0x1d,
  0x6a, 0x22, 0x1d, 0x20, 0x22, 0x73, 0x41, 0x19, 0x77, 0x22, 0x1f, 0x6a, 0x22, 0x22, 0x20, 0x0f, 0x6a, 0x20, 0x22, 0x20,
  0x17, 0x73, 0x41, 0x10, 0x77, 0x22, 0x17, 0x20, 0x12, 0x6a, 0x22, 0x12, 0x20, 0x1f, 0x73, 0x41, 0x14, 0x77, 0x22, 0x1f,
  0x6a, 0x22, 0x22, 0x20, 0x17, 0x73, 0x41, 0x18, 0x77, 0x22, 0x17, 0x20, 0x12, 0x6a, 0x22, 0x12, 0x20, 0x1f, 0x73, 0x41,
  0x19, 0x77, 0x22, 0x1f, 0x6a, 0x22, 0x24, 0x20, 0x09, 0x6a, 0x20, 0x24, 0x20, 0x20, 0x20, 0x02, 0x6a, 0x20, 0x19, 0x20,
  0x10, 0x73, 0x41, 0x19, 0x77, 0x22, 0x10, 0x6a, 0x22, 0x19, 0x20, 0x01, 0x6a, 0x20, 0x19, 0x20, 0x1c, 0x73, 0x41, 0x10,
  0x77, 0x22, 0x19, 0x20, 0x18, 0x20, 0x1a, 0x6a, 0x22, 0x18, 0x6a, 0x22, 0x1a, 0x20, 0x10, 0x73, 0x41, 0x14, 0x77, 0x22,
  0x10, 0x6a, 0x22, 0x1c, 0x20, 0x19, 0x73, 0x41, 0x18, 0x77, 0x22, 0x19, 0x73, 0x41, 0x10, 0x77, 0x22, 0x20, 0x20, 0x1b,
  0x20, 0x04, 0x6a, 0x20, 0x18, 0x20, 0x16, 0x73, 0x41, 0x19, 0x77, 0x22, 0x16, 0x6a, 0x22, 0x18, 0x20, 0x0e, 0x6a, 0x20,
  0x18, 0x20, 0x11, 0x73, 0x41, 0x10, 0x77, 0x22, 0x11, 0x20, 0x1d, 0x6a, 0x22, 0x18, 0x20, 0x16, 0x73, 0x41, 0x14, 0x77,
  0x22, 0x16, 0x6a, 0x22, 0x1b, 0x20, 0x11, 0x73, 0x41, 0x18, 0x77, 0x22, 0x11, 0x20, 0x18, 0x6a, 0x22, 0x18, 0x6a, 0x22,
  0x1d, 0x20, 0x1f, 0x73, 0x41, 0x14, 0x77, 0x22, 0x1f, 0x6a, 0x22, 0x24, 0x20, 0x02, 0x6a, 0x20, 0x1c, 0x20, 0x0c, 0x6a,
  0x20, 0x23, 0x20, 0x21, 0x73, 0x41, 0x18, 0x77, 0x22, 0x1c, 0x20, 0x1e, 0x6a, 0x22, 0x1e, 0x20, 0x13, 0x73, 0x41, 0x19,
  0x77, 0x22, 0x13, 0x6a, 0x22, 0x21, 0x20, 0x08, 0x6a, 0x20, 0x21, 0x20, 0x11, 0x73, 0x41, 0x10, 0x77, 0x22, 0x11, 0x20,
  0x12, 0x6a, 0x22, 0x12, 0x20, 0x13, 0x73, 0x41, 0x14, 0x77, 0x22, 0x13, 0x6a, 0x22, 0x21, 0x20, 0x11, 0x73, 0x41, 0x18,
  0x77, 0x22, 0x11, 0x20, 0x12, 0x6a, 0x22, 0x12, 0x20, 0x13, 0x73, 0x41, 0x19, 0x77, 0x22, 0x13, 0x6a, 0x22, 0x23, 0x20,
  0x05, 0x6a, 0x20, 0x23, 0x20, 0x22, 0x20, 0x06, 0x6a, 0x20, 0x18, 0x20, 0x16, 0x73, 0x41, 0x19, 0x77, 0x22, 0x16, 0x6a,
  0x22, 0x18, 0x20, 0x15, 0x6a, 0x20, 0x18, 0x20, 0x1c, 0x73, 0x41, 0x10, 0x77, 0x22, 0x18, 0x20, 0x19, 0x20, 0x1a, 0x6a,
  0x22, 0x19, 0x6a, 0x22, 0x1a, 0x20, 0x16, 0x73, 0x41, 0x14, 0x77, 0x22, 0x16, 0x6a, 0x22, 0x1c, 0x20, 0x18, 0x73, 0x41,
  0x18, 0x77, 0x22, 0x18, 0x73, 0x41, 0x10, 0x77, 0x22, 0x22, 0x20, 0x1b, 0x20, 0x0b, 0x6a, 0x20, 0x19, 0x20, 0x10, 0x73,
  0x41, 0x19, 0x77, 0x22, 0x10, 0x6a, 0x22, 0x19, 0x20, 0x01, 0x6a, 0x20, 0x19, 0x20, 0x17, 0x73, 0x41, 0x10, 0x77, 0x22,
  0x17, 0x20, 0x1e, 0x6a, 0x22, 0x19, 0x20, 0x10, 0x73, 0x41, 0x14, 0x77, 0x22, 0x10, 0x6a, 0x22, 0x1b, 0x20, 0x17, 0x73,
  0x41, 0x18, 0x77, 0x22, 0x17, 0x20, 0x19, 0x6a, 0x22, 0x19, 0x6a, 0x22, 0x1e, 0x20, 0x13, 0x73, 0x41, 0x14, 0x77, 0x22,
  0x13, 0x6a, 0x22, 0x23, 0x20, 0x09, 0x6a, 0x20, 0x1c, 0x20, 0x07, 0x6a, 0x20, 0x24, 0x20, 0x20, 0x73, 0x41, 0x18, 0x77,
  0x22, 0x1c, 0x20, 0x1d, 0x6a, 0x22, 0x1d, 0x20, 0x1f, 0x73, 0x41, 0x19, 0x77, 0x22, 0x1f, 0x6a, 0x22, 0x20, 0x20, 0x0d,
  0x6a, 0x20, 0x20, 0x20, 0x17, 0x73, 0x41, 0x10, 0x77, 0x22, 0x17, 0x20, 0x12, 0x6a, 0x22, 0x12, 0x20, 0x1f, 0x73, 0x41,
  0x14, 0x77, 0x22, 0x1f, 0x6a, 0x22, 0x20, 0x20, 0x17, 0x73, 0x41, 0x18, 0x77, 0x22, 0x17, 0x20, 0x12, 0x6a, 0x22, 0x12,
  0x20, 0x1f, 0x73, 0x41, 0x19, 0x77, 0x22, 0x1f, 0x6a, 0x22, 0x24, 0x20, 0x02, 0x6a, 0x20, 0x24, 0x20, 0x21, 0x20, 0x0f,
  0x6a, 0x20, 0x19, 0x20, 0x10, 0x73, 0x41, 0x19, 0x77, 0x22, 0x10, 0x6a, 0x22, 0x19, 0x20, 0x04, 0x6a, 0x20, 0x19, 0x20,
  0x1c, 0x73, 0x41, 0x10, 0x77, 0x22, 0x19, 0x20, 0x18, 0x20, 0x1a, 0x6a, 0x22, 0x18, 0x6a, 0x22, 0x1a, 0x20, 0x10, 0x73,
  0x41, 0x14, 0x77, 0x22, 0x10, 0x6a, 0x22, 0x1c, 0x20, 0x19, 0x73, 0x41, 0x18, 0x77, 0x22, 0x19, 0x73, 0x41, 0x10, 0x77,
  0x22, 0x21, 0x20, 0x1b, 0x20, 0x0e, 0x6a, 0x20, 0x18, 0x20, 0x16, 0x73, 0x41, 0x19, 0x77, 0x22, 0x16, 0x6a, 0x22, 0x18,
  0x20, 0x14, 0x6a, 0x20, 0x18, 0x20, 0x11, 0x73, 0x41, 0x10, 0x77, 0x22, 0x11, 0x20, 0x1d, 0x6a, 0x22, 0x18, 0x20, 0x16,
  0x73, 0x41, 0x14, 0x77, 0x22, 0x16, 0x6a, 0x22, 0x1b, 0x20, 0x11, 0x73, 0x41, 0x18, 0x77, 0x22, 0x11, 0x20, 0x18, 0x6a,
  0x22, 0x18, 0x6a, 0x22, 0x1d, 0x20, 0x1f, 0x73, 0x41, 0x14, 0x77, 0x22, 0x1f, 0x6a, 0x22, 0x24, 0x20, 0x0f, 0x6a, 0x20,
  0x1c, 0x20, 0x01, 0x6a, 0x20, 0x23, 0x20, 0x22, 0x73, 0x41, 0x18, 0x77, 0x22, 0x1c, 0x20, 0x1e, 0x6a, 0x22, 0x1e, 0x20,
  0x13, 0x73, 0x41, 0x19, 0x77, 0x22, 0x13, 0x6a, 0x22, 0x22, 0x20, 0x06, 0x6a, 0x20, 0x22, 0x20, 0x11, 0x73, 0x41, 0x10,
  0x77, 0x22, 0x11, 0x20, 0x12, 0x6a, 0x22, 0x12, 0x20, 0x13, 0x73, 0x41, 0x14, 0x77, 0x22, 0x13, 0x6a, 0x22, 0x22, 0x20,
  0x11, 0x73, 0x41, 0x18, 0x77, 0x22, 0x11, 0x20, 0x12, 0x6a, 0x22, 0x12, 0x20, 0x13, 0x73, 0x41, 0x19, 0x77, 0x22, 0x13,
  0x6a, 0x22, 0x23, 0x20, 0x08, 0x6a, 0x20, 0x23, 0x20, 0x20, 0x20, 0x0a, 0x6a, 0x20, 0x18, 0x20, 0x16, 0x73, 0x41, 0x19,
  0x77, 0x22, 0x16, 0x6a, 0x22, 0x18, 0x20, 0x0b, 0x6a, 0x20, 0x18, 0x20, 0x1c, 0x73, 0x41, 0x10, 0x77, 0x22, 0x18, 0x20,
  0x19, 0x20, 0x1a, 0x6a, 0x22, 0x19, 0x6a, 0x22, 0x1a, 0x20, 0x16, 0x73, 0x41, 0x14, 0x77, 0x22, 0x16, 0x6a, 0x22, 0x1c,
  0x20, 0x18, 0x73, 0x41, 0x18, 0x77, 0x22, 0x18, 0x73, 0x41, 0x10, 0x77, 0x22, 0x20, 0x20, 0x1b, 0x20, 0x0c, 0x6a, 0x20,
  0x19, 0x20, 0x10, 0x73, 0x41, 0x19, 0x77, 0x22, 0x10, 0x6a, 0x22, 0x19, 0x20, 0x04, 0x6a, 0x20, 0x19, 0x20, 0x17, 0x73,
  0x41, 0x10, 0x77, 0x22, 0x17, 0x20, 0x1e, 0x6a, 0x22, 0x19, 0x20, 0x10, 0x73, 0x41, 0x14, 0x77, 0x22, 0x10, 0x6a, 0x22,
  0x1b, 0x20, 0x17, 0x73, 0x41, 0x18, 0x77, 0x22, 0x17, 0x20, 0x19, 0x6a, 0x22, 0x19, 0x6a, 0x22, 0x1e, 0x20, 0x13, 0x73,
  0x41, 0x14, 0x77, 0x22, 0x13, 0x6a, 0x22, 0x23, 0x20, 0x02, 0x6a, 0x20, 0x1c, 0x20, 0x15, 0x6a, 0x20, 0x24, 0x20, 0x21,
  0x73, 0x41, 0x18, 0x77, 0x22, 0x1c, 0x20, 0x1d, 0x6a, 0x22, 0x1d, 0x20, 0x1f, 0x73, 0x41, 0x19, 0x77, 0x22, 0x1f, 0x6a,
  0x22, 0x21, 0x20, 0x05, 0x6a, 0x20, 0x21, 0x20, 0x17, 0x73, 0x41, 0x10, 0x77, 0x22, 0x17, 0x20, 0x12, 0x6a, 0x22, 0x12,
  0x20, 0x1f, 0x73, 0x41, 0x14, 0x77, 0x22, 0x1f, 0x6a, 0x22, 0x21, 0x20, 0x17, 0x73, 0x41, 0x18, 0x77, 0x22, 0x17, 0x20,
  0x12, 0x6a, 0x22, 0x12, 0x20, 0x1f, 0x73, 0x41, 0x19, 0x77, 0x22, 0x1f, 0x6a, 0x22, 0x24, 0x20, 0x0f, 0x6a, 0x20, 0x24,
  0x20, 0x22, 0x20, 0x0d, 0x6a, 0x20, 0x19, 0x20, 0x10, 0x73, 0x41, 0x19, 0x77, 0x22, 0x10, 0x6a, 0x22, 0x19, 0x20, 0x0e,
  0x6a, 0x20, 0x19, 0x20, 0x1c, 0x73, 0x41, 0x10, 0x77, 0x22, 0x19, 0x20, 0x18, 0x20, 0x1a, 0x6a, 0x22, 0x18, 0x6a, 0x22,
  0x1a, 0x20, 0x10, 0x73, 0x41, 0x14, 0x77, 0x22, 0x10, 0x6a, 0x22, 0x1c, 0x20, 0x19, 0x73, 0x41, 0x18, 0x77, 0x22, 0x19,
  0x73, 0x41, 0x10, 0x77, 0x22, 0x22, 0x20, 0x1b, 0x20, 0x14, 0x6a, 0x20, 0x18, 0x20, 0x16, 0x73, 0x41, 0x19, 0x77, 0x22,
  0x16, 0x6a, 0x22, 0x18, 0x20, 0x07, 0x6a, 0x20, 0x18, 0x20, 0x11, 0x73, 0x41, 0x10, 0x77, 0x22, 0x11, 0x20, 0x1d, 0x6a,
  0x22, 0x18, 0x20, 0x16, 0x73, 0x41, 0x14, 0x77, 0x22, 0x16, 0x6a, 0x22, 0x1b, 0x20, 0x11, 0x73, 0x41, 0x18, 0x77, 0x22,
  0x11, 0x20, 0x18, 0x6a, 0x22, 0x18, 0x6a, 0x22, 0x1d, 0x20, 0x1f, 0x73, 0x41, 0x14, 0x77, 0x22, 0x1f, 0x6a, 0x22, 0x24,
  0x20, 0x0d, 0x6a, 0x20, 0x1c, 0x20, 0x04, 0x6a, 0x20, 0x23, 0x20, 0x20, 0x73, 0x41, 0x18, 0x77, 0x22, 0x1c, 0x20, 0x1e,
  0x6a, 0x22, 0x1e, 0x20, 0x13, 0x73, 0x41, 0x19, 0x77, 0x22, 0x13, 0x6a, 0x22, 0x20, 0x20, 0x0a, 0x6a, 0x20, 0x20, 0x20,
  0x11, 0x73, 0x41, 0x10, 0x77, 0x22, 0x11, 0x20, 0x12, 0x6a, 0x22, 0x12, 0x20, 0x13, 0x73, 0x41, 0x14, 0x77, 0x22, 0x13,
  0x6a, 0x22, 0x20, 0x20, 0x11, 0x73, 0x41, 0x18, 0x77, 0x22, 0x11, 0x20, 0x12, 0x6a, 0x22, 0x12, 0x20, 0x13, 0x73, 0x41,
  0x19, 0x77, 0x22, 0x13, 0x6a, 0x22, 0x23, 0x20, 0x06, 0x6a, 0x20, 0x23, 0x20, 0x21, 0x20, 0x09, 0x6a, 0x20, 0x18, 0x20,
  0x16, 0x73, 0x41, 0x19, 0x77, 0x22, 0x16, 0x6a, 0x22, 0x18, 0x20, 0x0c, 0x6a, 0x20, 0x18, 0x20, 0x1c, 0x73, 0x41, 0x10,
  0x77, 0x22, 0x18, 0x20, 0x19, 0x20, 0x1a, 0x6a, 0x22, 0x19, 0x6a, 0x22, 0x1a, 0x20, 0x16, 0x73, 0x41, 0x14, 0x77, 0x22,
  0x16, 0x6a, 0x22, 0x1c, 0x20, 0x18, 0x73, 0x41, 0x18, 0x77, 0x22, 0x18, 0x73, 0x41, 0x10, 0x77, 0x22, 0x21, 0x20, 0x1b,
  0x20, 0x01, 0x6a, 0x20, 0x19, 0x20, 0x10, 0x73, 0x41, 0x19, 0x77, 0x22, 0x10, 0x6a, 0x22, 0x19, 0x20, 0x0e, 0x6a, 0x20,
  0x19, 0x20, 0x17, 0x73, 0x41, 0x10, 0x77, 0x22, 0x17, 0x20, 0x1e, 0x6a, 0x22, 0x19, 0x20, 0x10, 0x73, 0x41, 0x14, 0x77,
  0x22, 0x10, 0x6a, 0x22, 0x1b, 0x20, 0x17, 0x73, 0x41, 0x18, 0x77, 0x22, 0x17, 0x20, 0x19, 0x6a, 0x22, 0x19, 0x6a, 0x22,
  0x1e, 0x20, 0x13, 0x73, 0x41, 0x14, 0x77, 0x22, 0x13, 0x6a, 0x22, 0x23, 0x20, 0x0f, 0x6a, 0x20, 0x1c, 0x20, 0x0b, 0x6a,
  0x20, 0x24, 0x20, 0x22, 0x73, 0x41, 0x18, 0x77, 0x22, 0x0f, 0x20, 0x1d, 0x6a, 0x22, 0x1c, 0x20, 0x1f, 0x73, 0x41, 0x19,
  0x77, 0x22, 0x1d, 0x6a, 0x22, 0x1f, 0x20, 0x08, 0x6a, 0x20, 0x1f, 0x20, 0x17, 0x73, 0x41, 0x10, 0x77, 0x22, 0x17, 0x20,
  0x12, 0x6a, 0x22, 0x12, 0x20, 0x1d, 0x73, 0x41, 0x14, 0x77, 0x22, 0x1d, 0x6a, 0x22, 0x1f, 0x20, 0x17, 0x73, 0x41, 0x18,
  0x77, 0x22, 0x17, 0x20, 0x12, 0x6a, 0x22, 0x12, 0x20, 0x1d, 0x73, 0x41, 0x19, 0x77, 0x22, 0x1d, 0x6a, 0x22, 0x22, 0x20,
  0x0d, 0x6a, 0x20, 0x22, 0x20, 0x20, 0x20, 0x05, 0x6a, 0x20, 0x19, 0x20, 0x10, 0x73, 0x41, 0x19, 0x77, 0x22, 0x0d, 0x6a,
  0x22, 0x10, 0x20, 0x14, 0x6a, 0x20, 0x10, 0x20, 0x0f, 0x73, 0x41, 0x10, 0x77, 0x22, 0x0f, 0x20, 0x18, 0x20, 0x1a, 0x6a,
  0x22, 0x10, 0x6a, 0x22, 0x18, 0x20, 0x0d, 0x73, 0x41, 0x14, 0x77, 0x22, 0x0d, 0x6a, 0x22, 0x19, 0x20, 0x0f, 0x73, 0x41,
  0x18, 0x77, 0x22, 0x0f, 0x73, 0x41, 0x10, 0x77, 0x22, 0x1a, 0x20, 0x1b, 0x20, 0x07, 0x6a, 0x20, 0x10, 0x20, 0x16, 0x73,
  0x41, 0x19, 0x77, 0x22, 0x10, 0x6a, 0x22, 0x16, 0x20, 0x15, 0x6a, 0x20, 0x16, 0x20, 0x11, 0x73, 0x41, 0x10, 0x77, 0x22,
  0x11, 0x20, 0x1c, 0x6a, 0x22, 0x16, 0x20, 0x10, 0x73, 0x41, 0x14, 0x77, 0x22, 0x10, 0x6a, 0x22, 0x1b, 0x20, 0x11, 0x73,
  0x41, 0x18, 0x77, 0x22, 0x11, 0x20, 0x16, 0x6a, 0x22, 0x16, 0x6a, 0x22, 0x1c, 0x20, 0x1d, 0x73, 0x41, 0x14, 0x77, 0x22,
  0x1d, 0x6a, 0x22, 0x20, 0x20, 0x05, 0x6a, 0x20, 0x19, 0x20, 0x0e, 0x6a, 0x20, 0x23, 0x20, 0x21, 0x73, 0x41, 0x18, 0x77,
  0x22, 0x05, 0x20, 0x1e, 0x6a, 0x22, 0x0e, 0x20, 0x13, 0x73, 0x41, 0x19, 0x77, 0x22, 0x13, 0x6a, 0x22, 0x19, 0x20, 0x09,
  0x6a, 0x20, 0x19, 0x20, 0x11, 0x73, 0x41, 0x10, 0x77, 0x22, 0x09, 0x20, 0x12, 0x6a, 0x22, 0x11, 0x20, 0x13, 0x73, 0x41,
  0x14, 0x77, 0x22, 0x12, 0x6a, 0x22, 0x13, 0x20, 0x09, 0x73, 0x41, 0x18, 0x77, 0x22, 0x09, 0x20, 0x11, 0x6a, 0x22, 0x11,
  0x20, 0x12, 0x73, 0x41, 0x19, 0x77, 0x22, 0x12, 0x6a, 0x22, 0x19, 0x20, 0x0a, 0x6a, 0x20, 0x19, 0x20, 0x1f, 0x20, 0x02,
  0x6a, 0x20, 0x16, 0x20, 0x10, 0x73, 0x41, 0x19, 0x77, 0x22, 0x02, 0x6a, 0x22, 0x0a, 0x20, 0x01, 0x6a, 0x20, 0x0a, 0x20,
  0x05, 0x73, 0x41, 0x10, 0x77, 0x22, 0x01, 0x20, 0x0f, 0x20, 0x18, 0x6a, 0x22, 0x05, 0x6a, 0x22, 0x0f, 0x20, 0x02, 0x73,
  0x41, 0x14, 0x77, 0x22, 0x02, 0x6a, 0x22, 0x0a, 0x20, 0x01, 0x73, 0x41, 0x18, 0x77, 0x22, 0x01, 0x73, 0x41, 0x10, 0x77,
  0x22, 0x10, 0x20, 0x1b, 0x20, 0x04, 0x6a, 0x20, 0x05, 0x20, 0x0d, 0x73, 0x41, 0x19, 0x77, 0x22, 0x05, 0x6a, 0x22, 0x0d,
  0x20, 0x14, 0x6a, 0x20, 0x0d, 0x20, 0x17, 0x73, 0x41, 0x10, 0x77, 0x22, 0x0d, 0x20, 0x0e, 0x6a, 0x22, 0x0e, 0x20, 0x05,
  0x73, 0x41, 0x14, 0x77, 0x22, 0x05, 0x6a, 0x22, 0x14, 0x20, 0x0d, 0x73, 0x41, 0x18, 0x77, 0x22, 0x0d, 0x20, 0x0e, 0x6a,
  0x22, 0x0e, 0x6a, 0x22, 0x04, 0x20, 0x12, 0x73, 0x41, 0x14, 0x77, 0x22, 0x12, 0x6a, 0x22, 0x16, 0x20, 0x10, 0x73, 0x41,
  0x18, 0x77, 0x22, 0x10, 0x20, 0x04, 0x6a, 0x22, 0x04, 0x20, 0x14, 0x20, 0x15, 0x6a, 0x20, 0x01, 0x20, 0x0f, 0x6a, 0x22,
  0x01, 0x20, 0x02, 0x73, 0x41, 0x19, 0x77, 0x22, 0x0f, 0x6a, 0x22, 0x02, 0x20, 0x0b, 0x6a, 0x20, 0x02, 0x20, 0x09, 0x73,
  0x41, 0x10, 0x77, 0x22, 0x02, 0x20, 0x20, 0x20, 0x1a, 0x73, 0x41, 0x18, 0x77, 0x22, 0x14, 0x20, 0x1c, 0x6a, 0x22, 0x15,
  0x6a, 0x22, 0x09, 0x20, 0x0f, 0x73, 0x41, 0x14, 0x77, 0x22, 0x0f, 0x6a, 0x22, 0x0b, 0x73, 0x36, 0x02, 0x0c, 0x20, 0x00,
  0x20, 0x06, 0x20, 0x0a, 0x20, 0x0c, 0x6a, 0x20, 0x15, 0x20, 0x1d, 0x73, 0x41, 0x19, 0x77, 0x22, 0x15, 0x6a, 0x22, 0x0a,
  0x6a, 0x20, 0x0a, 0x20, 0x0d, 0x73, 0x41, 0x10, 0x77, 0x22, 0x06, 0x20, 0x11, 0x6a, 0x22, 0x0d, 0x20, 0x15, 0x73, 0x41,
  0x14, 0x77, 0x22, 0x15, 0x6a, 0x22, 0x0a, 0x20, 0x06, 0x73, 0x41, 0x18, 0x77, 0x22, 0x06, 0x20, 0x0d, 0x6a, 0x22, 0x0d,
  0x20, 0x07, 0x20, 0x13, 0x20, 0x08, 0x6a, 0x20, 0x0e, 0x20, 0x05, 0x73, 0x41, 0x19, 0x77, 0x22, 0x05, 0x6a, 0x22, 0x08,
  0x6a, 0x20, 0x08, 0x20, 0x14, 0x73, 0x41, 0x10, 0x77, 0x22, 0x08, 0x20, 0x01, 0x6a, 0x22, 0x01, 0x20, 0x05, 0x73, 0x41,
  0x14, 0x77, 0x22, 0x05, 0x6a, 0x22, 0x07, 0x73, 0x36, 0x02, 0x08, 0x20, 0x00, 0x20, 0x0b, 0x20, 0x02, 0x73, 0x41, 0x18,
  0x77, 0x22, 0x02, 0x20, 0x09, 0x6a, 0x22, 0x0e, 0x20, 0x16, 0x73, 0x36, 0x02, 0x04, 0x20, 0x00, 0x20, 0x07, 0x20, 0x08,
  0x73, 0x41, 0x18, 0x77, 0x22, 0x08, 0x20, 0x01, 0x6a, 0x22, 0x01, 0x20, 0x0a, 0x73, 0x36, 0x02, 0x00, 0x20, 0x00, 0x20,
  0x01, 0x20, 0x05, 0x73, 0x41, 0x19, 0x77, 0x20, 0x06, 0x73, 0x36, 0x02, 0x1c, 0x20, 0x00, 0x20, 0x04, 0x20, 0x12, 0x73,
  0x41, 0x19, 0x77, 0x20, 0x02, 0x73, 0x36, 0x02, 0x18, 0x20, 0x00, 0x20, 0x0d, 0x20, 0x15, 0x73, 0x41, 0x19, 0x77, 0x20,
  0x08, 0x73, 0x36, 0x02, 0x14, 0x20, 0x00, 0x20, 0x0e, 0x20, 0x0f, 0x73, 0x41, 0x19, 0x77, 0x20, 0x10, 0x73, 0x36, 0x02,
  0x10, 0x0b, 0xd6, 0x1e, 0x01, 0x0e, 0x7b, 0x20, 0x00, 0x20, 0x00, 0xfd, 0x00, 0x02, 0x10, 0x22, 0x05, 0x20, 0x00, 0xfd,
  0x00, 0x02, 0x00, 0xfd, 0xae, 0x01, 0x20, 0x01, 0xfd, 0x00, 0x00, 0x00, 0x22, 0x06, 0x20, 0x01, 0xfd, 0x00, 0x00, 0x10,
  0x22, 0x07, 0xfd, 0x0d, 0x00, 0x01, 0x02, 0x03, 0x08, 0x09, 0x0a, 0x0b, 0x10, 0x11, 0x12, 0x13, 0x18, 0x19, 0x1a, 0x1b,
  0xfd, 0xae, 0x01, 0x22, 0x08, 0x20, 0x03, 0xfd, 0x12, 0x20, 0x02, 0x41, 0xff, 0x01, 0x71, 0xfd, 0x1c, 0x02, 0x20, 0x04,
  0x41, 0xff, 0x01, 0x71, 0xfd, 0x1c, 0x03, 0xfd, 0x51, 0x20, 0x07, 0xfd, 0x0d, 0x02, 0x03, 0x00, 0x01, 0x06, 0x07, 0x04,
  0x05, 0x0a, 0x0b, 0x08, 0x09, 0x0e, 0x0f, 0x0c, 0x0d, 0x22, 0x09, 0xfd, 0x0c, 0x67, 0xe6, 0x09, 0x6a, 0x85, 0xae, 0x67,
  0xbb, 0x72, 0xf3, 0x6e, 0x3c, 0x3a, 0xf5, 0x4f, 0xa5, 0xfd, 0xae, 0x01, 0x22, 0x0a, 0x20, 0x08, 0x20, 0x06, 0x20, 0x07,
  0xfd, 0x0d, 0x04, 0x05, 0x06, 0x07, 0x0c, 0x0d, 0x0e, 0x0f, 0x14, 0x15, 0x16, 0x17, 0x1c, 0x1d, 0x1e, 0x1f, 0x22, 0x0b,
  0xfd, 0xae, 0x01, 0x20, 0x0a, 0x20, 0x05, 0xfd, 0x51, 0x22, 0x05, 0x41, 0x14, 0xfd, 0xab, 0x01, 0x20, 0x05, 0x41, 0x0c,
  0xfd, 0xad, 0x01, 0xfd, 0x50, 0x22, 0x05, 0xfd, 0xae, 0x01, 0x22, 0x08, 0x20, 0x09, 0xfd, 0x51, 0x20, 0x07, 0xfd, 0x0d,
  0x01, 0x02, 0x03, 0x00, 0x05, 0x06, 0x07, 0x04, 0x09, 0x0a, 0x0b, 0x08, 0x0d, 0x0e, 0x0f, 0x0c, 0x22, 0x09, 0xfd, 0xae,
  0x01, 0x22, 0x0a, 0x20, 0x07, 0xfd, 0x0d, 0x04, 0x05, 0x06, 0x07, 0x08, 0x09, 0x0a, 0x0b, 0x0c, 0x0d, 0x0e, 0x0f, 0x00,
  0x01, 0x02, 0x03, 0x20, 0x0a, 0x20, 0x05, 0xfd, 0x51, 0x22, 0x05, 0x41, 0x19, 0xfd, 0xab, 0x01, 0x20, 0x05, 0x41, 0x07,
  0xfd, 0xad, 0x01, 0xfd, 0x50, 0x22, 0x05, 0x20, 0x08, 0x20, 0x07, 0xfd, 0x0d, 0x0c, 0x0d, 0x0e, 0x0f, 0x00, 0x01, 0x02,
  0x03, 0x04, 0x05, 0x06, 0x07, 0x08, 0x09, 0x0a, 0x0b, 0x20, 0x01, 0xfd, 0x00, 0x00, 0x20, 0x22, 0x08, 0x20, 0x01, 0xfd,
  0x00, 0x00, 0x30, 0x22, 0x0c, 0xfd, 0x0d, 0x18, 0x19, 0x1a, 0x1b, 0x00, 0x01, 0x02, 0x03, 0x08, 0x09, 0x0a, 0x0b, 0x10,
  0x11, 0x12, 0x13, 0xfd, 0xae, 0x01, 0xfd, 0xae, 0x01, 0x22, 0x0a, 0x20, 0x09, 0x20, 0x07, 0xfd, 0x0d, 0x08, 0x09, 0x0a,
  0x0b, 0x0c, 0x0d, 0x0e, 0x0f, 0x00, 0x01, 0x02, 0x03, 0x04, 0x05, 0x06, 0x07, 0xfd, 0x51, 0x20, 0x07, 0xfd, 0x0d, 0x02,
  0x03, 0x00, 0x01, 0x06, 0x07, 0x04, 0x05, 0x0a, 0x0b, 0x08, 0x09, 0x0e, 0x0f, 0x0c, 0x0d, 0x22, 0x09, 0xfd, 0xae, 0x01,
  0x22, 0x0d, 0x20, 0x0a, 0x20, 0x0c, 0x20, 0x08, 0xfd, 0x0d, 0x0c, 0x0d, 0x0e, 0x0f, 0x14, 0x15, 0x16, 0x17, 0x1c, 0x1d,
  0x1e, 0x1f, 0x04, 0x05, 0x06, 0x07, 0x22, 0x0e, 0xfd, 0xae, 0x01, 0x20, 0x0d, 0x20, 0x05, 0xfd, 0x51, 0x22, 0x05, 0x41,
  0x14, 0xfd, 0xab, 0x01, 0x20, 0x05, 0x41, 0x0c, 0xfd, 0xad, 0x01, 0xfd, 0x50, 0x22, 0x05, 0xfd, 0xae, 0x01, 0x22, 0x0a,
  0x20, 0x09, 0xfd, 0x51, 0x20, 0x07, 0xfd, 0x0d, 0x01, 0x02, 0x03, 0x00, 0x05, 0x06, 0x07, 0x04, 0x09, 0x0a, 0x0b, 0x08,
  0x0d, 0x0e, 0x0f, 0x0c, 0x22, 0x09, 0xfd, 0xae, 0x01, 0x22, 0x0d, 0x20, 0x07, 0xfd, 0x0d, 0x0c, 0x0d, 0x0e, 0x0f, 0x00,
  0x01, 0x02, 0x03, 0x04, 0x05, 0x06, 0x07, 0x08, 0x09, 0x0a, 0x0b, 0x20, 0x0d, 0x20, 0x05, 0xfd, 0x51, 0x22, 0x05, 0x41,
  0x19, 0xfd, 0xab, 0x01, 0x20, 0x05, 0x41, 0x07, 0xfd, 0xad, 0x01, 0xfd, 0x50, 0x22, 0x0d, 0x20, 0x0a, 0x20, 0x07, 0xfd,
  0x0d, 0x04, 0x05, 0x06, 0x07, 0x08, 0x09, 0x0a, 0x0b, 0x0c, 0x0d, 0x0e, 0x0f, 0x00, 0x01, 0x02, 0x03, 0x20, 0x07, 0x20,
  0x06, 0xfd, 0x0d, 0x18, 0x19, 0x1a, 0x1b, 0x1c, 0x1d, 0x1e, 0x1f, 0x0c, 0x0d, 0x0e, 0x0f, 0x00, 0x01, 0x02, 0x03, 0xfd,
  0xae, 0x01, 0xfd, 0xae, 0x01, 0x22, 0x0a, 0x20, 0x09, 0x20, 0x07, 0xfd, 0x0d, 0x08, 0x09, 0x0a, 0x0b, 0x0c, 0x0d, 0x0e,
  0x0f, 0x00, 0x01, 0x02, 0x03, 0x04, 0x05, 0x06, 0x07, 0xfd, 0x51, 0x20, 0x07, 0xfd, 0x0d, 0x02, 0x03, 0x00, 0x01, 0x06,
  0x07, 0x04, 0x05, 0x0a, 0x0b, 0x08, 0x09, 0x0e, 0x0f, 0x0c, 0x0d, 0x22, 0x0f, 0xfd, 0xae, 0x01, 0x22, 0x10, 0x20, 0x0a,
  0x20, 0x08, 0x20, 0x0c, 0xfd, 0x0d, 0x08, 0x09, 0x0a, 0x0b, 0x08, 0x09, 0x0a, 0x0b, 0x14, 0x15, 0x16, 0x17, 0x14, 0x15,
  0x16, 0x17, 0x20, 0x07, 0x20, 0x06, 0xfd, 0x0d, 0x08, 0x09, 0x0a, 0x0b, 0x08, 0x09, 0x0a, 0x0b, 0x10, 0x11, 0x12, 0x13,
  0x10, 0x11, 0x12, 0x13, 0xfd, 0x0c, 0x00, 0x00, 0x00, 0x00, 0xff, 0xff, 0xff, 0xff, 0x00, 0x00, 0x00, 0x00, 0xff, 0xff,
  0xff, 0xff, 0x22, 0x09, 0xfd, 0x52, 0x22, 0x05, 0xfd, 0xae, 0x01, 0x20, 0x10, 0x20, 0x0d, 0xfd, 0x51, 0x22, 0x0a, 0x41,
  0x14, 0xfd, 0xab, 0x01, 0x20, 0x0a, 0x41, 0x0c, 0xfd, 0xad, 0x01, 0xfd, 0x50, 0x22, 0x10, 0xfd, 0xae, 0x01, 0x22, 0x0a,
  0x20, 0x0f, 0xfd, 0x51, 0x20, 0x07, 0xfd, 0x0d, 0x01, 0x02, 0x03, 0x00, 0x05, 0x06, 0x07, 0x04, 0x09, 0x0a, 0x0b, 0x08,
  0x0d, 0x0e, 0x0f, 0x0c, 0x22, 0x0f, 0xfd, 0xae, 0x01, 0x22, 0x11, 0x20, 0x07, 0xfd, 0x0d, 0x04, 0x05, 0x06, 0x07, 0x08,
  0x09, 0x0a, 0x0b, 0x0c, 0x0d, 0x0e, 0x0f, 0x00, 0x01, 0x02, 0x03, 0x20, 0x0a, 0x20, 0x07, 0xfd, 0x0d, 0x0c, 0x0d, 0x0e,
  0x0f, 0x00, 0x01, 0x02, 0x03, 0x04, 0x05, 0x06, 0x07, 0x08, 0x09, 0x0a, 0x0b, 0x20, 0x0c, 0x20, 0x08, 0xfd, 0x0d, 0x08,
  0x09, 0x0a, 0x0b, 0x10, 0x11, 0x12, 0x13, 0x18, 0x19, 0x1a, 0x1b, 0x00, 0x01, 0x02, 0x03, 0x22, 0x12, 0x20, 0x0e, 0x20,
  0x0b, 0xfd, 0x0d, 0x00, 0x01, 0x02, 0x03, 0x04, 0x05, 0x06, 0x07, 0x10, 0x11, 0x12, 0x13, 0x14, 0x15, 0x16, 0x17, 0xfd,
  0x0c, 0x00, 0x00, 0x00, 0x00, 0x00, 0x00, 0x00, 0x00, 0x00, 0x00, 0x00, 0x00, 0xff, 0xff, 0xff, 0xff, 0x22, 0x0a, 0xfd,
  0x52, 0x22, 0x0b, 0x20, 0x07, 0xfd, 0x0d, 0x00, 0x01, 0x02, 0x03, 0x08, 0x09, 0x0a, 0x0b, 0x0c, 0x0d, 0x0e, 0x0f, 0x04,
  0x05, 0x06, 0x07, 0x22, 0x0d, 0xfd, 0xae, 0x01, 0x20, 0x11, 0x20, 0x10, 0xfd, 0x51, 0x22, 0x0e, 0x41, 0x19, 0xfd, 0xab,
  0x01, 0x20, 0x0e, 0x41, 0x07, 0xfd, 0xad, 0x01, 0xfd, 0x50, 0x22, 0x0e, 0xfd, 0xae, 0x01, 0x22, 0x10, 0x20, 0x0f, 0x20,
  0x07, 0xfd, 0x0d, 0x08, 0x09, 0x0a, 0x0b, 0x0c, 0x0d, 0x0e, 0x0f, 0x00, 0x01, 0x02, 0x03, 0x04, 0x05, 0x06, 0x07, 0xfd,
  0x51, 0x20, 0x07, 0xfd, 0x0d, 0x02, 0x03, 0x00, 0x01, 0x06, 0x07, 0x04, 0x05, 0x0a, 0x0b, 0x08, 0x09, 0x0e, 0x0f, 0x0c,
  0x0d, 0x22, 0x0f, 0xfd, 0xae, 0x01, 0x22, 0x11, 0x20, 0x10, 0x20, 0x12, 0x20, 0x07, 0x20, 0x08, 0xfd, 0x0d, 0x04, 0x05,
  0x06, 0x07, 0x1c, 0x1d, 0x1e, 0x1f, 0x00, 0x01, 0x02, 0x03, 0x00, 0x01, 0x02, 0x03, 0xfd, 0x0d, 0x04, 0x05, 0x06, 0x07,
  0x14, 0x15, 0x16, 0x17, 0x10, 0x11, 0x12, 0x13, 0x00, 0x01, 0x02, 0x03, 0x22, 0x12, 0xfd, 0xae, 0x01, 0x20, 0x11, 0x20,
  0x0e, 0xfd, 0x51, 0x22, 0x08, 0x41, 0x14, 0xfd, 0xab, 0x01, 0x20, 0x08, 0x41, 0x0c, 0xfd, 0xad, 0x01, 0xfd, 0x50, 0x22,
  0x08, 0xfd, 0xae, 0x01, 0x22, 0x0e, 0x20, 0x0f, 0xfd, 0x51, 0x20, 0x07, 0xfd, 0x0d, 0x01, 0x02, 0x03, 0x00, 0x05, 0x06,
  0x07, 0x04, 0x09, 0x0a, 0x0b, 0x08, 0x0d, 0x0e, 0x0f, 0x0c, 0x22, 0x0f, 0xfd, 0xae, 0x01, 0x22, 0x10, 0x20, 0x07, 0xfd,
  0x0d, 0x0c, 0x0d, 0x0e, 0x0f, 0x00, 0x01, 0x02, 0x03, 0x04, 0x05, 0x06, 0x07, 0x08, 0x09, 0x0a, 0x0b, 0x20, 0x10, 0x20,
  0x08, 0xfd, 0x51, 0x22, 0x08, 0x41, 0x19, 0xfd, 0xab, 0x01, 0x20, 0x08, 0x41, 0x07, 0xfd, 0xad, 0x01, 0xfd, 0x50, 0x22,
  0x10, 0x20, 0x0e, 0x20, 0x07, 0xfd, 0x0d, 0x04, 0x05, 0x06, 0x07, 0x08, 0x09, 0x0a, 0x0b, 0x0c, 0x0d, 0x0e, 0x0f, 0x00,
  0x01, 0x02, 0x03, 0x20, 0x06, 0x20, 0x07, 0xfd, 0x0d, 0x00, 0x01, 0x02, 0x03, 0x0c, 0x0d, 0x0e, 0x0f, 0x1c, 0x1d, 0x1e,
  0x1f, 0x00, 0x01, 0x02, 0x03, 0x20, 0x05, 0xfd, 0x0d, 0x04, 0x05, 0x06, 0x07, 0x14, 0x15, 0x16, 0x17, 0x1c, 0x1d, 0x1e,
  0x1f, 0x08, 0x09, 0x0a, 0x0b, 0xfd, 0xae, 0x01, 0xfd, 0xae, 0x01, 0x22, 0x0e, 0x20, 0x0f, 0x20, 0x07, 0xfd, 0x0d, 0x08,
  0x09, 0x0a, 0x0b, 0x0c, 0x0d, 0x0e, 0x0f, 0x00, 0x01, 0x02, 0x03, 0x04, 0x05, 0x06, 0x07, 0xfd, 0x51, 0x20, 0x07, 0xfd,
  0x0d, 0x02, 0x03, 0x00, 0x01, 0x06, 0x07, 0x04, 0x05, 0x0a, 0x0b, 0x08, 0x09, 0x0e, 0x0f, 0x0c, 0x0d, 0x22, 0x0f, 0xfd,
  0xae, 0x01, 0x22, 0x11, 0x20, 0x0e, 0x20, 0x0b, 0x20, 0x0c, 0xfd, 0x0d, 0x0c, 0x0d, 0x0e, 0x0f, 0x0c, 0x0d, 0x0e, 0x0f,
  0x18, 0x19, 0x1a, 0x1b, 0x18, 0x19, 0x1a, 0x1b, 0x20, 0x07, 0x20, 0x06, 0xfd, 0x0d, 0x00, 0x01, 0x02, 0x03, 0x00, 0x01,
  0x02, 0x03, 0x18, 0x19, 0x1a, 0x1b, 0x18, 0x19, 0x1a, 0x1b, 0x20, 0x09, 0xfd, 0x52, 0x22, 0x08, 0xfd, 0xae, 0x01, 0x20,
  0x11, 0x20, 0x10, 0xfd, 0x51, 0x22, 0x0c, 0x41, 0x14, 0xfd, 0xab, 0x01, 0x20, 0x0c, 0x41, 0x0c, 0xfd, 0xad, 0x01, 0xfd,
  0x50, 0x22, 0x10, 0xfd, 0xae, 0x01, 0x22, 0x0c, 0x20, 0x0f, 0xfd, 0x51, 0x20, 0x07, 0xfd, 0x0d, 0x01, 0x02, 0x03, 0x00,
  0x05, 0x06, 0x07, 0x04, 0x09, 0x0a, 0x0b, 0x08, 0x0d, 0x0e, 0x0f, 0x0c, 0x22, 0x0f, 0xfd, 0xae, 0x01, 0x22, 0x11, 0x20,
  0x07, 0xfd, 0x0d, 0x04, 0x05, 0x06, 0x07, 0x08, 0x09, 0x0a, 0x0b, 0x0c, 0x0d, 0x0e, 0x0f, 0x00, 0x01, 0x02, 0x03, 0x20,
  0x0c, 0x20, 0x07, 0xfd, 0x0d, 0x0c, 0x0d, 0x0e, 0x0f, 0x00, 0x01, 0x02, 0x03, 0x04, 0x05, 0x06, 0x07, 0x08, 0x09, 0x0a,
  0x0b, 0x20, 0x0d, 0x20, 0x12, 0x20, 0x05, 0xfd, 0x0d, 0x00, 0x01, 0x02, 0x03, 0x04, 0x05, 0x06, 0x07, 0x10, 0x11, 0x12,
  0x13, 0x14, 0x15, 0x16, 0x17, 0x20, 0x0a, 0xfd, 0x52, 0x22, 0x0c, 0x20, 0x07, 0xfd, 0x0d, 0x00, 0x01, 0x02, 0x03, 0x08,
  0x09, 0x0a, 0x0b, 0x0c, 0x0d, 0x0e, 0x0f, 0x04, 0x05, 0x06, 0x07, 0x22, 0x0e, 0xfd, 0xae, 0x01, 0x20, 0x11, 0x20, 0x10,
  0xfd, 0x51, 0x22, 0x10, 0x41, 0x19, 0xfd, 0xab, 0x01, 0x20, 0x10, 0x41, 0x07, 0xfd, 0xad, 0x01, 0xfd, 0x50, 0x22, 0x10,
  0xfd, 0xae, 0x01, 0x22, 0x11, 0x20, 0x0f, 0x20, 0x07, 0xfd, 0x0d, 0x08, 0x09, 0x0a, 0x0b, 0x0c, 0x0d, 0x0e, 0x0f, 0x00,
  0x01, 0x02, 0x03, 0x04, 0x05, 0x06, 0x07, 0xfd, 0x51, 0x20, 0x07, 0xfd, 0x0d, 0x02, 0x03, 0x00, 0x01, 0x06, 0x07, 0x04,
  0x05, 0x0a, 0x0b, 0x08, 0x09, 0x0e, 0x0f, 0x0c, 0x0d, 0x22, 0x0f, 0xfd, 0xae, 0x01, 0x22, 0x12, 0x20, 0x11, 0x20, 0x0d,
  0x20, 0x05, 0x20, 0x07, 0xfd, 0x0d, 0x08, 0x09, 0x0a, 0x0b, 0x14, 0x15, 0x16, 0x17, 0x00, 0x01, 0x02, 0x03, 0x00, 0x01,
  0x02, 0x03, 0xfd, 0x0d, 0x04, 0x05, 0x06, 0x07, 0x14, 0x15, 0x16, 0x17, 0x10, 0x11, 0x12, 0x13, 0x00, 0x01, 0x02, 0x03,
  0x22, 0x0d, 0xfd, 0xae, 0x01, 0x20, 0x12, 0x20, 0x10, 0xfd, 0x51, 0x22, 0x10, 0x41, 0x14, 0xfd, 0xab, 0x01, 0x20, 0x10,
  0x41, 0x0c, 0xfd, 0xad, 0x01, 0xfd, 0x50, 0x22, 0x10, 0xfd, 0xae, 0x01, 0x22, 0x11, 0x20, 0x0f, 0xfd, 0x51, 0x20, 0x07,
  0xfd, 0x0d, 0x01, 0x02, 0x03, 0x00, 0x05, 0x06, 0x07, 0x04, 0x09, 0x0a, 0x0b, 0x08, 0x0d, 0x0e, 0x0f, 0x0c, 0x22, 0x0f,
  0xfd, 0xae, 0x01, 0x22, 0x12, 0x20, 0x07, 0xfd, 0x0d, 0x0c, 0x0d, 0x0e, 0x0f, 0x00, 0x01, 0x02, 0x03, 0x04, 0x05, 0x06,
  0x07, 0x08, 0x09, 0x0a, 0x0b, 0x20, 0x12, 0x20, 0x10, 0xfd, 0x51, 0x22, 0x10, 0x41, 0x19, 0xfd, 0xab, 0x01, 0x20, 0x10,
  0x41, 0x07, 0xfd, 0xad, 0x01, 0xfd, 0x50, 0x22, 0x10, 0x20, 0x11, 0x20, 0x07, 0xfd, 0x0d, 0x04, 0x05, 0x06, 0x07, 0x08,
  0x09, 0x0a, 0x0b, 0x0c, 0x0d, 0x0e, 0x0f, 0x00, 0x01, 0x02, 0x03, 0x20, 0x05, 0x20, 0x08, 0xfd, 0x0d, 0x04, 0x05, 0x06,
  0x07, 0x14, 0x15, 0x16, 0x17, 0x1c, 0x1d, 0x1e, 0x1f, 0x0c, 0x0d, 0x0e, 0x0f, 0xfd, 0xae, 0x01, 0xfd, 0xae, 0x01, 0x22,
  0x11, 0x20, 0x0f, 0x20, 0x07, 0xfd, 0x0d, 0x08, 0x09, 0x0a, 0x0b, 0x0c, 0x0d, 0x0e, 0x0f, 0x00, 0x01, 0x02, 0x03, 0x04,
  0x05, 0x06, 0x07, 0xfd, 0x51, 0x20, 0x07, 0xfd, 0x0d, 0x02, 0x03, 0x00, 0x01, 0x06, 0x07, 0x04, 0x05, 0x0a, 0x0b, 0x08,
  0x09, 0x0e, 0x0f, 0x0c, 0x0d, 0x22, 0x0f, 0xfd, 0xae, 0x01, 0x22, 0x12, 0x20, 0x11, 0x20, 0x0c, 0x20, 0x0b, 0xfd, 0x0d,
  0x0c, 0x0d, 0x0e, 0x0f, 0x0c, 0x0d, 0x0e, 0x0f, 0x10, 0x11, 0x12, 0x13, 0x10, 0x11, 0x12, 0x13, 0x20, 0x07, 0x20, 0x06,
  0xfd, 0x0d, 0x0c, 0x0d, 0x0e, 0x0f, 0x0c, 0x0d, 0x0e, 0x0f, 0x1c, 0x1d, 0x1e, 0x1f, 0x1c, 0x1d, 0x1e, 0x1f, 0x20, 0x09,
  0xfd, 0x52, 0x22, 0x07, 0xfd, 0xae, 0x01, 0x20, 0x12, 0x20, 0x10, 0xfd, 0x51, 0x22, 0x06, 0x41, 0x14, 0xfd, 0xab, 0x01,
  0x20, 0x06, 0x41, 0x0c, 0xfd, 0xad, 0x01, 0xfd, 0x50, 0x22, 0x06, 0xfd, 0xae, 0x01, 0x22, 0x0b, 0x20, 0x0f, 0xfd, 0x51,
  0x20, 0x07, 0xfd, 0x0d, 0x01, 0x02, 0x03, 0x00, 0x05, 0x06, 0x07, 0x04, 0x09, 0x0a, 0x0b, 0x08, 0x0d, 0x0e, 0x0f, 0x0c,
  0x22, 0x0f, 0xfd, 0xae, 0x01, 0x22, 0x10, 0x20, 0x07, 0xfd, 0x0d, 0x04, 0x05, 0x06, 0x07, 0x08, 0x09, 0x0a, 0x0b, 0x0c,
  0x0d, 0x0e, 0x0f, 0x00, 0x01, 0x02, 0x03, 0x20, 0x0b, 0x20, 0x07, 0xfd, 0x0d, 0x0c, 0x0d, 0x0e, 0x0f, 0x00, 0x01, 0x02,
  0x03, 0x04, 0x05, 0x06, 0x07, 0x08, 0x09, 0x0a, 0x0b, 0x20, 0x0e, 0x20, 0x0d, 0x20, 0x08, 0xfd, 0x0d, 0x00, 0x01, 0x02,
  0x03, 0x04, 0x05, 0x06, 0x07, 0x10, 0x11, 0x12, 0x13, 0x14, 0x15, 0x16, 0x17, 0x20, 0x0a, 0xfd, 0x52, 0x22, 0x0b, 0x20,
  0x07, 0xfd, 0x0d, 0x00, 0x01, 0x02, 0x03, 0x08, 0x09, 0x0a, 0x0b, 0x0c, 0x0d, 0x0e, 0x0f, 0x04, 0x05, 0x06, 0x07, 0x22,
  0x0d, 0xfd, 0xae, 0x01, 0x20, 0x10, 0x20, 0x06, 0xfd, 0x51, 0x22, 0x06, 0x41, 0x19, 0xfd, 0xab, 0x01, 0x20, 0x06, 0x41,
  0x07, 0xfd, 0xad, 0x01, 0xfd, 0x50, 0x22, 0x06, 0xfd, 0xae, 0x01, 0x22, 0x10, 0x20, 0x0f, 0x20, 0x07, 0xfd, 0x0d, 0x08,
  0x09, 0x0a, 0x0b, 0x0c, 0x0d, 0x0e, 0x0f, 0x00, 0x01, 0x02, 0x03, 0x04, 0x05, 0x06, 0x07, 0xfd, 0x51, 0x20, 0x07, 0xfd,
  0x0d, 0x02, 0x03, 0x00, 0x01, 0x06, 0x07, 0x04, 0x05, 0x0a, 0x0b, 0x08, 0x09, 0x0e, 0x0f, 0x0c, 0x0d, 0x22, 0x0f, 0xfd,
  0xae, 0x01, 0x22, 0x11, 0x20, 0x10, 0x20, 0x0e, 0x20, 0x08, 0x20, 0x05, 0xfd, 0x0d, 0x08, 0x09, 0x0a, 0x0b, 0x18, 0x19,
  0x1a, 0x1b, 0x00, 0x01, 0x02, 0x03, 0x00, 0x01, 0x02, 0x03, 0xfd, 0x0d, 0x04, 0x05, 0x06, 0x07, 0x14, 0x15, 0x16, 0x17,
  0x10, 0x11, 0x12, 0x13, 0x00, 0x01, 0x02, 0x03, 0x22, 0x0e, 0xfd, 0xae, 0x01, 0x20, 0x11, 0x20, 0x06, 0xfd, 0x51, 0x22,
  0x06, 0x41, 0x14, 0xfd, 0xab, 0x01, 0x20, 0x06, 0x41, 0x0c, 0xfd, 0xad, 0x01, 0xfd, 0x50, 0x22, 0x06, 0xfd, 0xae, 0x01,
  0x22, 0x10, 0x20, 0x0f, 0xfd, 0x51, 0x20, 0x07, 0xfd, 0x0d, 0x01, 0x02, 0x03, 0x00, 0x05, 0x06, 0x07, 0x04, 0x09, 0x0a,
  0x0b, 0x08, 0x0d, 0x0e, 0x0f, 0x0c, 0x22, 0x0f, 0xfd, 0xae, 0x01, 0x22, 0x11, 0x20, 0x07, 0xfd, 0x0d, 0x0c, 0x0d, 0x0e,
  0x0f, 0x00, 0x01, 0x02, 0x03, 0x04, 0x05, 0x06, 0x07, 0x08, 0x09, 0x0a, 0x0b, 0x20, 0x11, 0x20, 0x06, 0xfd, 0x51, 0x22,
  0x06, 0x41, 0x19, 0xfd, 0xab, 0x01, 0x20, 0x06, 0x41, 0x07, 0xfd, 0xad, 0x01, 0xfd, 0x50, 0x22, 0x11, 0x20, 0x10, 0x20,
  0x07, 0xfd, 0x0d, 0x04, 0x05, 0x06, 0x07, 0x08, 0x09, 0x0a, 0x0b, 0x0c, 0x0d, 0x0e, 0x0f, 0x00, 0x01, 0x02, 0x03, 0x20,
  0x08, 0x20, 0x07, 0xfd, 0x0d, 0x04, 0x05, 0x06, 0x07, 0x14, 0x15, 0x16, 0x17, 0x1c, 0x1d, 0x1e, 0x1f, 0x0c, 0x0d, 0x0e,
  0x0f, 0xfd, 0xae, 0x01, 0xfd, 0xae, 0x01, 0x22, 0x10, 0x20, 0x0f, 0x20, 0x07, 0xfd, 0x0d, 0x08, 0x09, 0x0a, 0x0b, 0x0c,
  0x0d, 0x0e, 0x0f, 0x00, 0x01, 0x02, 0x03, 0x04, 0x05, 0x06, 0x07, 0xfd, 0x51, 0x20, 0x07, 0xfd, 0x0d, 0x02, 0x03, 0x00,
  0x01, 0x06, 0x07, 0x04, 0x05, 0x0a, 0x0b, 0x08, 0x09, 0x0e, 0x0f, 0x0c, 0x0d, 0x22, 0x0f, 0xfd, 0xae, 0x01, 0x22, 0x12,
  0x20, 0x10, 0x20, 0x0b, 0x20, 0x0c, 0xfd, 0x0d, 0x0c, 0x0d, 0x0e, 0x0f, 0x0c, 0x0d, 0x0e, 0x0f, 0x10, 0x11, 0x12, 0x13,
  0x10, 0x11, 0x12, 0x13, 0x20, 0x05, 0x20, 0x07, 0xfd, 0x0d, 0x0c, 0x0d, 0x0e, 0x0f, 0x0c, 0x0d, 0x0e, 0x0f, 0x04, 0x05,
  0x06, 0x07, 0x04, 0x05, 0x06, 0x07, 0x20, 0x09, 0xfd, 0x52, 0x22, 0x06, 0xfd, 0xae, 0x01, 0x20, 0x12, 0x20, 0x11, 0xfd,
  0x51, 0x22, 0x05, 0x41, 0x14, 0xfd, 0xab, 0x01, 0x20, 0x05, 0x41, 0x0c, 0xfd, 0xad, 0x01, 0xfd, 0x50, 0x22, 0x05, 0xfd,
  0xae, 0x01, 0x22, 0x0c, 0x20, 0x0f, 0xfd, 0x51, 0x20, 0x07, 0xfd, 0x0d, 0x01, 0x02, 0x03, 0x00, 0x05, 0x06, 0x07, 0x04,
  0x09, 0x0a, 0x0b, 0x08, 0x0d, 0x0e, 0x0f, 0x0c, 0x22, 0x0f, 0xfd, 0xae, 0x01, 0x22, 0x10, 0x20, 0x07, 0xfd, 0x0d, 0x04,
  0x05, 0x06, 0x07, 0x08, 0x09, 0x0a, 0x0b, 0x0c, 0x0d, 0x0e, 0x0f, 0x00, 0x01, 0x02, 0x03, 0x20, 0x0c, 0x20, 0x07, 0xfd,
  0x0d, 0x0c, 0x0d, 0x0e, 0x0f, 0x00, 0x01, 0x02, 0x03, 0x04, 0x05, 0x06, 0x07, 0x08, 0x09, 0x0a, 0x0b, 0x20, 0x0d, 0x20,
  0x0e, 0x20, 0x07, 0xfd, 0x0d, 0x00, 0x01, 0x02, 0x03, 0x04, 0x05, 0x06, 0x07, 0x10, 0x11, 0x12, 0x13, 0x14, 0x15, 0x16,
  0x17, 0x20, 0x0a, 0xfd, 0x52, 0x22, 0x0c, 0x20, 0x07, 0xfd, 0x0d, 0x00, 0x01, 0x02, 0x03, 0x08, 0x09, 0x0a, 0x0b, 0x0c,
  0x0d, 0x0e, 0x0f, 0x04, 0x05, 0x06, 0x07, 0x22, 0x0e, 0xfd, 0xae, 0x01, 0x20, 0x10, 0x20, 0x05, 0xfd, 0x51, 0x22, 0x05,
  0x41, 0x19, 0xfd, 0xab, 0x01, 0x20, 0x05, 0x41, 0x07, 0xfd, 0xad, 0x01, 0xfd, 0x50, 0x22, 0x05, 0xfd, 0xae, 0x01, 0x22,
  0x10, 0x20, 0x0f, 0x20, 0x07, 0xfd, 0x0d, 0x08, 0x09, 0x0a, 0x0b, 0x0c, 0x0d, 0x0e, 0x0f, 0x00, 0x01, 0x02, 0x03, 0x04,
  0x05, 0x06, 0x07, 0xfd, 0x51, 0x20, 0x07, 0xfd, 0x0d, 0x02, 0x03, 0x00, 0x01, 0x06, 0x07, 0x04, 0x05, 0x0a, 0x0b, 0x08,
  0x09, 0x0e, 0x0f, 0x0c, 0x0d, 0x22, 0x0f, 0xfd, 0xae, 0x01, 0x22, 0x11, 0x20, 0x10, 0x20, 0x0d, 0x20, 0x07, 0x20, 0x08,
  0xfd, 0x0d, 0x08, 0x09, 0x0a, 0x0b, 0x18, 0x19, 0x1a, 0x1b, 0x00, 0x01, 0x02, 0x03, 0x00, 0x01, 0x02, 0x03, 0xfd, 0x0d,
  0x04, 0x05, 0x06, 0x07, 0x14, 0x15, 0x16, 0x17, 0x10, 0x11, 0x12, 0x13, 0x00, 0x01, 0x02, 0x03, 0x22, 0x0d, 0xfd, 0xae,
  0x01, 0x20, 0x11, 0x20, 0x05, 0xfd, 0x51, 0x22, 0x05, 0x41, 0x14, 0xfd, 0xab, 0x01, 0x20, 0x05, 0x41, 0x0c, 0xfd, 0xad,
  0x01, 0xfd, 0x50, 0x22, 0x05, 0xfd, 0xae, 0x01, 0x22, 0x10, 0x20, 0x0f, 0xfd, 0x51, 0x20, 0x07, 0xfd, 0x0d, 0x01, 0x02,
  0x03, 0x00, 0x05, 0x06, 0x07, 0x04, 0x09, 0x0a, 0x0b, 0x08, 0x0d, 0x0e, 0x0f, 0x0c, 0x22, 0x0f, 0xfd, 0xae, 0x01, 0x22,
  0x11, 0x20, 0x07, 0xfd, 0x0d, 0x0c, 0x0d, 0x0e, 0x0f, 0x00, 0x01, 0x02, 0x03, 0x04, 0x05, 0x06, 0x07, 0x08, 0x09, 0x0a,
  0x0b, 0x20, 0x11, 0x20, 0x05, 0xfd, 0x51, 0x22, 0x05, 0x41, 0x19, 0xfd, 0xab, 0x01, 0x20, 0x05, 0x41, 0x07, 0xfd, 0xad,
  0x01, 0xfd, 0x50, 0x22, 0x11, 0x20, 0x10, 0x20, 0x07, 0xfd, 0x0d, 0x04, 0x05, 0x06, 0x07, 0x08, 0x09, 0x0a, 0x0b, 0x0c,
  0x0d, 0x0e, 0x0f, 0x00, 0x01, 0x02, 0x03, 0x20, 0x07, 0x20, 0x06, 0xfd, 0x0d, 0x04, 0x05, 0x06, 0x07, 0x14, 0x15, 0x16,
  0x17, 0x1c, 0x1d, 0x1e, 0x1f, 0x0c, 0x0d, 0x0e, 0x0f, 0xfd, 0xae, 0x01, 0xfd, 0xae, 0x01, 0x22, 0x10, 0x20, 0x0f, 0x20,
  0x07, 0xfd, 0x0d, 0x08, 0x09, 0x0a, 0x0b, 0x0c, 0x0d, 0x0e, 0x0f, 0x00, 0x01, 0x02, 0x03, 0x04, 0x05, 0x06, 0x07, 0xfd,
  0x51, 0x20, 0x07, 0xfd, 0x0d, 0x02, 0x03, 0x00, 0x01, 0x06, 0x07, 0x04, 0x05, 0x0a, 0x0b, 0x08, 0x09, 0x0e, 0x0f, 0x0c,
  0x0d, 0x22, 0x0f, 0xfd, 0xae, 0x01, 0x22, 0x12, 0x20, 0x10, 0x20, 0x0c, 0x20, 0x0b, 0xfd, 0x0d, 0x0c, 0x0d, 0x0e, 0x0f,
  0x0c, 0x0d, 0x0e, 0x0f, 0x10, 0x11, 0x12, 0x13, 0x10, 0x11, 0x12, 0x13, 0x20, 0x08, 0x20, 0x07, 0xfd, 0x0d, 0x0c, 0x0d,
  0x0e, 0x0f, 0x0c, 0x0d, 0x0e, 0x0f, 0x04, 0x05, 0x06, 0x07, 0x04, 0x05, 0x06, 0x07, 0x20, 0x09, 0xfd, 0x52, 0x22, 0x05,
  0xfd, 0xae, 0x01, 0x20, 0x12, 0x20, 0x11, 0xfd, 0x51, 0x22, 0x08, 0x41, 0x14, 0xfd, 0xab, 0x01, 0x20, 0x08, 0x41, 0x0c,
  0xfd, 0xad, 0x01, 0xfd, 0x50, 0x22, 0x0b, 0xfd, 0xae, 0x01, 0x22, 0x08, 0x20, 0x0f, 0xfd, 0x51, 0x20, 0x07, 0xfd, 0x0d,
  0x01, 0x02, 0x03, 0x00, 0x05, 0x06, 0x07, 0x04, 0x09, 0x0a, 0x0b, 0x08, 0x0d, 0x0e, 0x0f, 0x0c, 0x22, 0x0f, 0xfd, 0xae,
  0x01, 0x22, 0x10, 0x20, 0x07, 0xfd, 0x0d, 0x04, 0x05, 0x06, 0x07, 0x08, 0x09, 0x0a, 0x0b, 0x0c, 0x0d, 0x0e, 0x0f, 0x00,
  0x01, 0x02, 0x03, 0x20, 0x08, 0x20, 0x07, 0xfd, 0x0d, 0x0c, 0x0d, 0x0e, 0x0f, 0x00, 0x01, 0x02, 0x03, 0x04, 0x05, 0x06,
  0x07, 0x08, 0x09, 0x0a, 0x0b, 0x20, 0x0e, 0x20, 0x0d, 0x20, 0x06, 0xfd, 0x0d, 0x00, 0x01, 0x02, 0x03, 0x04, 0x05, 0x06,
  0x07, 0x10, 0x11, 0x12, 0x13, 0x14, 0x15, 0x16, 0x17, 0x20, 0x0a, 0xfd, 0x52, 0x22, 0x0d, 0x20, 0x07, 0xfd, 0x0d, 0x00,
  0x01, 0x02, 0x03, 0x08, 0x09, 0x0a, 0x0b, 0x0c, 0x0d, 0x0e, 0x0f, 0x04, 0x05, 0x06, 0x07, 0x22, 0x08, 0xfd, 0xae, 0x01,
  0x20, 0x10, 0x20, 0x0b, 0xfd, 0x51, 0x22, 0x0b, 0x41, 0x19, 0xfd, 0xab, 0x01, 0x20, 0x0b, 0x41, 0x07, 0xfd, 0xad, 0x01,
  0xfd, 0x50, 0x22, 0x0b, 0xfd, 0xae, 0x01, 0x22, 0x10, 0x20, 0x0f, 0x20, 0x07, 0xfd, 0x0d, 0x08, 0x09, 0x0a, 0x0b, 0x0c,
  0x0d, 0x0e, 0x0f, 0x00, 0x01, 0x02, 0x03, 0x04, 0x05, 0x06, 0x07, 0xfd, 0x51, 0x20, 0x07, 0xfd, 0x0d, 0x02, 0x03, 0x00,
  0x01, 0x06, 0x07, 0x04, 0x05, 0x0a, 0x0b, 0x08, 0x09, 0x0e, 0x0f, 0x0c, 0x0d, 0x22, 0x0f, 0xfd, 0xae, 0x01, 0x22, 0x11,
  0x20, 0x10, 0x20, 0x0e, 0x20, 0x06, 0x20, 0x07, 0xfd, 0x0d, 0x08, 0x09, 0x0a, 0x0b, 0x18, 0x19, 0x1a, 0x1b, 0x00, 0x01,
  0x02, 0x03, 0x00, 0x01, 0x02, 0x03, 0xfd, 0x0d, 0x04, 0x05, 0x06, 0x07, 0x14, 0x15, 0x16, 0x17, 0x10, 0x11, 0x12, 0x13,
  0x00, 0x01, 0x02, 0x03, 0x22, 0x0e, 0xfd, 0xae, 0x01, 0x20, 0x11, 0x20, 0x0b, 0xfd, 0x51, 0x22, 0x0b, 0x41, 0x14, 0xfd,
  0xab, 0x01, 0x20, 0x0b, 0x41, 0x0c, 0xfd, 0xad, 0x01, 0xfd, 0x50, 0x22, 0x0b, 0xfd, 0xae, 0x01, 0x22, 0x10, 0x20, 0x0f,
  0xfd, 0x51, 0x20, 0x07, 0xfd, 0x0d, 0x01, 0x02, 0x03, 0x00, 0x05, 0x06, 0x07, 0x04, 0x09, 0x0a, 0x0b, 0x08, 0x0d, 0x0e,
  0x0f, 0x0c, 0x22, 0x0f, 0xfd, 0xae, 0x01, 0x22, 0x11, 0x20, 0x07, 0xfd, 0x0d, 0x0c, 0x0d, 0x0e, 0x0f, 0x00, 0x01, 0x02,
  0x03, 0x04, 0x05, 0x06, 0x07, 0x08, 0x09, 0x0a, 0x0b, 0x20, 0x11, 0x20, 0x0b, 0xfd, 0x51, 0x22, 0x0b, 0x41, 0x19, 0xfd,
  0xab, 0x01, 0x20, 0x0b, 0x41, 0x07, 0xfd, 0xad, 0x01, 0xfd, 0x50, 0x22, 0x0b, 0x20, 0x10, 0x20, 0x07, 0xfd, 0x0d, 0x04,
  0x05, 0x06, 0x07, 0x08, 0x09, 0x0a, 0x0b, 0x0c, 0x0d, 0x0e, 0x0f, 0x00, 0x01, 0x02, 0x03, 0x20, 0x06, 0x20, 0x05, 0xfd,
  0x0d, 0x04, 0x05, 0x06, 0x07, 0x14, 0x15, 0x16, 0x17, 0x1c, 0x1d, 0x1e, 0x1f, 0x0c, 0x0d, 0x0e, 0x0f, 0xfd, 0xae, 0x01,
  0xfd, 0xae, 0x01, 0x22, 0x10, 0x20, 0x0f, 0x20, 0x07, 0xfd, 0x0d, 0x08, 0x09, 0x0a, 0x0b, 0x0c, 0x0d, 0x0e, 0x0f, 0x00,
  0x01, 0x02, 0x03, 0x04, 0x05, 0x06, 0x07, 0xfd, 0x51, 0x20, 0x07, 0xfd, 0x0d, 0x02, 0x03, 0x00, 0x01, 0x06, 0x07, 0x04,
  0x05, 0x0a, 0x0b, 0x08, 0x09, 0x0e, 0x0f, 0x0c, 0x0d, 0x22, 0x0f, 0xfd, 0xae, 0x01, 0x22, 0x11, 0x20, 0x10, 0x20, 0x0d,
  0x20, 0x0c, 0xfd, 0x0d, 0x0c, 0x0d, 0x0e, 0x0f, 0x0c, 0x0d, 0x0e, 0x0f, 0x10, 0x11, 0x12, 0x13, 0x10, 0x11, 0x12, 0x13,
  0x20, 0x07, 0x20, 0x07, 0xfd, 0x0d, 0x0c, 0x0d, 0x0e, 0x0f, 0x0c, 0x0d, 0x0e, 0x0f, 0x04, 0x05, 0x06, 0x07, 0x04, 0x05,
  0x06, 0x07, 0x20, 0x09, 0xfd, 0x52, 0xfd, 0xae, 0x01, 0x20, 0x11, 0x20, 0x0b, 0xfd, 0x51, 0x22, 0x07, 0x41, 0x14, 0xfd,
  0xab, 0x01, 0x20, 0x07, 0x41, 0x0c, 0xfd, 0xad, 0x01, 0xfd, 0x50, 0x22, 0x07, 0xfd, 0xae, 0x01, 0x22, 0x09, 0x20, 0x0f,
  0xfd, 0x51, 0x20, 0x07, 0xfd, 0x0d, 0x01, 0x02, 0x03, 0x00, 0x05, 0x06, 0x07, 0x04, 0x09, 0x0a, 0x0b, 0x08, 0x0d, 0x0e,
  0x0f, 0x0c, 0x22, 0x0c, 0xfd, 0xae, 0x01, 0x22, 0x0b, 0x20, 0x07, 0xfd, 0x0d, 0x04, 0x05, 0x06, 0x07, 0x08, 0x09, 0x0a,
  0x0b, 0x0c, 0x0d, 0x0e, 0x0f, 0x00, 0x01, 0x02, 0x03, 0x20, 0x09, 0x20, 0x07, 0xfd, 0x0d, 0x0c, 0x0d, 0x0e, 0x0f, 0x00,
  0x01, 0x02, 0x03, 0x04, 0x05, 0x06, 0x07, 0x08, 0x09, 0x0a, 0x0b, 0x20, 0x08, 0x20, 0x0e, 0x20, 0x05, 0xfd, 0x0d, 0x00,
  0x01, 0x02, 0x03, 0x04, 0x05, 0x06, 0x07, 0x10, 0x11, 0x12, 0x13, 0x14, 0x15, 0x16, 0x17, 0x20, 0x0a, 0xfd, 0x52, 0x20,
  0x07, 0xfd, 0x0d, 0x00, 0x01, 0x02, 0x03, 0x08, 0x09, 0x0a, 0x0b, 0x0c, 0x0d, 0x0e, 0x0f, 0x04, 0x05, 0x06, 0x07, 0xfd,
  0xae, 0x01, 0x20, 0x0b, 0x20, 0x07, 0xfd, 0x51, 0x22, 0x07, 0x41, 0x19, 0xfd, 0xab, 0x01, 0x20, 0x07, 0x41, 0x07, 0xfd,
  0xad, 0x01, 0xfd, 0x50, 0x22, 0x07, 0xfd, 0xae, 0x01, 0x22, 0x09, 0x20, 0x0c, 0x20, 0x07, 0xfd, 0x0d, 0x08, 0x09, 0x0a,
  0x0b, 0x0c, 0x0d, 0x0e, 0x0f, 0x00, 0x01, 0x02, 0x03, 0x04, 0x05, 0x06, 0x07, 0xfd, 0x51, 0x20, 0x07, 0xfd, 0x0d, 0x02,
  0x03, 0x00, 0x01, 0x06, 0x07, 0x04, 0x05, 0x0a, 0x0b, 0x08, 0x09, 0x0e, 0x0f, 0x0c, 0x0d, 0x22, 0x0a, 0xfd, 0xae, 0x01,
  0x22, 0x0c, 0x20, 0x09, 0x20, 0x08, 0x20, 0x05, 0x20, 0x06, 0xfd, 0x0d, 0x08, 0x09, 0x0a, 0x0b, 0x18, 0x19, 0x1a, 0x1b,
  0x00, 0x01, 0x02, 0x03, 0x00, 0x01, 0x02, 0x03, 0xfd, 0x0d, 0x04, 0x05, 0x06, 0x07, 0x14, 0x15, 0x16, 0x17, 0x10, 0x11,
  0x12, 0x13, 0x00, 0x01, 0x02, 0x03, 0xfd, 0xae, 0x01, 0x20, 0x0c, 0x20, 0x07, 0xfd, 0x51, 0x22, 0x07, 0x41, 0x14, 0xfd,
  0xab, 0x01, 0x20, 0x07, 0x41, 0x0c, 0xfd, 0xad, 0x01, 0xfd, 0x50, 0x22, 0x07, 0xfd, 0xae, 0x01, 0x22, 0x06, 0x20, 0x0a,
  0xfd, 0x51, 0x20, 0x07, 0xfd, 0x0d, 0x01, 0x02, 0x03, 0x00, 0x05, 0x06, 0x07, 0x04, 0x09, 0x0a, 0x0b, 0x08, 0x0d, 0x0e,
  0x0f, 0x0c, 0x22, 0x05, 0xfd, 0xae, 0x01, 0x22, 0x08, 0x20, 0x07, 0xfd, 0x0d, 0x0c, 0x0d, 0x0e, 0x0f, 0x00, 0x01, 0x02,
  0x03, 0x04, 0x05, 0x06, 0x07, 0x08, 0x09, 0x0a, 0x0b, 0x20, 0x06, 0x20, 0x07, 0xfd, 0x0d, 0x04, 0x05, 0x06, 0x07, 0x08,
  0x09, 0x0a, 0x0b, 0x0c, 0x0d, 0x0e, 0x0f, 0x00, 0x01, 0x02, 0x03, 0xfd, 0x51, 0xfd, 0x0b, 0x02, 0x00, 0x20, 0x00, 0x20,
  0x08, 0x20, 0x07, 0xfd, 0x51, 0x22, 0x07, 0x41, 0x19, 0xfd, 0xab, 0x01, 0x20, 0x07, 0x41, 0x07, 0xfd, 0xad, 0x01, 0xfd,
  0x50, 0x20, 0x05, 0x20, 0x07, 0xfd, 0x0d, 0x08, 0x09, 0x0a, 0x0b, 0x0c, 0x0d, 0x0e, 0x0f, 0x00, 0x01, 0x02, 0x03, 0x04,
  0x05, 0x06, 0x07, 0xfd, 0x51, 0xfd, 0x0b, 0x02, 0x10, 0x0b, 0xdb, 0x01, 0x02, 0x01, 0x7f, 0x01, 0x7b, 0x23, 0x80, 0x80,
  0x80, 0x80, 0x00, 0x41, 0xe0, 0x00, 0x6b, 0x22, 0x00, 0xfd, 0x0c, 0x00, 0x00, 0x00, 0x00, 0x00, 0x00, 0x00, 0x00, 0x00,
  0x00, 0x00, 0x00, 0x00, 0x00, 0x00, 0x00, 0x22, 0x01, 0xfd, 0x0b, 0x03, 0x30, 0x20, 0x00, 0x20, 0x01, 0xfd, 0x0b, 0x03,
  0x20, 0x20, 0x00, 0x20, 0x01, 0xfd, 0x0b, 0x03, 0x10, 0x20, 0x00, 0x20, 0x01, 0xfd, 0x0b, 0x03, 0x00, 0x20, 0x00, 0x41,
  0x00, 0xfd, 0x00, 0x03, 0x80, 0x80, 0x84, 0x80, 0x00, 0xfd, 0x0b, 0x03, 0x40, 0x20, 0x00, 0x41, 0x00, 0xfd, 0x00, 0x03,
  0x90, 0x80, 0x84, 0x80, 0x00, 0xfd, 0x0b, 0x03, 0x50, 0x41, 0xc0, 0x88, 0x85, 0x80, 0x00, 0x20, 0x00, 0x41, 0xe0, 0x00,
  0xfc, 0x0a, 0x00, 0x00, 0x41, 0x00, 0x42, 0x00, 0x37, 0x03, 0xa0, 0x89, 0x85, 0x80, 0x00, 0x41, 0x00, 0x41, 0x01, 0x3a,
  0x00, 0xab, 0x89, 0x85, 0x80, 0x00, 0x41, 0x00, 0x42, 0x00, 0x37, 0x03, 0xd0, 0x89, 0x85, 0x80, 0x00, 0x41, 0x00, 0x41,
  0x01, 0x3a, 0x00, 0x80, 0x88, 0x84, 0x80, 0x00, 0x41, 0x00, 0x41, 0x00, 0xfd, 0x00, 0x03, 0x80, 0x80, 0x84, 0x80, 0x00,
  0xfd, 0x0b, 0x04, 0xb0, 0x89, 0x85, 0x80, 0x00, 0x41, 0x00, 0x41, 0x00, 0xfd, 0x00, 0x03, 0x90, 0x80, 0x84, 0x80, 0x00,
  0xfd, 0x0b, 0x03, 0xc0, 0x89, 0x85, 0x80, 0x00, 0x41, 0x00, 0x41, 0x00, 0x36, 0x00, 0xa7, 0x89, 0x85, 0x80, 0x00, 0x41,
  0x00, 0x41, 0x00, 0x36, 0x02, 0xd8, 0x89, 0x85, 0x80, 0x00, 0x0b, 0x06, 0x00, 0x41, 0x80, 0x80, 0x01, 0x0b, 0x08, 0x00,
  0x41, 0xc0, 0x88, 0x84, 0x80, 0x00, 0x0b, 0x04, 0x00, 0x41, 0x20, 0x0b, 0x08, 0x00, 0x41, 0xc0, 0x97, 0x85, 0x80, 0x00,
  0x0b, 0x82, 0x11, 0x06, 0x02, 0x7f, 0x02, 0x7e, 0x04, 0x7f, 0x02, 0x7b, 0x04, 0x7f, 0x01, 0x7e, 0x23, 0x80, 0x80, 0x80,
  0x80, 0x00, 0x41, 0xb0, 0x02, 0x6b, 0x22, 0x01, 0x24, 0x80, 0x80, 0x80, 0x80, 0x00, 0x02, 0x40, 0x02, 0x40, 0x20, 0x00,
  0x41, 0x80, 0x80, 0x01, 0x4d, 0x0d, 0x00, 0x41, 0x7f, 0x21, 0x02, 0x0c, 0x01, 0x0b, 0x02, 0x40, 0x41, 0x00, 0x2d, 0x00,
  0x80, 0x88, 0x84, 0x80, 0x00, 0x0d, 0x00, 0x41, 0x7e, 0x21, 0x02, 0x0c, 0x01, 0x0b, 0x02, 0x40, 0x02, 0x40, 0x41, 0x00,
  0x29, 0x03, 0xd0, 0x89, 0x85, 0x80, 0x00, 0x22, 0x03, 0x42, 0xff, 0xff, 0xff, 0xff, 0xff, 0xff, 0xff, 0x1f, 0x83, 0x22,
  0x04, 0x42, 0x00, 0x52, 0x0d, 0x00, 0x41, 0x00, 0x2d, 0x00, 0xa8, 0x89, 0x85, 0x80, 0x00, 0x21, 0x02, 0x41, 0x00, 0x2d,
  0x00, 0xa9, 0x89, 0x85, 0x80, 0x00, 0x21, 0x05, 0x0c, 0x01, 0x0b, 0x20, 0x03, 0x41, 0x00, 0x29, 0x03, 0xa0, 0x89, 0x85,
  0x80, 0x00, 0x7d, 0x42, 0x0a, 0x86, 0x42, 0x80, 0x08, 0x20, 0x04, 0x7a, 0x86, 0x7c, 0x41, 0x00, 0x2d, 0x00, 0xa9, 0x89,
  0x85, 0x80, 0x00, 0x22, 0x05, 0xad, 0x42, 0xff, 0x01, 0x83, 0x42, 0x06, 0x86, 0x41, 0x00, 0x2d, 0x00, 0xa8, 0x89, 0x85,
  0x80, 0x00, 0x22, 0x02, 0xad, 0x42, 0xff, 0x01, 0x83, 0x7c, 0x7d, 0x20, 0x00, 0xad, 0x5a, 0x0d, 0x00, 0x41, 0xc2, 0x83,
  0x84, 0x80, 0x00, 0x20, 0x01, 0x41, 0xb0, 0x01, 0x6a, 0x41, 0xe4, 0x84, 0x84, 0x80, 0x00, 0x10, 0x8b, 0x80, 0x80, 0x80,
  0x00, 0x00, 0x0b, 0x02, 0x40, 0x02, 0x40, 0x20, 0x05, 0x41, 0xff, 0x01, 0x71, 0x41, 0x06, 0x74, 0x20, 0x02, 0x41, 0xff,
  0x01, 0x71, 0x6a, 0x22, 0x02, 0x0d, 0x00, 0x41, 0xc0, 0x88, 0x84, 0x80, 0x00, 0x21, 0x06, 0x0c, 0x01, 0x0b, 0x41, 0xc0,
  0x88, 0x85, 0x80, 0x00, 0x41, 0xc0, 0x88, 0x84, 0x80, 0x00, 0x20, 0x00, 0x41, 0x80, 0x08, 0x20, 0x02, 0x6b, 0x22, 0x02,
  0x20, 0x00, 0x20, 0x02, 0x49, 0x1b, 0x22, 0x02, 0x10, 0x8c, 0x80, 0x80, 0x80, 0x00, 0x1a, 0x02, 0x40, 0x20, 0x00, 0x20,
  0x02, 0x6b, 0x22, 0x00, 0x0d, 0x00, 0x41, 0x00, 0x21, 0x02, 0x0c, 0x02, 0x0b, 0x20, 0x01, 0x41, 0x00, 0xfd, 0x00, 0x04,
  0x80, 0x89, 0x85, 0x80, 0x00, 0xfd, 0x0b, 0x03, 0xf0, 0x01, 0x20, 0x01, 0x41, 0x00, 0xfd, 0x00, 0x04, 0x90, 0x89, 0x85,
  0x80, 0x00, 0xfd, 0x0b, 0x03, 0x80, 0x02, 0x20, 0x01, 0x41, 0x00, 0xfd, 0x00, 0x04, 0xc0, 0x88, 0x85, 0x80, 0x00, 0xfd,
  0x0b, 0x03, 0xb0, 0x01, 0x20, 0x01, 0x41, 0x00, 0xfd, 0x00, 0x04, 0xd0, 0x88, 0x85, 0x80, 0x00, 0xfd, 0x0b, 0x03, 0xc0,
  0x01, 0x20, 0x01, 0x41, 0x00, 0xfd, 0x00, 0x04, 0xe0, 0x88, 0x85, 0x80, 0x00, 0xfd, 0x0b, 0x03, 0xd0, 0x01, 0x20, 0x01,
  0x41, 0x00, 0xfd, 0x00, 0x04, 0xf0, 0x88, 0x85, 0x80, 0x00, 0xfd, 0x0b, 0x03, 0xe0, 0x01, 0x41, 0x00, 0x2d, 0x00, 0xaa,
  0x89, 0x85, 0x80, 0x00, 0x21, 0x07, 0x41, 0x00, 0x2d, 0x00, 0xa9, 0x89, 0x85, 0x80, 0x00, 0x21, 0x08, 0x41, 0x00, 0x2d,
  0x00, 0xab, 0x89, 0x85, 0x80, 0x00, 0x21, 0x05, 0x41, 0x00, 0x2d, 0x00, 0xa8, 0x89, 0x85, 0x80, 0x00, 0x21, 0x06, 0x20,
  0x01, 0x41, 0x00, 0x29, 0x03, 0xa0, 0x89, 0x85, 0x80, 0x00, 0x22, 0x03, 0x37, 0x03, 0x90, 0x02, 0x20, 0x01, 0x20, 0x06,
  0x3a, 0x00, 0x98, 0x02, 0x20, 0x01, 0x20, 0x05, 0x3a, 0x00, 0x9a, 0x02, 0x20, 0x01, 0x20, 0x07, 0x20, 0x08, 0x45, 0x72,
  0x41, 0x02, 0x72, 0x22, 0x07, 0x3a, 0x00, 0x99, 0x02, 0x20, 0x01, 0x41, 0x00, 0xfd, 0x00, 0x04, 0x90, 0x89, 0x85, 0x80,
  0x00, 0xfd, 0x0b, 0x04, 0x10, 0x20, 0x01, 0x41, 0x00, 0xfd, 0x00, 0x04, 0x80, 0x89, 0x85, 0x80, 0x00, 0xfd, 0x0b, 0x04,
  0x00, 0x02, 0x40, 0x02, 0x40, 0x20, 0x05, 0x41, 0x01, 0x47, 0x0d, 0x00, 0x20, 0x01, 0x20, 0x01, 0x41, 0xb0, 0x01, 0x6a,
  0x20, 0x06, 0x20, 0x03, 0x20, 0x07, 0x10, 0x84, 0x80, 0x80, 0x80, 0x00, 0x0c, 0x01, 0x0b, 0x20, 0x01, 0x20, 0x01, 0x41,
  0xb0, 0x01, 0x6a, 0x20, 0x06, 0x20, 0x03, 0x20, 0x07, 0x10, 0x83, 0x80, 0x80, 0x80, 0x00, 0x0b, 0x20, 0x01, 0xfd, 0x00,
  0x04, 0x10, 0x21, 0x09, 0x20, 0x01, 0xfd, 0x00, 0x04, 0x00, 0x21, 0x0a, 0x20, 0x03, 0x10, 0x8d, 0x80, 0x80, 0x80, 0x00,
  0x02, 0x40, 0x41, 0x00, 0x28, 0x02, 0xd8, 0x89, 0x85, 0x80, 0x00, 0x22, 0x05, 0x41, 0x37, 0x4f, 0x0d, 0x00, 0x20, 0x02,
  0x41, 0xc0, 0x88, 0x84, 0x80, 0x00, 0x6a, 0x21, 0x06, 0x20, 0x05, 0x41, 0x05, 0x74, 0x22, 0x02, 0x20, 0x09, 0xfd, 0x0b,
  0x02, 0xec, 0x89, 0x85, 0x80, 0x00, 0x20, 0x02, 0x20, 0x0a, 0xfd, 0x0b, 0x02, 0xdc, 0x89, 0x85, 0x80, 0x00, 0x41, 0x00,
  0x20, 0x05, 0x41, 0x01, 0x6a, 0x36, 0x02, 0xd8, 0x89, 0x85, 0x80, 0x00, 0x20, 0x01, 0x41, 0x00, 0xfd, 0x00, 0x04, 0xb0,
  0x89, 0x85, 0x80, 0x00, 0xfd, 0x0b, 0x03, 0xf0, 0x01, 0x20, 0x01, 0x41, 0x00, 0xfd, 0x00, 0x04, 0xc0, 0x89, 0x85, 0x80,
  0x00, 0xfd, 0x0b, 0x03, 0x80, 0x02, 0x20, 0x01, 0xfd, 0x0c, 0x00, 0x00, 0x00, 0x00, 0x00, 0x00, 0x00, 0x00, 0x00, 0x00,
  0x00, 0x00, 0x00, 0x00, 0x00, 0x00, 0x22, 0x09, 0xfd, 0x0b, 0x03, 0xb0, 0x01, 0x20, 0x01, 0x20, 0x09, 0xfd, 0x0b, 0x03,
  0xc0, 0x01, 0x20, 0x01, 0x20, 0x09, 0xfd, 0x0b, 0x03, 0xd0, 0x01, 0x20, 0x01, 0x20, 0x09, 0xfd, 0x0b, 0x03, 0xe0, 0x01,
  0x41, 0x00, 0x29, 0x03, 0xa0, 0x89, 0x85, 0x80, 0x00, 0x21, 0x03, 0x41, 0xc0, 0x88, 0x85, 0x80, 0x00, 0x20, 0x01, 0x41,
  0xb0, 0x01, 0x6a, 0x41, 0xe0, 0x00, 0xfc, 0x0a, 0x00, 0x00, 0x41, 0x00, 0x20, 0x03, 0x42, 0x01, 0x7c, 0x37, 0x03, 0xa0,
  0x89, 0x85, 0x80, 0x00, 0x41, 0x00, 0x41, 0x00, 0x3b, 0x01, 0xa8, 0x89, 0x85, 0x80, 0x00, 0x0c, 0x01, 0x0b, 0x20, 0x01,
  0x41, 0xb0, 0x01, 0x6a, 0x41, 0xa0, 0x87, 0x84, 0x80, 0x00, 0x41, 0xe0, 0x86, 0x84, 0x80, 0x00, 0x10, 0x8e, 0x80, 0x80,
  0x80, 0x00, 0x00, 0x0b, 0x02, 0x40, 0x20, 0x00, 0x41, 0x81, 0x08, 0x49, 0x0d, 0x00, 0x41, 0x00, 0x29, 0x03, 0xa0, 0x89,
  0x85, 0x80, 0x00, 0x21, 0x04, 0x20, 0x01, 0x41, 0xc0, 0x00, 0x6a, 0x21, 0x0b, 0x20, 0x01, 0x41, 0xb0, 0x01, 0x6a, 0x41,
  0xc0, 0x00, 0x6a, 0x21, 0x07, 0x20, 0x01, 0x41, 0x90, 0x01, 0x6a, 0x21, 0x0c, 0x02, 0x40, 0x02, 0x40, 0x02, 0x40, 0x02,
  0x40, 0x02, 0x40, 0x02, 0x40, 0x02, 0x40, 0x03, 0x40, 0x20, 0x04, 0x42, 0x0a, 0x86, 0x21, 0x03, 0x41, 0x7f, 0x20, 0x00,
  0x41, 0x01, 0x76, 0x67, 0x76, 0x41, 0x01, 0x6a, 0x21, 0x05, 0x03, 0x40, 0x20, 0x05, 0x22, 0x02, 0x41, 0x01, 0x76, 0x21,
  0x05, 0x20, 0x03, 0x20, 0x02, 0x41, 0x7f, 0x6a, 0xad, 0x83, 0x42, 0x00, 0x52, 0x0d, 0x00, 0x0b, 0x20, 0x02, 0x41, 0x0a,
  0x76, 0xad, 0x21, 0x03, 0x02, 0x40, 0x02, 0x40, 0x20, 0x02, 0x41, 0x81, 0x08, 0x49, 0x0d, 0x00, 0x20, 0x00, 0x20, 0x02,
  0x49, 0x0d, 0x09, 0x41, 0x00, 0x2d, 0x00, 0xab, 0x89, 0x85, 0x80, 0x00, 0x21, 0x08, 0x41, 0x00, 0x2d, 0x00, 0xaa, 0x89,
  0x85, 0x80, 0x00, 0x21, 0x0d, 0x20, 0x01, 0x41, 0xb0, 0x01, 0x6a, 0x41, 0x00, 0x41, 0x80, 0x01, 0xfc, 0x0b, 0x00, 0x20,
  0x06, 0x20, 0x02, 0x20, 0x04, 0x20, 0x0d, 0x20, 0x08, 0x20, 0x01, 0x41, 0xb0, 0x01, 0x6a, 0x41, 0x80, 0x01, 0x10, 0x8f,
  0x80, 0x80, 0x80, 0x00, 0x21, 0x05, 0x20, 0x01, 0xfd, 0x0c, 0x00, 0x00, 0x00, 0x00, 0x00, 0x00, 0x00, 0x00, 0x00, 0x00,
  0x00, 0x00, 0x00, 0x00, 0x00, 0x00, 0x22, 0x09, 0xfd, 0x0b, 0x03, 0x30, 0x20, 0x01, 0x20, 0x09, 0xfd, 0x0b, 0x03, 0x20,
  0x20, 0x01, 0x20, 0x09, 0xfd, 0x0b, 0x03, 0x10, 0x20, 0x01, 0x20, 0x09, 0xfd, 0x0b, 0x03, 0x00, 0x02, 0x40, 0x20, 0x05,
  0x41, 0x03, 0x49, 0x0d, 0x00, 0x20, 0x05, 0x41, 0x05, 0x74, 0x21, 0x0e, 0x20, 0x05, 0x41, 0x05, 0x4f, 0x0d, 0x05, 0x20,
  0x01, 0x41, 0xb0, 0x01, 0x6a, 0x20, 0x0e, 0x20, 0x0d, 0x20, 0x08, 0x20, 0x01, 0x41, 0xc0, 0x00, 0x10, 0x90, 0x80, 0x80,
  0x80, 0x00, 0x22, 0x05, 0x41, 0x05, 0x74, 0x21, 0x08, 0x20, 0x05, 0x41, 0x05, 0x4f, 0x0d, 0x06, 0x20, 0x05, 0x41, 0x03,
  0x4f, 0x0d, 0x07, 0x20, 0x08, 0x45, 0x0d, 0x00, 0x20, 0x01, 0x41, 0xb0, 0x01, 0x6a, 0x20, 0x01, 0x20, 0x08, 0xfc, 0x0a,
  0x00, 0x00, 0x0b, 0x20, 0x01, 0x20, 0x01, 0xfd, 0x00, 0x00, 0xe0, 0x01, 0xfd, 0x0b, 0x03, 0xa0, 0x01, 0x20, 0x01, 0x20,
  0x01, 0xfd, 0x00, 0x00, 0xd0, 0x01, 0xfd, 0x0b, 0x03, 0x90, 0x01, 0x20, 0x01, 0x20, 0x01, 0xfd, 0x00, 0x00, 0xc0, 0x01,
  0xfd, 0x0b, 0x03, 0x80, 0x01, 0x20, 0x01, 0x20, 0x01, 0xfd, 0x00, 0x00, 0xb0, 0x01, 0xfd, 0x0b, 0x03, 0x70, 0x41, 0x00,
  0x29, 0x03, 0xa0, 0x89, 0x85, 0x80, 0x00, 0x10, 0x8d, 0x80, 0x80, 0x80, 0x00, 0x41, 0x00, 0x28, 0x02, 0xd8, 0x89, 0x85,
  0x80, 0x00, 0x22, 0x05, 0x41, 0x37, 0x4f, 0x0d, 0x07, 0x20, 0x05, 0x41, 0x05, 0x74, 0x22, 0x08, 0x20, 0x01, 0xfd, 0x00,
  0x03, 0x80, 0x01, 0xfd, 0x0b, 0x00, 0xec, 0x89, 0x85, 0x80, 0x00, 0x20, 0x08, 0x20, 0x01, 0xfd, 0x00, 0x03, 0x70, 0xfd,
  0x0b, 0x00, 0xdc, 0x89, 0x85, 0x80, 0x00, 0x41, 0x00, 0x20, 0x05, 0x41, 0x01, 0x6a, 0x36, 0x02, 0xd8, 0x89, 0x85, 0x80,
  0x00, 0x41, 0x00, 0x29, 0x03, 0xa0, 0x89, 0x85, 0x80, 0x00, 0x20, 0x03, 0x42, 0x01, 0x88, 0x7c, 0x10, 0x8d, 0x80, 0x80,
  0x80, 0x00, 0x41, 0x00, 0x28, 0x02, 0xd8, 0x89, 0x85, 0x80, 0x00, 0x22, 0x05, 0x41, 0x37, 0x4f, 0x0d, 0x08, 0x20, 0x05,
  0x41, 0x05, 0x74, 0x22, 0x08, 0x20, 0x0c, 0xfd, 0x00, 0x00, 0x10, 0xfd, 0x0b, 0x00, 0xec, 0x89, 0x85, 0x80, 0x00, 0x20,
  0x08, 0x20, 0x0c, 0xfd, 0x00, 0x00, 0x00, 0xfd, 0x0b, 0x00, 0xdc, 0x89, 0x85, 0x80, 0x00, 0x41, 0x00, 0x20, 0x05, 0x41,
  0x01, 0x6a, 0x36, 0x02, 0xd8, 0x89, 0x85, 0x80, 0x00, 0x0c, 0x01, 0x0b, 0x20, 0x01, 0x41, 0x00, 0x3b, 0x01, 0x98, 0x02,
  0x20, 0x07, 0x41, 0x00, 0xfd, 0x00, 0x04, 0xb0, 0x89, 0x85, 0x80, 0x00, 0xfd, 0x0b, 0x03, 0x00, 0x20, 0x07, 0x41, 0x00,
  0xfd, 0x00, 0x04, 0xc0, 0x89, 0x85, 0x80, 0x00, 0xfd, 0x0b, 0x03, 0x10, 0x20, 0x01, 0xfd, 0x0c, 0x00, 0x00, 0x00, 0x00,
  0x00, 0x00, 0x00, 0x00, 0x00, 0x00, 0x00, 0x00, 0x00, 0x00, 0x00, 0x00, 0x22, 0x09, 0xfd, 0x0b, 0x03, 0xb0, 0x01, 0x20,
  0x01, 0x20, 0x09, 0xfd, 0x0b, 0x03, 0xc0, 0x01, 0x20, 0x01, 0x20, 0x09, 0xfd, 0x0b, 0x03, 0xd0, 0x01, 0x20, 0x01, 0x20,
  0x09, 0xfd, 0x0b, 0x03, 0xe0, 0x01, 0x20, 0x01, 0x20, 0x04, 0x37, 0x03, 0x90, 0x02, 0x20, 0x01, 0x41, 0x00, 0x2f, 0x01,
  0xaa, 0x89, 0x85, 0x80, 0x00, 0x3b, 0x01, 0x9a, 0x02, 0x20, 0x01, 0x41, 0xb0, 0x01, 0x6a, 0x20, 0x06, 0x20, 0x02, 0x10,
  0x8c, 0x80, 0x80, 0x80, 0x00, 0x21, 0x05, 0x20, 0x0b, 0x20, 0x07, 0xfd, 0x00, 0x03, 0x00, 0xfd, 0x0b, 0x03, 0x00, 0x20,
  0x0b, 0x20, 0x07, 0xfd, 0x00, 0x03, 0x10, 0xfd, 0x0b, 0x03, 0x10, 0x20, 0x01, 0x20, 0x05, 0xfd, 0x00, 0x03, 0x00, 0xfd,
  0x0b, 0x03, 0x00, 0x20, 0x01, 0x20, 0x05, 0xfd, 0x00, 0x03, 0x10, 0xfd, 0x0b, 0x03, 0x10, 0x20, 0x01, 0x20, 0x05, 0xfd,
  0x00, 0x03, 0x20, 0xfd, 0x0b, 0x03, 0x20, 0x20, 0x01, 0x20, 0x05, 0xfd, 0x00, 0x03, 0x30, 0xfd, 0x0b, 0x03, 0x30, 0x20,
  0x01, 0x2d, 0x00, 0x9a, 0x02, 0x21, 0x0d, 0x20, 0x01, 0x2d, 0x00, 0x99, 0x02, 0x21, 0x0e, 0x20, 0x01, 0x2d, 0x00, 0x9b,
  0x02, 0x21, 0x05, 0x20, 0x01, 0x2d, 0x00, 0x98, 0x02, 0x21, 0x08, 0x20, 0x01, 0x20, 0x01, 0x29, 0x03, 0x90, 0x02, 0x22,
  0x0f, 0x37, 0x03, 0x60, 0x20, 0x01, 0x20, 0x08, 0x3a, 0x00, 0x68, 0x20, 0x01, 0x20, 0x05, 0x3a, 0x00, 0x6a, 0x20, 0x01,
  0x20, 0x0d, 0x20, 0x0e, 0x45, 0x72, 0x41, 0x02, 0x72, 0x22, 0x0d, 0x3a, 0x00, 0x69, 0x20, 0x01, 0x20, 0x07, 0xfd, 0x00,
  0x03, 0x10, 0xfd, 0x0b, 0x04, 0x80, 0x01, 0x20, 0x01, 0x20, 0x07, 0xfd, 0x00, 0x03, 0x00, 0xfd, 0x0b, 0x04, 0x70, 0x02,
  0x40, 0x02, 0x40, 0x20, 0x05, 0x41, 0x01, 0x47, 0x0d, 0x00, 0x20, 0x01, 0x41, 0xf0, 0x00, 0x6a, 0x20, 0x01, 0x20, 0x08,
  0x20, 0x0f, 0x20, 0x0d, 0x10, 0x84, 0x80, 0x80, 0x80, 0x00, 0x0c, 0x01, 0x0b, 0x20, 0x01, 0x41, 0xf0, 0x00, 0x6a, 0x20,
  0x01, 0x20, 0x08, 0x20, 0x0f, 0x20, 0x0d, 0x10, 0x83, 0x80, 0x80, 0x80, 0x00, 0x0b, 0x20, 0x01, 0xfd, 0x00, 0x04, 0x80,
  0x01, 0x21, 0x09, 0x20, 0x01, 0xfd, 0x00, 0x04, 0x70, 0x21, 0x0a, 0x20, 0x04, 0x10, 0x8d, 0x80, 0x80, 0x80, 0x00, 0x41,
  0x00, 0x28, 0x02, 0xd8, 0x89, 0x85, 0x80, 0x00, 0x22, 0x05, 0x41, 0x37, 0x4f, 0x0d, 0x02, 0x20, 0x05, 0x41, 0x05, 0x74,
  0x22, 0x08, 0x20, 0x09, 0xfd, 0x0b, 0x02, 0xec, 0x89, 0x85, 0x80, 0x00, 0x20, 0x08, 0x20, 0x0a, 0xfd, 0x0b, 0x02, 0xdc,
  0x89, 0x85, 0x80, 0x00, 0x41, 0x00, 0x20, 0x05, 0x41, 0x01, 0x6a, 0x36, 0x02, 0xd8, 0x89, 0x85, 0x80, 0x00, 0x0b, 0x41,
  0x00, 0x41, 0x00, 0x29, 0x03, 0xa0, 0x89, 0x85, 0x80, 0x00, 0x20, 0x03, 0x7c, 0x22, 0x04, 0x37, 0x03, 0xa0, 0x89, 0x85,
  0x80, 0x00, 0x02, 0x40, 0x20, 0x00, 0x20, 0x02, 0x49, 0x0d, 0x00, 0x20, 0x06, 0x20, 0x02, 0x6a, 0x21, 0x06, 0x20, 0x00,
  0x20, 0x02, 0x6b, 0x22, 0x00, 0x41, 0x80, 0x08, 0x4b, 0x0d, 0x01, 0x0c, 0x09, 0x0b, 0x0b, 0x20, 0x02, 0x20, 0x00, 0x20,
  0x00, 0x41, 0x84, 0x85, 0x84, 0x80, 0x00, 0x10, 0x91, 0x80, 0x80, 0x80, 0x00, 0x00, 0x0b, 0x20, 0x01, 0x41, 0xf0, 0x00,
  0x6a, 0x41, 0xa0, 0x87, 0x84, 0x80, 0x00, 0x41, 0xe0, 0x86, 0x84, 0x80, 0x00, 0x10, 0x8e, 0x80, 0x80, 0x80, 0x00, 0x00,
  0x0b, 0x41, 0x00, 0x20, 0x0e, 0x41, 0x80, 0x01, 0x41, 0xd4, 0x84, 0x84, 0x80, 0x00, 0x10, 0x91, 0x80, 0x80, 0x80, 0x00,
  0x00, 0x0b, 0x41, 0x00, 0x20, 0x08, 0x41, 0x80, 0x01, 0x41, 0xc4, 0x84, 0x84, 0x80, 0x00, 0x10, 0x91, 0x80, 0x80, 0x80,
  0x00, 0x00, 0x0b, 0x41, 0x00, 0x20, 0x08, 0x41, 0xc0, 0x00, 0x41, 0xb4, 0x84, 0x84, 0x80, 0x00, 0x10, 0x91, 0x80, 0x80,
  0x80, 0x00, 0x00, 0x0b, 0x20, 0x01, 0x41, 0xb0, 0x01, 0x6a, 0x41, 0xa0, 0x87, 0x84, 0x80, 0x00, 0x41, 0xe0, 0x86, 0x84,
  0x80, 0x00, 0x10, 0x8e, 0x80, 0x80, 0x80, 0x00, 0x00, 0x0b, 0x20, 0x01, 0x41, 0xb0, 0x01, 0x6a, 0x41, 0xa0, 0x87, 0x84,
  0x80, 0x00, 0x41, 0xe0, 0x86, 0x84, 0x80, 0x00, 0x10, 0x8e, 0x80, 0x80, 0x80, 0x00, 0x00, 0x0b, 0x41, 0x00, 0x20, 0x02,
  0x20, 0x00, 0x41, 0xf4, 0x84, 0x84, 0x80, 0x00, 0x10, 0x91, 0x80, 0x80, 0x80, 0x00, 0x00, 0x0b, 0x02, 0x40, 0x20, 0x00,
  0x0d, 0x00, 0x41, 0x00, 0x21, 0x02, 0x0c, 0x01, 0x0b, 0x41, 0xc0, 0x88, 0x85, 0x80, 0x00, 0x20, 0x06, 0x20, 0x00, 0x10,
  0x8c, 0x80, 0x80, 0x80, 0x00, 0x1a, 0x41, 0x00, 0x21, 0x02, 0x41, 0x00, 0x29, 0x03, 0xa0, 0x89, 0x85, 0x80, 0x00, 0x10,
  0x8d, 0x80, 0x80, 0x80, 0x00, 0x0b, 0x20, 0x01, 0x41, 0xb0, 0x02, 0x6a, 0x24, 0x80, 0x80, 0x80, 0x80, 0x00, 0x20, 0x02,
  0x0b, 0x03, 0x00, 0x00, 0x0b, 0xb2, 0x04, 0x03, 0x02, 0x7f, 0x01, 0x7e, 0x01, 0x7b, 0x02, 0x40, 0x02, 0x40, 0x20, 0x00,
  0x2d, 0x00, 0x68, 0x22, 0x03, 0x45, 0x0d, 0x00, 0x02, 0x40, 0x20, 0x03, 0x41, 0xc1, 0x00, 0x4f, 0x0d, 0x00, 0x02, 0x40,
  0x20, 0x02, 0x41, 0xc0, 0x00, 0x20, 0x03, 0x6b, 0x22, 0x04, 0x20, 0x02, 0x20, 0x04, 0x49, 0x1b, 0x22, 0x04, 0x45, 0x0d,
  0x00, 0x20, 0x00, 0x20, 0x03, 0x6a, 0x20, 0x01, 0x20, 0x04, 0xfc, 0x0a, 0x00, 0x00, 0x0b, 0x20, 0x00, 0x20, 0x00, 0x2d,
  0x00, 0x68, 0x20, 0x04, 0x6a, 0x22, 0x03, 0x3a, 0x00, 0x68, 0x20, 0x01, 0x20, 0x04, 0x6a, 0x21, 0x01, 0x02, 0x40, 0x20,
  0x02, 0x20, 0x04, 0x6b, 0x22, 0x02, 0x0d, 0x00, 0x41, 0x00, 0x21, 0x02, 0x0c, 0x03, 0x0b, 0x20, 0x00, 0x41, 0xc0, 0x00,
  0x6a, 0x21, 0x04, 0x20, 0x00, 0x2d, 0x00, 0x6a, 0x20, 0x00, 0x2d, 0x00, 0x69, 0x45, 0x72, 0x21, 0x03, 0x20, 0x00, 0x29,
  0x03, 0x60, 0x21, 0x05, 0x02, 0x40, 0x02, 0x40, 0x20, 0x00, 0x2d, 0x00, 0x6b, 0x41, 0x01, 0x47, 0x0d, 0x00, 0x20, 0x04,
  0x20, 0x00, 0x41, 0xc0, 0x00, 0x20, 0x05, 0x20, 0x03, 0x10, 0x84, 0x80, 0x80, 0x80, 0x00, 0x0c, 0x01, 0x0b, 0x20, 0x04,
  0x20, 0x00, 0x41, 0xc0, 0x00, 0x20, 0x05, 0x20, 0x03, 0x10, 0x83, 0x80, 0x80, 0x80, 0x00, 0x0b, 0x20, 0x00, 0x41, 0x00,
  0x3a, 0x00, 0x68, 0x20, 0x00, 0xfd, 0x0c, 0x00, 0x00, 0x00, 0x00, 0x00, 0x00, 0x00, 0x00, 0x00, 0x00, 0x00, 0x00, 0x00,
  0x00, 0x00, 0x00, 0x22, 0x06, 0xfd, 0x0b, 0x03, 0x00, 0x20, 0x00, 0x20, 0x06, 0xfd, 0x0b, 0x03, 0x10, 0x20, 0x00, 0x20,
  0x06, 0xfd, 0x0b, 0x03, 0x20, 0x20, 0x00, 0x20, 0x06, 0xfd, 0x0b, 0x03, 0x30, 0x20, 0x00, 0x20, 0x00, 0x2d, 0x00, 0x69,
  0x41, 0x01, 0x6a, 0x3a, 0x00, 0x69, 0x0c, 0x01, 0x0b, 0x20, 0x03, 0x41, 0xc0, 0x00, 0x41, 0xc0, 0x00, 0x41, 0x90, 0x86,
  0x84, 0x80, 0x00, 0x10, 0x91, 0x80, 0x80, 0x80, 0x00, 0x00, 0x0b, 0x02, 0x40, 0x20, 0x02, 0x41, 0xc1, 0x00, 0x49, 0x0d,
  0x00, 0x20, 0x00, 0x41, 0xc0, 0x00, 0x6a, 0x21, 0x03, 0x20, 0x00, 0x2d, 0x00, 0x69, 0x21, 0x04, 0x02, 0x40, 0x20, 0x00,
  0x2d, 0x00, 0x6b, 0x0d, 0x00, 0x03, 0x40, 0x20, 0x03, 0x20, 0x01, 0x41, 0xc0, 0x00, 0x20, 0x00, 0x29, 0x03, 0x60, 0x20,
  0x00, 0x2d, 0x00, 0x6a, 0x20, 0x04, 0x41, 0xff, 0x01, 0x71, 0x45, 0x72, 0x10, 0x83, 0x80, 0x80, 0x80, 0x00, 0x20, 0x00,
  0x20, 0x00, 0x2d, 0x00, 0x69, 0x41, 0x01, 0x6a, 0x22, 0x04, 0x3a, 0x00, 0x69, 0x20, 0x01, 0x41, 0xc0, 0x00, 0x6a, 0x21,
  0x01, 0x20, 0x02, 0x41, 0x40, 0x6a, 0x22, 0x02, 0x41, 0xc0, 0x00, 0x4b, 0x0d, 0x00, 0x0c, 0x02, 0x0b, 0x0b, 0x03, 0x40,
  0x20, 0x03, 0x20, 0x01, 0x41, 0xc0, 0x00, 0x20, 0x00, 0x29, 0x03, 0x60, 0x20, 0x00, 0x2d, 0x00, 0x6a, 0x20, 0x04, 0x41,
  0xff, 0x01, 0x71, 0x45, 0x72, 0x10, 0x84, 0x80, 0x80, 0x80, 0x00, 0x20, 0x00, 0x20, 0x00, 0x2d, 0x00, 0x69, 0x41, 0x01,
  0x6a, 0x22, 0x04, 0x3a, 0x00, 0x69, 0x20, 0x01, 0x41, 0xc0, 0x00, 0x6a, 0x21, 0x01, 0x20, 0x02, 0x41, 0x40, 0x6a, 0x22,
  0x02, 0x41, 0xc0, 0x00, 0x4b, 0x0d, 0x00, 0x0b, 0x0b, 0x20, 0x00, 0x2d, 0x00, 0x68, 0x21, 0x03, 0x0b, 0x02, 0x40, 0x20,
  0x03, 0x41, 0xff, 0x01, 0x71, 0x22, 0x04, 0x41, 0xc1, 0x00, 0x4f, 0x0d, 0x00, 0x02, 0x40, 0x20, 0x02, 0x41, 0xc0, 0x00,
  0x20, 0x04, 0x6b, 0x22, 0x03, 0x20, 0x02, 0x20, 0x03, 0x49, 0x1b, 0x22, 0x02, 0x45, 0x0d, 0x00, 0x20, 0x00, 0x20, 0x04,
  0x6a, 0x20, 0x01, 0x20, 0x02, 0xfc, 0x0a, 0x00, 0x00, 0x0b, 0x20, 0x00, 0x20, 0x00, 0x2d, 0x00, 0x68, 0x20, 0x02, 0x6a,
  0x3a, 0x00, 0x68, 0x20, 0x00, 0x0f, 0x0b, 0x20, 0x04, 0x41, 0xc0, 0x00, 0x41, 0xc0, 0x00, 0x41, 0x90, 0x86, 0x84, 0x80,
  0x00, 0x10, 0x91, 0x80, 0x80, 0x80, 0x00, 0x00, 0x0b, 0x86, 0x04, 0x03, 0x08, 0x7f, 0x02, 0x7b, 0x02, 0x7f, 0x23, 0x80,
  0x80, 0x80, 0x80, 0x00, 0x41, 0xb0, 0x01, 0x6b, 0x22, 0x01, 0x24, 0x80, 0x80, 0x80, 0x80, 0x00, 0x02, 0x40, 0x02, 0x40,
  0x02, 0x40, 0x41, 0x00, 0x28, 0x02, 0xd8, 0x89, 0x85, 0x80, 0x00, 0x22, 0x02, 0x20, 0x00, 0x41, 0x00, 0x29, 0x03, 0xd0,
  0x89, 0x85, 0x80, 0x00, 0x7d, 0x7b, 0xa7, 0x22, 0x03, 0x4d, 0x0d, 0x00, 0x20, 0x02, 0x41, 0x7f, 0x6a, 0x21, 0x04, 0x20,
  0x02, 0x41, 0x05, 0x74, 0x41, 0xbc, 0x89, 0x85, 0x80, 0x00, 0x6a, 0x21, 0x05, 0x20, 0x01, 0x41, 0xc0, 0x00, 0x6a, 0x21,
  0x06, 0x20, 0x01, 0x41, 0x90, 0x01, 0x6a, 0x21, 0x07, 0x20, 0x02, 0x41, 0x39, 0x49, 0x21, 0x08, 0x03, 0x40, 0x20, 0x04,
  0x45, 0x0d, 0x02, 0x41, 0x00, 0x20, 0x04, 0x41, 0x7f, 0x6a, 0x22, 0x04, 0x36, 0x02, 0xd8, 0x89, 0x85, 0x80, 0x00, 0x20,
  0x01, 0x20, 0x05, 0x41, 0x60, 0x6a, 0x22, 0x02, 0xfd, 0x00, 0x00, 0x10, 0x22, 0x09, 0xfd, 0x0b, 0x03, 0x80, 0x01, 0x20,
  0x01, 0x20, 0x02, 0xfd, 0x00, 0x00, 0x00, 0x22, 0x0a, 0xfd, 0x0b, 0x03, 0x70, 0x20, 0x07, 0x20, 0x05, 0xfd, 0x00, 0x00,
  0x00, 0xfd, 0x0b, 0x00, 0x00, 0x20, 0x07, 0x20, 0x05, 0xfd, 0x00, 0x00, 0x10, 0xfd, 0x0b, 0x00, 0x10, 0x20, 0x06, 0x41,
  0x00, 0xfd, 0x00, 0x04, 0xb0, 0x89, 0x85, 0x80, 0x00, 0xfd, 0x0b, 0x03, 0x00, 0x20, 0x06, 0x41, 0x00, 0xfd, 0x00, 0x04,
  0xc0, 0x89, 0x85, 0x80, 0x00, 0xfd, 0x0b, 0x03, 0x10, 0x20, 0x01, 0x20, 0x09, 0xfd, 0x0b, 0x03, 0x10, 0x20, 0x01, 0x20,
  0x0a, 0xfd, 0x0b, 0x03, 0x00, 0x20, 0x01, 0x41, 0xc0, 0x00, 0x3a, 0x00, 0x68, 0x20, 0x01, 0x20, 0x01, 0xfd, 0x00, 0x03,
  0xa0, 0x01, 0xfd, 0x0b, 0x03, 0x30, 0x20, 0x01, 0x20, 0x01, 0xfd, 0x00, 0x03, 0x90, 0x01, 0xfd, 0x0b, 0x03, 0x20, 0x41,
  0x00, 0x2d, 0x00, 0xaa, 0x89, 0x85, 0x80, 0x00, 0x21, 0x0b, 0x20, 0x01, 0x41, 0x00, 0x2d, 0x00, 0xab, 0x89, 0x85, 0x80,
  0x00, 0x22, 0x0c, 0x3a, 0x00, 0x6a, 0x20, 0x01, 0x20, 0x0b, 0x41, 0x04, 0x72, 0x22, 0x0b, 0x3a, 0x00, 0x69, 0x20, 0x01,
  0x42, 0x00, 0x37, 0x03, 0x60, 0x20, 0x01, 0x41, 0x00, 0xfd, 0x00, 0x04, 0xc0, 0x89, 0x85, 0x80, 0x00, 0xfd, 0x0b, 0x04,
  0x80, 0x01, 0x20, 0x01, 0x41, 0x00, 0xfd, 0x00, 0x04, 0xb0, 0x89, 0x85, 0x80, 0x00, 0xfd, 0x0b, 0x04, 0x70, 0x02, 0x40,
  0x02, 0x40, 0x20, 0x0c, 0x41, 0x01, 0x47, 0x0d, 0x00, 0x20, 0x01, 0x41, 0xf0, 0x00, 0x6a, 0x20, 0x01, 0x41, 0xc0, 0x00,
  0x42, 0x00, 0x20, 0x0b, 0x10, 0x84, 0x80, 0x80, 0x80, 0x00, 0x0c, 0x01, 0x0b, 0x20, 0x01, 0x41, 0xf0, 0x00, 0x6a, 0x20,
  0x01, 0x41, 0xc0, 0x00, 0x42, 0x00, 0x20, 0x0b, 0x10, 0x83, 0x80, 0x80, 0x80, 0x00, 0x0b, 0x20, 0x08, 0x45, 0x0d, 0x03,
  0x20, 0x01, 0xfd, 0x00, 0x04, 0x80, 0x01, 0x21, 0x09, 0x20, 0x02, 0x20, 0x01, 0xfd, 0x00, 0x04, 0x70, 0xfd, 0x0b, 0x02,
  0x00, 0x20, 0x05, 0x41, 0x70, 0x6a, 0x20, 0x09, 0xfd, 0x0b, 0x02, 0x00, 0x41, 0x00, 0x20, 0x04, 0x41, 0x01, 0x6a, 0x22,
  0x0b, 0x36, 0x02, 0xd8, 0x89, 0x85, 0x80, 0x00, 0x20, 0x02, 0x21, 0x05, 0x20, 0x0b, 0x20, 0x03, 0x4b, 0x0d, 0x00, 0x0b,
  0x0b, 0x20, 0x01, 0x41, 0xb0, 0x01, 0x6a, 0x24, 0x80, 0x80, 0x80, 0x80, 0x00, 0x0f, 0x0b, 0x10, 0x98, 0x80, 0x80, 0x80,
  0x00, 0x00, 0x0b, 0x20, 0x01, 0x41, 0xf0, 0x00, 0x6a, 0x41, 0xa0, 0x87, 0x84, 0x80, 0x00, 0x41, 0xd0, 0x86, 0x84, 0x80,
  0x00, 0x10, 0x8e, 0x80, 0x80, 0x80, 0x00, 0x00, 0x0b, 0x26, 0x01, 0x01, 0x7f, 0x23, 0x80, 0x80, 0x80, 0x80, 0x00, 0x41,
  0x10, 0x6b, 0x22, 0x03, 0x24, 0x80, 0x80, 0x80, 0x80, 0x00, 0x41, 0xbc, 0x82, 0x84, 0x80, 0x00, 0x20, 0x03, 0x20, 0x02,
  0x10, 0x8b, 0x80, 0x80, 0x80, 0x00, 0x00, 0x0b, 0xb5, 0x10, 0x04, 0x09, 0x7f, 0x01, 0x7e, 0x01, 0x7f, 0x01, 0x7b, 0x23,
  0x80, 0x80, 0x80, 0x80, 0x00, 0x41, 0xb0, 0x03, 0x6b, 0x22, 0x07, 0x24, 0x80, 0x80, 0x80, 0x80, 0x00, 0x02, 0x40, 0x02,
  0x40, 0x02, 0x40, 0x02, 0x40, 0x02, 0x40, 0x02, 0x40, 0x02, 0x40, 0x02, 0x40, 0x02, 0x40, 0x02, 0x40, 0x20, 0x01, 0x41,
  0x80, 0x20, 0x41, 0x80, 0x08, 0x20, 0x04, 0x1b, 0x4d, 0x0d, 0x00, 0x20, 0x01, 0x42, 0x7f, 0x20, 0x01, 0x41, 0x01, 0x6a,
  0x41, 0x01, 0x76, 0xad, 0x42, 0x7f, 0x7c, 0x79, 0x88, 0xa7, 0x22, 0x08, 0x4d, 0x0d, 0x03, 0x20, 0x07, 0x41, 0x00, 0x41,
  0x80, 0x02, 0xfc, 0x0b, 0x00, 0x20, 0x00, 0x20, 0x08, 0x41, 0x01, 0x6a, 0x22, 0x08, 0x20, 0x02, 0x20, 0x03, 0x20, 0x04,
  0x20, 0x07, 0x41, 0x20, 0x41, 0x80, 0x01, 0x41, 0xc0, 0x00, 0x20, 0x04, 0x1b, 0x20, 0x08, 0x41, 0x80, 0x08, 0x46, 0x1b,
  0x22, 0x09, 0x10, 0x8f, 0x80, 0x80, 0x80, 0x00, 0x21, 0x0a, 0x20, 0x00, 0x20, 0x08, 0x6a, 0x20, 0x01, 0x20, 0x08, 0x6b,
  0x20, 0x02, 0x20, 0x08, 0x41, 0x0a, 0x76, 0xad, 0x7c, 0x20, 0x03, 0x20, 0x04, 0x20, 0x07, 0x20, 0x09, 0x6a, 0x41, 0x80,
  0x02, 0x20, 0x09, 0x6b, 0x10, 0x8f, 0x80, 0x80, 0x80, 0x00, 0x21, 0x01, 0x20, 0x0a, 0x41, 0x01, 0x47, 0x0d, 0x02, 0x20,
  0x06, 0x41, 0x3f, 0x4b, 0x0d, 0x01, 0x41, 0x00, 0x41, 0xc0, 0x00, 0x20, 0x06, 0x41, 0x94, 0x84, 0x84, 0x80, 0x00, 0x10,
  0x91, 0x80, 0x80, 0x80, 0x00, 0x00, 0x0b, 0x02, 0x40, 0x20, 0x01, 0x41, 0x80, 0x38, 0x71, 0x22, 0x0b, 0x0d, 0x00, 0x41,
  0x00, 0x21, 0x0a, 0x41, 0x00, 0x21, 0x0c, 0x0c, 0x06, 0x0b, 0x20, 0x07, 0x41, 0x90, 0x02, 0x6a, 0x20, 0x00, 0x36, 0x02,
  0x00, 0x41, 0x00, 0x21, 0x0a, 0x02, 0x40, 0x20, 0x0b, 0x41, 0x80, 0x08, 0x47, 0x0d, 0x00, 0x41, 0x01, 0x21, 0x0c, 0x0c,
  0x06, 0x0b, 0x20, 0x07, 0x20, 0x00, 0x41, 0x80, 0x08, 0x6a, 0x36, 0x02, 0x94, 0x02, 0x02, 0x40, 0x20, 0x0b, 0x41, 0x80,
  0x10, 0x47, 0x0d, 0x00, 0x41, 0x02, 0x21, 0x0c, 0x0c, 0x06, 0x0b, 0x20, 0x07, 0x20, 0x00, 0x41, 0x80, 0x10, 0x6a, 0x36,
  0x02, 0x98, 0x02, 0x02, 0x40, 0x20, 0x0b, 0x41, 0x80, 0x18, 0x47, 0x0d, 0x00, 0x41, 0x03, 0x21, 0x0c, 0x0c, 0x06, 0x0b,
  0x20, 0x07, 0x20, 0x00, 0x41, 0x80, 0x18, 0x6a, 0x36, 0x02, 0x9c, 0x02, 0x20, 0x0b, 0x41, 0x80, 0x20, 0x47, 0x0d, 0x04,
  0x41, 0x04, 0x21, 0x0c, 0x41, 0x01, 0x21, 0x0a, 0x0c, 0x05, 0x0b, 0x20, 0x05, 0x20, 0x07, 0xfd, 0x00, 0x00, 0x30, 0xfd,
  0x0b, 0x00, 0x30, 0x20, 0x05, 0x20, 0x07, 0xfd, 0x00, 0x00, 0x20, 0xfd, 0x0b, 0x00, 0x20, 0x20, 0x05, 0x20, 0x07, 0xfd,
  0x00, 0x00, 0x10, 0xfd, 0x0b, 0x00, 0x10, 0x20, 0x05, 0x20, 0x07, 0xfd, 0x00, 0x00, 0x00, 0xfd, 0x0b, 0x00, 0x00, 0x41,
  0x02, 0x21, 0x0c, 0x0c, 0x05, 0x0b, 0x20, 0x01, 0x20, 0x0a, 0x6a, 0x22, 0x01, 0x41, 0x05, 0x74, 0x21, 0x08, 0x20, 0x01,
  0x41, 0x09, 0x4f, 0x0d, 0x01, 0x20, 0x07, 0x20, 0x08, 0x20, 0x03, 0x20, 0x04, 0x20, 0x05, 0x20, 0x06, 0x10, 0x90, 0x80,
  0x80, 0x80, 0x00, 0x21, 0x0c, 0x0c, 0x04, 0x0b, 0x41, 0x84, 0x86, 0x84, 0x80, 0x00, 0x41, 0x13, 0x41, 0x84, 0x84, 0x84,
  0x80, 0x00, 0x10, 0x8b, 0x80, 0x80, 0x80, 0x00, 0x00, 0x0b, 0x41, 0x00, 0x20, 0x08, 0x41, 0x80, 0x02, 0x41, 0xa4, 0x84,
  0x84, 0x80, 0x00, 0x10, 0x91, 0x80, 0x80, 0x80, 0x00, 0x00, 0x0b, 0x20, 0x07, 0x41, 0xb0, 0x87, 0x84, 0x80, 0x00, 0x41,
  0xb4, 0x85, 0x84, 0x80, 0x00, 0x10, 0x8e, 0x80, 0x80, 0x80, 0x00, 0x00, 0x0b, 0x20, 0x07, 0x41, 0x90, 0x02, 0x6a, 0x21,
  0x09, 0x20, 0x01, 0x41, 0xff, 0x07, 0x71, 0x21, 0x0d, 0x20, 0x07, 0x20, 0x0c, 0x36, 0x02, 0x8c, 0x02, 0x02, 0x40, 0x02,
  0x40, 0x20, 0x04, 0x45, 0x0d, 0x00, 0x41, 0x04, 0x21, 0x0e, 0x20, 0x06, 0x21, 0x0f, 0x20, 0x05, 0x21, 0x08, 0x20, 0x02,
  0x21, 0x10, 0x20, 0x0c, 0x21, 0x01, 0x02, 0x40, 0x20, 0x0a, 0x20, 0x06, 0x41, 0xff, 0x00, 0x4b, 0x71, 0x41, 0x01, 0x47,
  0x0d, 0x00, 0x41, 0x00, 0x21, 0x01, 0x20, 0x09, 0x41, 0x10, 0x20, 0x02, 0x41, 0x00, 0x20, 0x03, 0x41, 0x01, 0x41, 0x02,
  0x20, 0x05, 0x10, 0x92, 0x80, 0x80, 0x80, 0x00, 0x20, 0x02, 0x42, 0x04, 0x7c, 0x21, 0x10, 0x20, 0x06, 0x41, 0x80, 0x7f,
  0x6a, 0x21, 0x0f, 0x20, 0x05, 0x41, 0x80, 0x01, 0x6a, 0x21, 0x08, 0x41, 0x14, 0x21, 0x0e, 0x0b, 0x20, 0x0f, 0x41, 0x05,
  0x76, 0x22, 0x09, 0x20, 0x01, 0x20, 0x09, 0x20, 0x01, 0x49, 0x1b, 0x22, 0x0a, 0x45, 0x0d, 0x01, 0x20, 0x03, 0x41, 0x02,
  0x72, 0x21, 0x0f, 0x20, 0x03, 0x41, 0x01, 0x72, 0x21, 0x11, 0x20, 0x07, 0x41, 0x8c, 0x02, 0x6a, 0x20, 0x0e, 0x6a, 0x21,
  0x09, 0x03, 0x40, 0x20, 0x09, 0x28, 0x02, 0x00, 0x21, 0x01, 0x20, 0x07, 0x41, 0x00, 0xfd, 0x00, 0x04, 0xc0, 0x89, 0x85,
  0x80, 0x00, 0xfd, 0x0b, 0x03, 0x10, 0x20, 0x07, 0x41, 0x00, 0xfd, 0x00, 0x04, 0xb0, 0x89, 0x85, 0x80, 0x00, 0xfd, 0x0b,
  0x03, 0x00, 0x20, 0x07, 0x20, 0x01, 0x41, 0xc0, 0x00, 0x20, 0x10, 0x20, 0x11, 0x10, 0x84, 0x80, 0x80, 0x80, 0x00, 0x20,
  0x07, 0x20, 0x01, 0x41, 0xc0, 0x00, 0x6a, 0x41, 0xc0, 0x00, 0x20, 0x10, 0x20, 0x03, 0x10, 0x84, 0x80, 0x80, 0x80, 0x00,
  0x20, 0x07, 0x20, 0x01, 0x41, 0x80, 0x01, 0x6a, 0x41, 0xc0, 0x00, 0x20, 0x10, 0x20, 0x03, 0x10, 0x84, 0x80, 0x80, 0x80,
  0x00, 0x20, 0x07, 0x20, 0x01, 0x41, 0xc0, 0x01, 0x6a, 0x41, 0xc0, 0x00, 0x20, 0x10, 0x20, 0x03, 0x10, 0x84, 0x80, 0x80,
  0x80, 0x00, 0x20, 0x07, 0x20, 0x01, 0x41, 0x80, 0x02, 0x6a, 0x41, 0xc0, 0x00, 0x20, 0x10, 0x20, 0x03, 0x10, 0x84, 0x80,
  0x80, 0x80, 0x00, 0x20, 0x07, 0x20, 0x01, 0x41, 0xc0, 0x02, 0x6a, 0x41, 0xc0, 0x00, 0x20, 0x10, 0x20, 0x03, 0x10, 0x84,
  0x80, 0x80, 0x80, 0x00, 0x20, 0x07, 0x20, 0x01, 0x41, 0x80, 0x03, 0x6a, 0x41, 0xc0, 0x00, 0x20, 0x10, 0x20, 0x03, 0x10,
  0x84, 0x80, 0x80, 0x80, 0x00, 0x20, 0x07, 0x20, 0x01, 0x41, 0xc0, 0x03, 0x6a, 0x41, 0xc0, 0x00, 0x20, 0x10, 0x20, 0x03,
  0x10, 0x84, 0x80, 0x80, 0x80, 0x00, 0x20, 0x07, 0x20, 0x01, 0x41, 0x80, 0x04, 0x6a, 0x41, 0xc0, 0x00, 0x20, 0x10, 0x20,
  0x03, 0x10, 0x84, 0x80, 0x80, 0x80, 0x00, 0x20, 0x07, 0x20, 0x01, 0x41, 0xc0, 0x04, 0x6a, 0x41, 0xc0, 0x00, 0x20, 0x10,
  0x20, 0x03, 0x10, 0x84, 0x80, 0x80, 0x80, 0x00, 0x20, 0x07, 0x20, 0x01, 0x41, 0x80, 0x05, 0x6a, 0x41, 0xc0, 0x00, 0x20,
  0x10, 0x20, 0x03, 0x10, 0x84, 0x80, 0x80, 0x80, 0x00, 0x20, 0x07, 0x20, 0x01, 0x41, 0xc0, 0x05, 0x6a, 0x41, 0xc0, 0x00,
  0x20, 0x10, 0x20, 0x03, 0x10, 0x84, 0x80, 0x80, 0x80, 0x00, 0x20, 0x07, 0x20, 0x01, 0x41, 0x80, 0x06, 0x6a, 0x41, 0xc0,
  0x00, 0x20, 0x10, 0x20, 0x03, 0x10, 0x84, 0x80, 0x80, 0x80, 0x00, 0x20, 0x07, 0x20, 0x01, 0x41, 0xc0, 0x06, 0x6a, 0x41,
  0xc0, 0x00, 0x20, 0x10, 0x20, 0x03, 0x10, 0x84, 0x80, 0x80, 0x80, 0x00, 0x20, 0x07, 0x20, 0x01, 0x41, 0x80, 0x07, 0x6a,
  0x41, 0xc0, 0x00, 0x20, 0x10, 0x20, 0x03, 0x10, 0x84, 0x80, 0x80, 0x80, 0x00, 0x20, 0x07, 0x20, 0x01, 0x41, 0xc0, 0x07,
  0x6a, 0x41, 0xc0, 0x00, 0x20, 0x10, 0x20, 0x0f, 0x10, 0x84, 0x80, 0x80, 0x80, 0x00, 0x20, 0x08, 0x20, 0x07, 0xfd, 0x00,
  0x03, 0x10, 0xfd, 0x0b, 0x00, 0x10, 0x20, 0x08, 0x20, 0x07, 0xfd, 0x00, 0x03, 0x00, 0xfd, 0x0b, 0x00, 0x00, 0x20, 0x09,
  0x41, 0x04, 0x6a, 0x21, 0x09, 0x20, 0x08, 0x41, 0x20, 0x6a, 0x21, 0x08, 0x20, 0x10, 0x42, 0x01, 0x7c, 0x21, 0x10, 0x20,
  0x0a, 0x41, 0x7f, 0x6a, 0x22, 0x0a, 0x0d, 0x00, 0x0c, 0x02, 0x0b, 0x0b, 0x20, 0x06, 0x41, 0x05, 0x76, 0x22, 0x01, 0x20,
  0x0c, 0x20, 0x01, 0x20, 0x0c, 0x49, 0x1b, 0x22, 0x0a, 0x45, 0x0d, 0x00, 0x20, 0x03, 0x41, 0x02, 0x72, 0x21, 0x0f, 0x20,
  0x03, 0x41, 0x01, 0x72, 0x21, 0x11, 0x20, 0x05, 0x21, 0x08, 0x20, 0x02, 0x21, 0x10, 0x03, 0x40, 0x20, 0x09, 0x28, 0x02,
  0x00, 0x21, 0x01, 0x20, 0x07, 0x41, 0x00, 0xfd, 0x00, 0x04, 0xc0, 0x89, 0x85, 0x80, 0x00, 0xfd, 0x0b, 0x04, 0x10, 0x20,
  0x07, 0x41, 0x00, 0xfd, 0x00, 0x04, 0xb0, 0x89, 0x85, 0x80, 0x00, 0xfd, 0x0b, 0x04, 0x00, 0x20, 0x07, 0x20, 0x01, 0x41,
  0xc0, 0x00, 0x20, 0x10, 0x20, 0x11, 0x10, 0x83, 0x80, 0x80, 0x80, 0x00, 0x20, 0x07, 0x20, 0x01, 0x41, 0xc0, 0x00, 0x6a,
  0x41, 0xc0, 0x00, 0x20, 0x10, 0x20, 0x03, 0x10, 0x83, 0x80, 0x80, 0x80, 0x00, 0x20, 0x07, 0x20, 0x01, 0x41, 0x80, 0x01,
  0x6a, 0x41, 0xc0, 0x00, 0x20, 0x10, 0x20, 0x03, 0x10, 0x83, 0x80, 0x80, 0x80, 0x00, 0x20, 0x07, 0x20, 0x01, 0x41, 0xc0,
  0x01, 0x6a, 0x41, 0xc0, 0x00, 0x20, 0x10, 0x20, 0x03, 0x10, 0x83, 0x80, 0x80, 0x80, 0x00, 0x20, 0x07, 0x20, 0x01, 0x41,
  0x80, 0x02, 0x6a, 0x41, 0xc0, 0x00, 0x20, 0x10, 0x20, 0x03, 0x10, 0x83, 0x80, 0x80, 0x80, 0x00, 0x20, 0x07, 0x20, 0x01,
  0x41, 0xc0, 0x02, 0x6a, 0x41, 0xc0, 0x00, 0x20, 0x10, 0x20, 0x03, 0x10, 0x83, 0x80, 0x80, 0x80, 0x00, 0x20, 0x07, 0x20,
  0x01, 0x41, 0x80, 0x03, 0x6a, 0x41, 0xc0, 0x00, 0x20, 0x10, 0x20, 0x03, 0x10, 0x83, 0x80, 0x80, 0x80, 0x00, 0x20, 0x07,
  0x20, 0x01, 0x41, 0xc0, 0x03, 0x6a, 0x41, 0xc0, 0x00, 0x20, 0x10, 0x20, 0x03, 0x10, 0x83, 0x80, 0x80, 0x80, 0x00, 0x20,
  0x07, 0x20, 0x01, 0x41, 0x80, 0x04, 0x6a, 0x41, 0xc0, 0x00, 0x20, 0x10, 0x20, 0x03, 0x10, 0x83, 0x80, 0x80, 0x80, 0x00,
  0x20, 0x07, 0x20, 0x01, 0x41, 0xc0, 0x04, 0x6a, 0x41, 0xc0, 0x00, 0x20, 0x10, 0x20, 0x03, 0x10, 0x83, 0x80, 0x80, 0x80,
  0x00, 0x20, 0x07, 0x20, 0x01, 0x41, 0x80, 0x05, 0x6a, 0x41, 0xc0, 0x00, 0x20, 0x10, 0x20, 0x03, 0x10, 0x83, 0x80, 0x80,
  0x80, 0x00, 0x20, 0x07, 0x20, 0x01, 0x41, 0xc0, 0x05, 0x6a, 0x41, 0xc0, 0x00, 0x20, 0x10, 0x20, 0x03, 0x10, 0x83, 0x80,
  0x80, 0x80, 0x00, 0x20, 0x07, 0x20, 0x01, 0x41, 0x80, 0x06, 0x6a, 0x41, 0xc0, 0x00, 0x20, 0x10, 0x20, 0x03, 0x10, 0x83,
  0x80, 0x80, 0x80, 0x00, 0x20, 0x07, 0x20, 0x01, 0x41, 0xc0, 0x06, 0x6a, 0x41, 0xc0, 0x00, 0x20, 0x10, 0x20, 0x03, 0x10,
  0x83, 0x80, 0x80, 0x80, 0x00, 0x20, 0x07, 0x20, 0x01, 0x41, 0x80, 0x07, 0x6a, 0x41, 0xc0, 0x00, 0x20, 0x10, 0x20, 0x03,
  0x10, 0x83, 0x80, 0x80, 0x80, 0x00, 0x20, 0x07, 0x20, 0x01, 0x41, 0xc0, 0x07, 0x6a, 0x41, 0xc0, 0x00, 0x20, 0x10, 0x20,
  0x0f, 0x10, 0x83, 0x80, 0x80, 0x80, 0x00, 0x20, 0x08, 0x20, 0x07, 0xfd, 0x00, 0x04, 0x00, 0xfd, 0x0b, 0x00, 0x00, 0x20,
  0x08, 0x41, 0x10, 0x6a, 0x20, 0x07, 0xfd, 0x00, 0x04, 0x10, 0xfd, 0x0b, 0x00, 0x00, 0x20, 0x09, 0x41, 0x04, 0x6a, 0x21,
  0x09, 0x20, 0x08, 0x41, 0x20, 0x6a, 0x21, 0x08, 0x20, 0x10, 0x42, 0x01, 0x7c, 0x21, 0x10, 0x20, 0x0a, 0x41, 0x7f, 0x6a,
  0x22, 0x0a, 0x0d, 0x00, 0x0b, 0x0b, 0x20, 0x0d, 0x45, 0x0d, 0x00, 0x20, 0x07, 0xfd, 0x0c, 0x00, 0x00, 0x00, 0x00, 0x00,
  0x00, 0x00, 0x00, 0x00, 0x00, 0x00, 0x00, 0x00, 0x00, 0x00, 0x00, 0x22, 0x12, 0xfd, 0x0b, 0x03, 0xd0, 0x02, 0x20, 0x07,
  0x20, 0x12, 0xfd, 0x0b, 0x03, 0xc0, 0x02, 0x20, 0x07, 0x20, 0x12, 0xfd, 0x0b, 0x03, 0xb0, 0x02, 0x20, 0x07, 0x20, 0x12,
  0xfd, 0x0b, 0x03, 0xa0, 0x02, 0x20, 0x07, 0x20, 0x04, 0x3a, 0x00, 0x8b, 0x03, 0x20, 0x07, 0x20, 0x03, 0x3a, 0x00, 0x8a,
  0x03, 0x20, 0x07, 0x41, 0x00, 0x3b, 0x01, 0x88, 0x03, 0x20, 0x07, 0x41, 0x00, 0xfd, 0x00, 0x04, 0xb0, 0x89, 0x85, 0x80,
  0x00, 0xfd, 0x0b, 0x03, 0xe0, 0x02, 0x20, 0x07, 0x41, 0x00, 0xfd, 0x00, 0x04, 0xc0, 0x89, 0x85, 0x80, 0x00, 0xfd, 0x0b,
  0x03, 0xf0, 0x02, 0x20, 0x07, 0x20, 0x02, 0x20, 0x0c, 0xad, 0x7c, 0x37, 0x03, 0x80, 0x03, 0x20, 0x07, 0x41, 0xa0, 0x02,
  0x6a, 0x20, 0x00, 0x20, 0x0b, 0x6a, 0x20, 0x0d, 0x10, 0x8c, 0x80, 0x80, 0x80, 0x00, 0x21, 0x03, 0x20, 0x07, 0x20, 0x07,
  0xfd, 0x00, 0x03, 0xe0, 0x02, 0xfd, 0x0b, 0x03, 0x40, 0x20, 0x07, 0x20, 0x07, 0xfd, 0x00, 0x03, 0xf0, 0x02, 0xfd, 0x0b,
  0x03, 0x50, 0x20, 0x07, 0x20, 0x03, 0xfd, 0x00, 0x03, 0x00, 0xfd, 0x0b, 0x03, 0x00, 0x20, 0x07, 0x20, 0x03, 0xfd, 0x00,
  0x03, 0x10, 0xfd, 0x0b, 0x03, 0x10, 0x20, 0x07, 0x20, 0x03, 0xfd, 0x00, 0x03, 0x20, 0xfd, 0x0b, 0x03, 0x20, 0x20, 0x07,
  0x20, 0x03, 0xfd, 0x00, 0x03, 0x30, 0xfd, 0x0b, 0x03, 0x30, 0x20, 0x07, 0x2d, 0x00, 0x8a, 0x03, 0x21, 0x08, 0x20, 0x07,
  0x2d, 0x00, 0x89, 0x03, 0x21, 0x09, 0x20, 0x07, 0x2d, 0x00, 0x8b, 0x03, 0x21, 0x01, 0x20, 0x07, 0x2d, 0x00, 0x88, 0x03,
  0x21, 0x03, 0x20, 0x07, 0x20, 0x07, 0x29, 0x03, 0x80, 0x03, 0x22, 0x10, 0x37, 0x03, 0x60, 0x20, 0x07, 0x20, 0x03, 0x3a,
  0x00, 0x68, 0x20, 0x07, 0x20, 0x01, 0x3a, 0x00, 0x6a, 0x20, 0x07, 0x20, 0x08, 0x20, 0x09, 0x45, 0x72, 0x41, 0x02, 0x72,
  0x22, 0x08, 0x3a, 0x00, 0x69, 0x20, 0x07, 0x20, 0x07, 0xfd, 0x00, 0x03, 0xf0, 0x02, 0xfd, 0x0b, 0x04, 0xa0, 0x03, 0x20,
  0x07, 0x20, 0x07, 0xfd, 0x00, 0x03, 0xe0, 0x02, 0xfd, 0x0b, 0x04, 0x90, 0x03, 0x02, 0x40, 0x02, 0x40, 0x20, 0x01, 0x41,
  0x01, 0x47, 0x0d, 0x00, 0x20, 0x07, 0x41, 0x90, 0x03, 0x6a, 0x20, 0x07, 0x20, 0x03, 0x20, 0x10, 0x20, 0x08, 0x10, 0x84,
  0x80, 0x80, 0x80, 0x00, 0x0c, 0x01, 0x0b, 0x20, 0x07, 0x41, 0x90, 0x03, 0x6a, 0x20, 0x07, 0x20, 0x03, 0x20, 0x10, 0x20,
  0x08, 0x10, 0x83, 0x80, 0x80, 0x80, 0x00, 0x0b, 0x20, 0x06, 0x20, 0x0c, 0x41, 0x05, 0x74, 0x22, 0x03, 0x49, 0x0d, 0x01,
  0x20, 0x06, 0x20, 0x03, 0x6b, 0x22, 0x01, 0x41, 0x1f, 0x4d, 0x0d, 0x02, 0x20, 0x07, 0xfd, 0x00, 0x04, 0x90, 0x03, 0x21,
  0x12, 0x20, 0x05, 0x20, 0x03, 0x6a, 0x22, 0x03, 0x20, 0x07, 0xfd, 0x00, 0x04, 0xa0, 0x03, 0xfd, 0x0b, 0x00, 0x10, 0x20,
  0x03, 0x20, 0x12, 0xfd, 0x0b, 0x00, 0x00, 0x20, 0x0c, 0x41, 0x01, 0x6a, 0x21, 0x0c, 0x0b, 0x20, 0x07, 0x41, 0xb0, 0x03,
  0x6a, 0x24, 0x80, 0x80, 0x80, 0x80, 0x00, 0x20, 0x0c, 0x0f, 0x0b, 0x20, 0x03, 0x20, 0x06, 0x20, 0x06, 0x41, 0xa4, 0x85,
  0x84, 0x80, 0x00, 0x10, 0x91, 0x80, 0x80, 0x80, 0x00, 0x00, 0x0b, 0x41, 0x00, 0x41, 0x20, 0x20, 0x01, 0x41, 0x94, 0x85,
  0x84, 0x80, 0x00, 0x10, 0x91, 0x80, 0x80, 0x80, 0x00, 0x00, 0x0b, 0xe7, 0x05, 0x01, 0x08, 0x7f, 0x23, 0x80, 0x80, 0x80,
  0x80, 0x00, 0x41, 0xc0, 0x00, 0x6b, 0x22, 0x06, 0x24, 0x80, 0x80, 0x80, 0x80, 0x00, 0x02, 0x40, 0x02, 0x40, 0x20, 0x01,
  0x41, 0xc0, 0x03, 0x71, 0x22, 0x07, 0x0d, 0x00, 0x41, 0x00, 0x21, 0x08, 0x41, 0x00, 0x21, 0x09, 0x0c, 0x01, 0x0b, 0x20,
  0x06, 0x41, 0x0c, 0x6a, 0x41, 0x04, 0x6a, 0x20, 0x00, 0x36, 0x02, 0x00, 0x41, 0x00, 0x21, 0x08, 0x02, 0x40, 0x20, 0x07,
  0x41, 0xc0, 0x00, 0x47, 0x0d, 0x00, 0x41, 0x01, 0x21, 0x09, 0x0c, 0x01, 0x0b, 0x20, 0x06, 0x20, 0x00, 0x41, 0xc0, 0x00,
  0x6a, 0x36, 0x02, 0x14, 0x02, 0x40, 0x20, 0x07, 0x41, 0x80, 0x01, 0x47, 0x0d, 0x00, 0x41, 0x02, 0x21, 0x09, 0x0c, 0x01,
  0x0b, 0x20, 0x06, 0x20, 0x00, 0x41, 0x80, 0x01, 0x6a, 0x36, 0x02, 0x18, 0x02, 0x40, 0x20, 0x07, 0x41, 0xc0, 0x01, 0x47,
  0x0d, 0x00, 0x41, 0x03, 0x21, 0x09, 0x0c, 0x01, 0x0b, 0x20, 0x06, 0x20, 0x00, 0x41, 0xc0, 0x01, 0x6a, 0x36, 0x02, 0x1c,
  0x02, 0x40, 0x20, 0x07, 0x41, 0x80, 0x02, 0x47, 0x0d, 0x00, 0x41, 0x04, 0x21, 0x09, 0x41, 0x01, 0x21, 0x08, 0x0c, 0x01,
  0x0b, 0x20, 0x06, 0x41, 0x20, 0x6a, 0x41, 0xc0, 0x87, 0x84, 0x80, 0x00, 0x41, 0xf4, 0x85, 0x84, 0x80, 0x00, 0x10, 0x8e,
  0x80, 0x80, 0x80, 0x00, 0x00, 0x0b, 0x20, 0x01, 0x41, 0x3f, 0x71, 0x21, 0x0a, 0x20, 0x06, 0x41, 0x0c, 0x6a, 0x41, 0x04,
  0x6a, 0x21, 0x0b, 0x20, 0x06, 0x20, 0x09, 0x36, 0x02, 0x0c, 0x20, 0x02, 0x41, 0x04, 0x72, 0x21, 0x02, 0x02, 0x40, 0x02,
  0x40, 0x20, 0x03, 0x45, 0x0d, 0x00, 0x41, 0x04, 0x21, 0x0c, 0x20, 0x05, 0x21, 0x0d, 0x20, 0x04, 0x21, 0x01, 0x20, 0x09,
  0x21, 0x03, 0x02, 0x40, 0x20, 0x08, 0x20, 0x05, 0x41, 0xff, 0x00, 0x4b, 0x71, 0x41, 0x01, 0x47, 0x0d, 0x00, 0x41, 0x00,
  0x21, 0x03, 0x20, 0x0b, 0x41, 0x01, 0x42, 0x00, 0x41, 0x01, 0x20, 0x02, 0x41, 0x00, 0x41, 0x00, 0x20, 0x04, 0x10, 0x92,
  0x80, 0x80, 0x80, 0x00, 0x20, 0x05, 0x41, 0x80, 0x7f, 0x6a, 0x21, 0x0d, 0x20, 0x04, 0x41, 0x80, 0x01, 0x6a, 0x21, 0x01,
  0x41, 0x14, 0x21, 0x0c, 0x0b, 0x20, 0x0d, 0x41, 0x05, 0x76, 0x22, 0x0b, 0x20, 0x03, 0x20, 0x0b, 0x20, 0x03, 0x49, 0x1b,
  0x22, 0x03, 0x45, 0x0d, 0x01, 0x20, 0x06, 0x41, 0x0c, 0x6a, 0x20, 0x0c, 0x6a, 0x21, 0x0b, 0x03, 0x40, 0x20, 0x0b, 0x28,
  0x02, 0x00, 0x21, 0x08, 0x20, 0x06, 0x41, 0x00, 0xfd, 0x00, 0x04, 0xc0, 0x89, 0x85, 0x80, 0x00, 0xfd, 0x0b, 0x03, 0x30,
  0x20, 0x06, 0x41, 0x00, 0xfd, 0x00, 0x04, 0xb0, 0x89, 0x85, 0x80, 0x00, 0xfd, 0x0b, 0x03, 0x20, 0x20, 0x06, 0x41, 0x20,
  0x6a, 0x20, 0x08, 0x41, 0xc0, 0x00, 0x42, 0x00, 0x20, 0x02, 0x10, 0x84, 0x80, 0x80, 0x80, 0x00, 0x20, 0x01, 0x20, 0x06,
  0xfd, 0x00, 0x03, 0x30, 0xfd, 0x0b, 0x00, 0x10, 0x20, 0x01, 0x20, 0x06, 0xfd, 0x00, 0x03, 0x20, 0xfd, 0x0b, 0x00, 0x00,
  0x20, 0x0b, 0x41, 0x04, 0x6a, 0x21, 0x0b, 0x20, 0x01, 0x41, 0x20, 0x6a, 0x21, 0x01, 0x20, 0x03, 0x41, 0x7f, 0x6a, 0x22,
  0x03, 0x0d, 0x00, 0x0c, 0x02, 0x0b, 0x0b, 0x20, 0x05, 0x41, 0x05, 0x76, 0x22, 0x01, 0x20, 0x09, 0x20, 0x01, 0x20, 0x09,
  0x49, 0x1b, 0x22, 0x03, 0x45, 0x0d, 0x00, 0x20, 0x04, 0x21, 0x01, 0x03, 0x40, 0x20, 0x0b, 0x28, 0x02, 0x00, 0x21, 0x08,
  0x20, 0x06, 0x41, 0x00, 0xfd, 0x00, 0x04, 0xc0, 0x89, 0x85, 0x80, 0x00, 0xfd, 0x0b, 0x04, 0x30, 0x20, 0x06, 0x41, 0x00,
  0xfd, 0x00, 0x04, 0xb0, 0x89, 0x85, 0x80, 0x00, 0xfd, 0x0b, 0x04, 0x20, 0x20, 0x06, 0x41, 0x20, 0x6a, 0x20, 0x08, 0x41,
  0xc0, 0x00, 0x42, 0x00, 0x20, 0x02, 0x10, 0x83, 0x80, 0x80, 0x80, 0x00, 0x20, 0x01, 0x20, 0x06, 0xfd, 0x00, 0x04, 0x20,
  0xfd, 0x0b, 0x00, 0x00, 0x20, 0x01, 0x41, 0x10, 0x6a, 0x20, 0x06, 0xfd, 0x00, 0x04, 0x30, 0xfd, 0x0b, 0x00, 0x00, 0x20,
  0x0b, 0x41, 0x04, 0x6a, 0x21, 0x0b, 0x20, 0x01, 0x41, 0x20, 0x6a, 0x21, 0x01, 0x20, 0x03, 0x41, 0x7f, 0x6a, 0x22, 0x03,
  0x0d, 0x00, 0x0b, 0x0b, 0x02, 0x40, 0x02, 0x40, 0x02, 0x40, 0x02, 0x40, 0x20, 0x0a, 0x45, 0x0d, 0x00, 0x20, 0x05, 0x20,
  0x09, 0x41, 0x05, 0x74, 0x22, 0x01, 0x49, 0x0d, 0x01, 0x20, 0x05, 0x20, 0x01, 0x6b, 0x22, 0x0b, 0x41, 0x1f, 0x4d, 0x0d,
  0x02, 0x20, 0x0a, 0x41, 0x20, 0x47, 0x0d, 0x03, 0x20, 0x04, 0x20, 0x01, 0x6a, 0x22, 0x01, 0x20, 0x00, 0x20, 0x07, 0x6a,
  0x22, 0x0b, 0xfd, 0x00, 0x00, 0x10, 0xfd, 0x0b, 0x00, 0x10, 0x20, 0x01, 0x20, 0x0b, 0xfd, 0x00, 0x00, 0x00, 0xfd, 0x0b,
  0x00, 0x00, 0x20, 0x09, 0x41, 0x01, 0x6a, 0x21, 0x09, 0x0b, 0x20, 0x06, 0x41, 0xc0, 0x00, 0x6a, 0x24, 0x80, 0x80, 0x80,
  0x80, 0x00, 0x20, 0x09, 0x0f, 0x0b, 0x20, 0x01, 0x20, 0x05, 0x20, 0x05, 0x41, 0xe4, 0x85, 0x84, 0x80, 0x00, 0x10, 0x91,
  0x80, 0x80, 0x80, 0x00, 0x00, 0x0b, 0x41, 0x00, 0x41, 0x20, 0x20, 0x0b, 0x41, 0xc4, 0x85, 0x84, 0x80, 0x00, 0x10, 0x91,
  0x80, 0x80, 0x80, 0x00, 0x00, 0x0b, 0x20, 0x0a, 0x10, 0x93, 0x80, 0x80, 0x80, 0x00, 0x00, 0x0b, 0x77, 0x01, 0x01, 0x7f,
  0x23, 0x80, 0x80, 0x80, 0x80, 0x00, 0x41, 0x10, 0x6b, 0x22, 0x04, 0x24, 0x80, 0x80, 0x80, 0x80, 0x00, 0x02, 0x40, 0x02,
  0x40, 0x02, 0x40, 0x20, 0x00, 0x20, 0x02, 0x4b, 0x0d, 0x00, 0x20, 0x01, 0x20, 0x02, 0x4b, 0x0d, 0x01, 0x20, 0x00, 0x20,
  0x01, 0x4d, 0x0d, 0x02, 0x41, 0xa0, 0x80, 0x84, 0x80, 0x00, 0x20, 0x04, 0x20, 0x03, 0x10, 0x8b, 0x80, 0x80, 0x80, 0x00,
  0x00, 0x0b, 0x41, 0xff, 0x80, 0x84, 0x80, 0x00, 0x20, 0x04, 0x20, 0x03, 0x10, 0x8b, 0x80, 0x80, 0x80, 0x00, 0x00, 0x0b,
  0x41, 0xb8, 0x81, 0x84, 0x80, 0x00, 0x20, 0x04, 0x20, 0x03, 0x10, 0x8b, 0x80, 0x80, 0x80, 0x00, 0x00, 0x0b, 0x41, 0xb8,
  0x81, 0x84, 0x80, 0x00, 0x20, 0x04, 0x20, 0x03, 0x10, 0x8b, 0x80, 0x80, 0x80, 0x00, 0x00, 0x0b, 0x9f, 0x48, 0x08, 0x03,
  0x7e, 0x02, 0x7b, 0x03, 0x7f, 0x05, 0x7b, 0x04, 0x7f, 0x08, 0x7b, 0x01, 0x7f, 0x1b, 0x7b, 0x20, 0x02, 0xa7, 0xfd, 0x11,
  0x20, 0x02, 0x20, 0x03, 0x41, 0x01, 0x73, 0xad, 0x7c, 0x22, 0x08, 0xa7, 0xfd, 0x1c, 0x01, 0x42, 0x00, 0x42, 0x02, 0x20,
  0x03, 0x1b, 0x20, 0x02, 0x7c, 0x22, 0x09, 0xa7, 0xfd, 0x1c, 0x02, 0x42, 0x00, 0x42, 0x03, 0x20, 0x03, 0x1b, 0x20, 0x02,
  0x7c, 0x22, 0x0a, 0xa7, 0xfd, 0x1c, 0x03, 0x21, 0x0b, 0x20, 0x02, 0x42, 0x20, 0x88, 0xa7, 0xfd, 0x11, 0x20, 0x08, 0x42,
  0x20, 0x88, 0xa7, 0xfd, 0x1c, 0x01, 0x20, 0x09, 0x42, 0x20, 0x88, 0xa7, 0xfd, 0x1c, 0x02, 0x20, 0x0a, 0x42, 0x20, 0x88,
  0xa7, 0xfd, 0x1c, 0x03, 0x21, 0x0c, 0x20, 0x05, 0x20, 0x04, 0x72, 0x21, 0x0d, 0x20, 0x01, 0x41, 0x06, 0x74, 0x22, 0x0e,
  0x41, 0x40, 0x6a, 0x21, 0x0f, 0x41, 0x00, 0xfd, 0x00, 0x04, 0xc0, 0x89, 0x85, 0x80, 0x00, 0x22, 0x10, 0x20, 0x10, 0xfd,
  0x0d, 0x00, 0x01, 0x02, 0x03, 0x00, 0x01, 0x02, 0x03, 0x00, 0x01, 0x02, 0x03, 0x00, 0x01, 0x02, 0x03, 0x21, 0x11, 0x20,
  0x10, 0x20, 0x10, 0xfd, 0x0d, 0x04, 0x05, 0x06, 0x07, 0x04, 0x05, 0x06, 0x07, 0x04, 0x05, 0x06, 0x07, 0x04, 0x05, 0x06,
  0x07, 0x21, 0x12, 0x20, 0x10, 0x20, 0x10, 0xfd, 0x0d, 0x08, 0x09, 0x0a, 0x0b, 0x08, 0x09, 0x0a, 0x0b, 0x08, 0x09, 0x0a,
  0x0b, 0x08, 0x09, 0x0a, 0x0b, 0x21, 0x13, 0x20, 0x10, 0x20, 0x10, 0xfd, 0x0d, 0x0c, 0x0d, 0x0e, 0x0f, 0x0c, 0x0d, 0x0e,
  0x0f, 0x0c, 0x0d, 0x0e, 0x0f, 0x0c, 0x0d, 0x0e, 0x0f, 0x21, 0x14, 0x20, 0x00, 0x28, 0x02, 0x0c, 0x21, 0x15, 0x20, 0x00,
  0x28, 0x02, 0x08, 0x21, 0x16, 0x20, 0x00, 0x28, 0x02, 0x04, 0x21, 0x17, 0x20, 0x00, 0x28, 0x02, 0x00, 0x21, 0x18, 0x41,
  0x00, 0xfd, 0x09, 0x02, 0xb0, 0x89, 0x85, 0x80, 0x00, 0x21, 0x19, 0x41, 0x00, 0xfd, 0x09, 0x02, 0xb4, 0x89, 0x85, 0x80,
  0x00, 0x21, 0x1a, 0x41, 0x00, 0xfd, 0x09, 0x02, 0xb8, 0x89, 0x85, 0x80, 0x00, 0x21, 0x1b, 0x41, 0x00, 0xfd, 0x09, 0x02,
  0xbc, 0x89, 0x85, 0x80, 0x00, 0x21, 0x1c, 0x41, 0x00, 0x21, 0x00, 0x03, 0x40, 0x20, 0x1b, 0x20, 0x18, 0x20, 0x00, 0x6a,
  0x22, 0x03, 0x41, 0x10, 0x6a, 0xfd, 0x00, 0x00, 0x00, 0x22, 0x1d, 0x20, 0x17, 0x20, 0x00, 0x6a, 0x22, 0x05, 0x41, 0x10,
  0x6a, 0xfd, 0x00, 0x00, 0x00, 0x22, 0x1e, 0xfd, 0x0d, 0x00, 0x01, 0x02, 0x03, 0x10, 0x11, 0x12, 0x13, 0x04, 0x05, 0x06,
  0x07, 0x14, 0x15, 0x16, 0x17, 0x22, 0x1f, 0x20, 0x16, 0x20, 0x00, 0x6a, 0x22, 0x01, 0x41, 0x10, 0x6a, 0xfd, 0x00, 0x00,
  0x00, 0x22, 0x20, 0x20, 0x15, 0x20, 0x00, 0x6a, 0x22, 0x21, 0x41, 0x10, 0x6a, 0xfd, 0x00, 0x00, 0x00, 0x22, 0x22, 0xfd,
  0x0d, 0x00, 0x01, 0x02, 0x03, 0x10, 0x11, 0x12, 0x13, 0x04, 0x05, 0x06, 0x07, 0x14, 0x15, 0x16, 0x17, 0x22, 0x23, 0xfd,
  0x0d, 0x00, 0x01, 0x02, 0x03, 0x04, 0x05, 0x06, 0x07, 0x10, 0x11, 0x12, 0x13, 0x14, 0x15, 0x16, 0x17, 0x22, 0x10, 0xfd,
  0xae, 0x01, 0x20, 0x13, 0xfd, 0xae, 0x01, 0x22, 0x24, 0xfd, 0x0c, 0x40, 0x00, 0x00, 0x00, 0x40, 0x00, 0x00, 0x00, 0x40,
  0x00, 0x00, 0x00, 0x40, 0x00, 0x00, 0x00, 0xfd, 0x51, 0x20, 0x10, 0xfd, 0x0d, 0x02, 0x03, 0x00, 0x01, 0x06, 0x07, 0x04,
  0x05, 0x0a, 0x0b, 0x08, 0x09, 0x0e, 0x0f, 0x0c, 0x0d, 0x22, 0x25, 0xfd, 0x0c, 0x72, 0xf3, 0x6e, 0x3c, 0x72, 0xf3, 0x6e,
  0x3c, 0x72, 0xf3, 0x6e, 0x3c, 0x72, 0xf3, 0x6e, 0x3c, 0xfd, 0xae, 0x01, 0x22, 0x26, 0x20, 0x24, 0x20, 0x1f, 0x20, 0x23,
  0xfd, 0x0d, 0x08, 0x09, 0x0a, 0x0b, 0x0c, 0x0d, 0x0e, 0x0f, 0x18, 0x19, 0x1a, 0x1b, 0x1c, 0x1d, 0x1e, 0x1f, 0x22, 0x1b,
  0xfd, 0xae, 0x01, 0x20, 0x26, 0x20, 0x13, 0xfd, 0x51, 0x22, 0x13, 0x41, 0x14, 0xfd, 0xab, 0x01, 0x20, 0x13, 0x41, 0x0c,
  0xfd, 0xad, 0x01, 0xfd, 0x50, 0x22, 0x23, 0xfd, 0xae, 0x01, 0x22, 0x24, 0x20, 0x25, 0xfd, 0x51, 0x20, 0x10, 0xfd, 0x0d,
  0x01, 0x02, 0x03, 0x00, 0x05, 0x06, 0x07, 0x04, 0x09, 0x0a, 0x0b, 0x08, 0x0d, 0x0e, 0x0f, 0x0c, 0x22, 0x25, 0xfd, 0xae,
  0x01, 0x22, 0x26, 0x20, 0x19, 0x20, 0x03, 0xfd, 0x00, 0x00, 0x00, 0x22, 0x1f, 0x20, 0x05, 0xfd, 0x00, 0x00, 0x00, 0x22,
  0x27, 0xfd, 0x0d, 0x00, 0x01, 0x02, 0x03, 0x10, 0x11, 0x12, 0x13, 0x04, 0x05, 0x06, 0x07, 0x14, 0x15, 0x16, 0x17, 0x22,
  0x28, 0x20, 0x01, 0xfd, 0x00, 0x00, 0x00, 0x22, 0x29, 0x20, 0x21, 0xfd, 0x00, 0x00, 0x00, 0x22, 0x2a, 0xfd, 0x0d, 0x00,
  0x01, 0x02, 0x03, 0x10, 0x11, 0x12, 0x13, 0x04, 0x05, 0x06, 0x07, 0x14, 0x15, 0x16, 0x17, 0x22, 0x2b, 0xfd, 0x0d, 0x00,
  0x01, 0x02, 0x03, 0x04, 0x05, 0x06, 0x07, 0x10, 0x11, 0x12, 0x13, 0x14, 0x15, 0x16, 0x17, 0x22, 0x13, 0xfd, 0xae, 0x01,
  0x20, 0x11, 0xfd, 0xae, 0x01, 0x22, 0x2c, 0x20, 0x28, 0x20, 0x2b, 0xfd, 0x0d, 0x08, 0x09, 0x0a, 0x0b, 0x0c, 0x0d, 0x0e,
  0x0f, 0x18, 0x19, 0x1a, 0x1b, 0x1c, 0x1d, 0x1e, 0x1f, 0x22, 0x19, 0xfd, 0xae, 0x01, 0x20, 0x2c, 0x20, 0x0b, 0xfd, 0x51,
  0x20, 0x10, 0xfd, 0x0d, 0x02, 0x03, 0x00, 0x01, 0x06, 0x07, 0x04, 0x05, 0x0a, 0x0b, 0x08, 0x09, 0x0e, 0x0f, 0x0c, 0x0d,
  0x22, 0x28, 0xfd, 0x0c, 0x67, 0xe6, 0x09, 0x6a, 0x67, 0xe6, 0x09, 0x6a, 0x67, 0xe6, 0x09, 0x6a, 0x67, 0xe6, 0x09, 0x6a,
  0xfd, 0xae, 0x01, 0x22, 0x2b, 0x20, 0x11, 0xfd, 0x51, 0x22, 0x11, 0x41, 0x14, 0xfd, 0xab, 0x01, 0x20, 0x11, 0x41, 0x0c,
  0xfd, 0xad, 0x01, 0xfd, 0x50, 0x22, 0x2c, 0xfd, 0xae, 0x01, 0x22, 0x2d, 0x20, 0x03, 0x41, 0x20, 0x6a, 0xfd, 0x00, 0x00,
  0x00, 0x22, 0x2e, 0x20, 0x05, 0x41, 0x20, 0x6a, 0xfd, 0x00, 0x00, 0x00, 0x22, 0x2f, 0xfd, 0x0d, 0x00, 0x01, 0x02, 0x03,
  0x10, 0x11, 0x12, 0x13, 0x04, 0x05, 0x06, 0x07, 0x14, 0x15, 0x16, 0x17, 0x22, 0x30, 0x20, 0x01, 0x41, 0x20, 0x6a, 0xfd,
  0x00, 0x00, 0x00, 0x22, 0x31, 0x20, 0x21, 0x41, 0x20, 0x6a, 0xfd, 0x00, 0x00, 0x00, 0x22, 0x32, 0xfd, 0x0d, 0x00, 0x01,
  0x02, 0x03, 0x10, 0x11, 0x12, 0x13, 0x04, 0x05, 0x06, 0x07, 0x14, 0x15, 0x16, 0x17, 0x22, 0x33, 0xfd, 0x0d, 0x00, 0x01,
  0x02, 0x03, 0x04, 0x05, 0x06, 0x07, 0x10, 0x11, 0x12, 0x13, 0x14, 0x15, 0x16, 0x17, 0x22, 0x11, 0xfd, 0xae, 0x01, 0x20,
  0x1a, 0x20, 0x1f, 0x20, 0x27, 0xfd, 0x0d, 0x08, 0x09, 0x0a, 0x0b, 0x18, 0x19, 0x1a, 0x1b, 0x0c, 0x0d, 0x0e, 0x0f, 0x1c,
  0x1d, 0x1e, 0x1f, 0x22, 0x27, 0x20, 0x29, 0x20, 0x2a, 0xfd, 0x0d, 0x08, 0x09, 0x0a, 0x0b, 0x18, 0x19, 0x1a, 0x1b, 0x0c,
  0x0d, 0x0e, 0x0f, 0x1c, 0x1d, 0x1e, 0x1f, 0x22, 0x29, 0xfd, 0x0d, 0x00, 0x01, 0x02, 0x03, 0x04, 0x05, 0x06, 0x07, 0x10,
  0x11, 0x12, 0x13, 0x14, 0x15, 0x16, 0x17, 0x22, 0x1f, 0xfd, 0xae, 0x01, 0x20, 0x12, 0xfd, 0xae, 0x01, 0x22, 0x2a, 0x20,
  0x0c, 0xfd, 0x51, 0x20, 0x10, 0xfd, 0x0d, 0x02, 0x03, 0x00, 0x01, 0x06, 0x07, 0x04, 0x05, 0x0a, 0x0b, 0x08, 0x09, 0x0e,
  0x0f, 0x0c, 0x0d, 0x22, 0x34, 0xfd, 0x0c, 0x85, 0xae, 0x67, 0xbb, 0x85, 0xae, 0x67, 0xbb, 0x85, 0xae, 0x67, 0xbb, 0x85,
  0xae, 0x67, 0xbb, 0xfd, 0xae, 0x01, 0x22, 0x35, 0x20, 0x2a, 0x20, 0x27, 0x20, 0x29, 0xfd, 0x0d, 0x08, 0x09, 0x0a, 0x0b,
  0x0c, 0x0d, 0x0e, 0x0f, 0x18, 0x19, 0x1a, 0x1b, 0x1c, 0x1d, 0x1e, 0x1f, 0x22, 0x1a, 0xfd, 0xae, 0x01, 0x20, 0x35, 0x20,
  0x12, 0xfd, 0x51, 0x22, 0x12, 0x41, 0x14, 0xfd, 0xab, 0x01, 0x20, 0x12, 0x41, 0x0c, 0xfd, 0xad, 0x01, 0xfd, 0x50, 0x22,
  0x12, 0xfd, 0xae, 0x01, 0x22, 0x27, 0x20, 0x34, 0xfd, 0x51, 0x20, 0x10, 0xfd, 0x0d, 0x01, 0x02, 0x03, 0x00, 0x05, 0x06,
  0x07, 0x04, 0x09, 0x0a, 0x0b, 0x08, 0x0d, 0x0e, 0x0f, 0x0c, 0x22, 0x29, 0xfd, 0xae, 0x01, 0x22, 0x2a, 0x20, 0x12, 0xfd,
  0x51, 0x22, 0x12, 0x41, 0x19, 0xfd, 0xab, 0x01, 0x20, 0x12, 0x41, 0x07, 0xfd, 0xad, 0x01, 0xfd, 0x50, 0x22, 0x34, 0xfd,
  0xae, 0x01, 0x22, 0x35, 0x20, 0x1c, 0x20, 0x1d, 0x20, 0x1e, 0xfd, 0x0d, 0x08, 0x09, 0x0a, 0x0b, 0x18, 0x19, 0x1a, 0x1b,
  0x0c, 0x0d, 0x0e, 0x0f, 0x1c, 0x1d, 0x1e, 0x1f, 0x22, 0x1d, 0x20, 0x20, 0x20, 0x22, 0xfd, 0x0d, 0x08, 0x09, 0x0a, 0x0b,
  0x18, 0x19, 0x1a, 0x1b, 0x0c, 0x0d, 0x0e, 0x0f, 0x1c, 0x1d, 0x1e, 0x1f, 0x22, 0x1e, 0xfd, 0x0d, 0x00, 0x01, 0x02, 0x03,
  0x04, 0x05, 0x06, 0x07, 0x10, 0x11, 0x12, 0x13, 0x14, 0x15, 0x16, 0x17, 0x22, 0x12, 0xfd, 0xae, 0x01, 0x20, 0x14, 0xfd,
  0xae, 0x01, 0x22, 0x20, 0x20, 0x1d, 0x20, 0x1e, 0xfd, 0x0d, 0x08, 0x09, 0x0a, 0x0b, 0x0c, 0x0d, 0x0e, 0x0f, 0x18, 0x19,
  0x1a, 0x1b, 0x1c, 0x1d, 0x1e, 0x1f, 0x22, 0x1c, 0xfd, 0xae, 0x01, 0x20, 0x20, 0x20, 0x06, 0x41, 0x00, 0x20, 0x0f, 0x20,
  0x00, 0x46, 0x1b, 0x20, 0x0d, 0x72, 0x41, 0xff, 0x01, 0x71, 0xfd, 0x11, 0xfd, 0x51, 0x20, 0x10, 0xfd, 0x0d, 0x02, 0x03,
  0x00, 0x01, 0x06, 0x07, 0x04, 0x05, 0x0a, 0x0b, 0x08, 0x09, 0x0e, 0x0f, 0x0c, 0x0d, 0x22, 0x1d, 0xfd, 0x0c, 0x3a, 0xf5,
  0x4f, 0xa5, 0x3a, 0xf5, 0x4f, 0xa5, 0x3a, 0xf5, 0x4f, 0xa5, 0x3a, 0xf5, 0x4f, 0xa5, 0xfd, 0xae, 0x01, 0x22, 0x1e, 0x20,
  0x14, 0xfd, 0x51, 0x22, 0x14, 0x41, 0x14, 0xfd, 0xab, 0x01, 0x20, 0x14, 0x41, 0x0c, 0xfd, 0xad, 0x01, 0xfd, 0x50, 0x22,
  0x20, 0xfd, 0xae, 0x01, 0x22, 0x36, 0x20, 0x1d, 0xfd, 0x51, 0x20, 0x10, 0xfd, 0x0d, 0x01, 0x02, 0x03, 0x00, 0x05, 0x06,
  0x07, 0x04, 0x09, 0x0a, 0x0b, 0x08, 0x0d, 0x0e, 0x0f, 0x0c, 0x22, 0x22, 0xfd, 0x51, 0x20, 0x10, 0xfd, 0x0d, 0x02, 0x03,
  0x00, 0x01, 0x06, 0x07, 0x04, 0x05, 0x0a, 0x0b, 0x08, 0x09, 0x0e, 0x0f, 0x0c, 0x0d, 0x22, 0x1d, 0xfd, 0xae, 0x01, 0x22,
  0x37, 0x20, 0x35, 0x20, 0x30, 0x20, 0x33, 0xfd, 0x0d, 0x08, 0x09, 0x0a, 0x0b, 0x0c, 0x0d, 0x0e, 0x0f, 0x18, 0x19, 0x1a,
  0x1b, 0x1c, 0x1d, 0x1e, 0x1f, 0x22, 0x14, 0xfd, 0xae, 0x01, 0x20, 0x37, 0x20, 0x34, 0xfd, 0x51, 0x22, 0x30, 0x41, 0x14,
  0xfd, 0xab, 0x01, 0x20, 0x30, 0x41, 0x0c, 0xfd, 0xad, 0x01, 0xfd, 0x50, 0x22, 0x30, 0xfd, 0xae, 0x01, 0x22, 0x33, 0x20,
  0x1d, 0xfd, 0x51, 0x20, 0x10, 0xfd, 0x0d, 0x01, 0x02, 0x03, 0x00, 0x05, 0x06, 0x07, 0x04, 0x09, 0x0a, 0x0b, 0x08, 0x0d,
  0x0e, 0x0f, 0x0c, 0x22, 0x34, 0xfd, 0xae, 0x01, 0x22, 0x35, 0x20, 0x24, 0x20, 0x03, 0x41, 0x30, 0x6a, 0xfd, 0x00, 0x00,
  0x00, 0x22, 0x37, 0x20, 0x05, 0x41, 0x30, 0x6a, 0xfd, 0x00, 0x00, 0x00, 0x22, 0x38, 0xfd, 0x0d, 0x00, 0x01, 0x02, 0x03,
  0x10, 0x11, 0x12, 0x13, 0x04, 0x05, 0x06, 0x07, 0x14, 0x15, 0x16, 0x17, 0x22, 0x39, 0x20, 0x01, 0x41, 0x30, 0x6a, 0xfd,
  0x00, 0x00, 0x00, 0x22, 0x3a, 0x20, 0x21, 0x41, 0x30, 0x6a, 0xfd, 0x00, 0x00, 0x00, 0x22, 0x3b, 0xfd, 0x0d, 0x00, 0x01,
  0x02, 0x03, 0x10, 0x11, 0x12, 0x13, 0x04, 0x05, 0x06, 0x07, 0x14, 0x15, 0x16, 0x17, 0x22, 0x3c, 0xfd, 0x0d, 0x00, 0x01,
  0x02, 0x03, 0x04, 0x05, 0x06, 0x07, 0x10, 0x11, 0x12, 0x13, 0x14, 0x15, 0x16, 0x17, 0x22, 0x1d, 0xfd, 0xae, 0x01, 0x20,
  0x1e, 0x20, 0x22, 0xfd, 0xae, 0x01, 0x22, 0x22, 0x20, 0x20, 0xfd, 0x51, 0x22, 0x1e, 0x41, 0x19, 0xfd, 0xab, 0x01, 0x20,
  0x1e, 0x41, 0x07, 0xfd, 0xad, 0x01, 0xfd, 0x50, 0x22, 0x20, 0xfd, 0xae, 0x01, 0x22, 0x24, 0x20, 0x39, 0x20, 0x3c, 0xfd,
  0x0d, 0x08, 0x09, 0x0a, 0x0b, 0x0c, 0x0d, 0x0e, 0x0f, 0x18, 0x19, 0x1a, 0x1b, 0x1c, 0x1d, 0x1e, 0x1f, 0x22, 0x1e, 0xfd,
  0xae, 0x01, 0x20, 0x2b, 0x20, 0x2d, 0x20, 0x28, 0xfd, 0x51, 0x20, 0x10, 0xfd, 0x0d, 0x01, 0x02, 0x03, 0x00, 0x05, 0x06,
  0x07, 0x04, 0x09, 0x0a, 0x0b, 0x08, 0x0d, 0x0e, 0x0f, 0x0c, 0x22, 0x28, 0xfd, 0xae, 0x01, 0x22, 0x2b, 0x20, 0x24, 0x20,
  0x29, 0xfd, 0x51, 0x20, 0x10, 0xfd, 0x0d, 0x02, 0x03, 0x00, 0x01, 0x06, 0x07, 0x04, 0x05, 0x0a, 0x0b, 0x08, 0x09, 0x0e,
  0x0f, 0x0c, 0x0d, 0x22, 0x29, 0xfd, 0xae, 0x01, 0x22, 0x2d, 0x20, 0x20, 0xfd, 0x51, 0x22, 0x20, 0x41, 0x14, 0xfd, 0xab,
  0x01, 0x20, 0x20, 0x41, 0x0c, 0xfd, 0xad, 0x01, 0xfd, 0x50, 0x22, 0x39, 0xfd, 0xae, 0x01, 0x22, 0x3c, 0x20, 0x1c, 0xfd,
  0xae, 0x01, 0x20, 0x22, 0x20, 0x27, 0x20, 0x2e, 0x20, 0x2f, 0xfd, 0x0d, 0x08, 0x09, 0x0a, 0x0b, 0x18, 0x19, 0x1a, 0x1b,
  0x0c, 0x0d, 0x0e, 0x0f, 0x1c, 0x1d, 0x1e, 0x1f, 0x22, 0x24, 0x20, 0x31, 0x20, 0x32, 0xfd, 0x0d, 0x08, 0x09, 0x0a, 0x0b,
  0x18, 0x19, 0x1a, 0x1b, 0x0c, 0x0d, 0x0e, 0x0f, 0x1c, 0x1d, 0x1e, 0x1f, 0x22, 0x2e, 0xfd, 0x0d, 0x00, 0x01, 0x02, 0x03,
  0x04, 0x05, 0x06, 0x07, 0x10, 0x11, 0x12, 0x13, 0x14, 0x15, 0x16, 0x17, 0x22, 0x20, 0xfd, 0xae, 0x01, 0x20, 0x26, 0x20,
  0x23, 0xfd, 0x51, 0x22, 0x23, 0x41, 0x19, 0xfd, 0xab, 0x01, 0x20, 0x23, 0x41, 0x07, 0xfd, 0xad, 0x01, 0xfd, 0x50, 0x22,
  0x23, 0xfd, 0xae, 0x01, 0x22, 0x26, 0x20, 0x28, 0xfd, 0x51, 0x20, 0x10, 0xfd, 0x0d, 0x02, 0x03, 0x00, 0x01, 0x06, 0x07,
  0x04, 0x05, 0x0a, 0x0b, 0x08, 0x09, 0x0e, 0x0f, 0x0c, 0x0d, 0x22, 0x27, 0xfd, 0xae, 0x01, 0x22, 0x28, 0x20, 0x26, 0x20,
  0x24, 0x20, 0x2e, 0xfd, 0x0d, 0x08, 0x09, 0x0a, 0x0b, 0x0c, 0x0d, 0x0e, 0x0f, 0x18, 0x19, 0x1a, 0x1b, 0x1c, 0x1d, 0x1e,
  0x1f, 0x22, 0x22, 0xfd, 0xae, 0x01, 0x20, 0x28, 0x20, 0x23, 0xfd, 0x51, 0x22, 0x23, 0x41, 0x14, 0xfd, 0xab, 0x01, 0x20,
  0x23, 0x41, 0x0c, 0xfd, 0xad, 0x01, 0xfd, 0x50, 0x22, 0x23, 0xfd, 0xae, 0x01, 0x22, 0x26, 0x20, 0x27, 0xfd, 0x51, 0x20,
  0x10, 0xfd, 0x0d, 0x01, 0x02, 0x03, 0x00, 0x05, 0x06, 0x07, 0x04, 0x09, 0x0a, 0x0b, 0x08, 0x0d, 0x0e, 0x0f, 0x0c, 0x22,
  0x27, 0xfd, 0xae, 0x01, 0x22, 0x28, 0x20, 0x23, 0xfd, 0x51, 0x22, 0x23, 0x41, 0x19, 0xfd, 0xab, 0x01, 0x20, 0x23, 0x41,
  0x07, 0xfd, 0xad, 0x01, 0xfd, 0x50, 0x22, 0x2e, 0xfd, 0xae, 0x01, 0x22, 0x2f, 0x20, 0x36, 0x20, 0x37, 0x20, 0x38, 0xfd,
  0x0d, 0x08, 0x09, 0x0a, 0x0b, 0x18, 0x19, 0x1a, 0x1b, 0x0c, 0x0d, 0x0e, 0x0f, 0x1c, 0x1d, 0x1e, 0x1f, 0x22, 0x24, 0x20,
  0x3a, 0x20, 0x3b, 0xfd, 0x0d, 0x08, 0x09, 0x0a, 0x0b, 0x18, 0x19, 0x1a, 0x1b, 0x0c, 0x0d, 0x0e, 0x0f, 0x1c, 0x1d, 0x1e,
  0x1f, 0x22, 0x31, 0xfd, 0x0d, 0x00, 0x01, 0x02, 0x03, 0x04, 0x05, 0x06, 0x07, 0x10, 0x11, 0x12, 0x13, 0x14, 0x15, 0x16,
  0x17, 0x22, 0x23, 0xfd, 0xae, 0x01, 0x20, 0x2b, 0x20, 0x2c, 0xfd, 0x51, 0x22, 0x2b, 0x41, 0x19, 0xfd, 0xab, 0x01, 0x20,
  0x2b, 0x41, 0x07, 0xfd, 0xad, 0x01, 0xfd, 0x50, 0x22, 0x2b, 0xfd, 0xae, 0x01, 0x22, 0x2c, 0x20, 0x24, 0x20, 0x31, 0xfd,
  0x0d, 0x08, 0x09, 0x0a, 0x0b, 0x0c, 0x0d, 0x0e, 0x0f, 0x18, 0x19, 0x1a, 0x1b, 0x1c, 0x1d, 0x1e, 0x1f, 0x22, 0x24, 0xfd,
  0xae, 0x01, 0x20, 0x2a, 0x20, 0x2c, 0x20, 0x25, 0xfd, 0x51, 0x20, 0x10, 0xfd, 0x0d, 0x02, 0x03, 0x00, 0x01, 0x06, 0x07,
  0x04, 0x05, 0x0a, 0x0b, 0x08, 0x09, 0x0e, 0x0f, 0x0c, 0x0d, 0x22, 0x25, 0xfd, 0xae, 0x01, 0x22, 0x2a, 0x20, 0x2b, 0xfd,
  0x51, 0x22, 0x2b, 0x41, 0x14, 0xfd, 0xab, 0x01, 0x20, 0x2b, 0x41, 0x0c, 0xfd, 0xad, 0x01, 0xfd, 0x50, 0x22, 0x2b, 0xfd,
  0xae, 0x01, 0x22, 0x2c, 0x20, 0x25, 0xfd, 0x51, 0x20, 0x10, 0xfd, 0x0d, 0x01, 0x02, 0x03, 0x00, 0x05, 0x06, 0x07, 0x04,
  0x09, 0x0a, 0x0b, 0x08, 0x0d, 0x0e, 0x0f, 0x0c, 0x22, 0x25, 0xfd, 0x51, 0x20, 0x10, 0xfd, 0x0d, 0x02, 0x03, 0x00, 0x01,
  0x06, 0x07, 0x04, 0x05, 0x0a, 0x0b, 0x08, 0x09, 0x0e, 0x0f, 0x0c, 0x0d, 0x22, 0x31, 0xfd, 0xae, 0x01, 0x22, 0x32, 0x20,
  0x2f, 0x20, 0x13, 0xfd, 0xae, 0x01, 0x20, 0x32, 0x20, 0x2e, 0xfd, 0x51, 0x22, 0x2e, 0x41, 0x14, 0xfd, 0xab, 0x01, 0x20,
  0x2e, 0x41, 0x0c, 0xfd, 0xad, 0x01, 0xfd, 0x50, 0x22, 0x2e, 0xfd, 0xae, 0x01, 0x22, 0x2f, 0x20, 0x31, 0xfd, 0x51, 0x20,
  0x10, 0xfd, 0x0d, 0x01, 0x02, 0x03, 0x00, 0x05, 0x06, 0x07, 0x04, 0x09, 0x0a, 0x0b, 0x08, 0x0d, 0x0e, 0x0f, 0x0c, 0x22,
  0x31, 0xfd, 0xae, 0x01, 0x22, 0x32, 0x20, 0x33, 0x20, 0x1f, 0xfd, 0xae, 0x01, 0x20, 0x2a, 0x20, 0x25, 0xfd, 0xae, 0x01,
  0x22, 0x25, 0x20, 0x2b, 0xfd, 0x51, 0x22, 0x2a, 0x41, 0x19, 0xfd, 0xab, 0x01, 0x20, 0x2a, 0x41, 0x07, 0xfd, 0xad, 0x01,
  0xfd, 0x50, 0x22, 0x2a, 0xfd, 0xae, 0x01, 0x22, 0x2b, 0x20, 0x12, 0xfd, 0xae, 0x01, 0x20, 0x2d, 0x20, 0x3c, 0x20, 0x29,
  0xfd, 0x51, 0x20, 0x10, 0xfd, 0x0d, 0x01, 0x02, 0x03, 0x00, 0x05, 0x06, 0x07, 0x04, 0x09, 0x0a, 0x0b, 0x08, 0x0d, 0x0e,
  0x0f, 0x0c, 0x22, 0x29, 0xfd, 0xae, 0x01, 0x22, 0x2d, 0x20, 0x2b, 0x20, 0x27, 0xfd, 0x51, 0x20, 0x10, 0xfd, 0x0d, 0x02,
  0x03, 0x00, 0x01, 0x06, 0x07, 0x04, 0x05, 0x0a, 0x0b, 0x08, 0x09, 0x0e, 0x0f, 0x0c, 0x0d, 0x22, 0x27, 0xfd, 0xae, 0x01,
  0x22, 0x2b, 0x20, 0x2a, 0xfd, 0x51, 0x22, 0x2a, 0x41, 0x14, 0xfd, 0xab, 0x01, 0x20, 0x2a, 0x41, 0x0c, 0xfd, 0xad, 0x01,
  0xfd, 0x50, 0x22, 0x2a, 0xfd, 0xae, 0x01, 0x22, 0x33, 0x20, 0x19, 0xfd, 0xae, 0x01, 0x20, 0x25, 0x20, 0x26, 0x20, 0x1a,
  0xfd, 0xae, 0x01, 0x20, 0x35, 0x20, 0x30, 0xfd, 0x51, 0x22, 0x26, 0x41, 0x19, 0xfd, 0xab, 0x01, 0x20, 0x26, 0x41, 0x07,
  0xfd, 0xad, 0x01, 0xfd, 0x50, 0x22, 0x26, 0xfd, 0xae, 0x01, 0x22, 0x30, 0x20, 0x29, 0xfd, 0x51, 0x20, 0x10, 0xfd, 0x0d,
  0x02, 0x03, 0x00, 0x01, 0x06, 0x07, 0x04, 0x05, 0x0a, 0x0b, 0x08, 0x09, 0x0e, 0x0f, 0x0c, 0x0d, 0x22, 0x29, 0xfd, 0xae,
  0x01, 0x22, 0x25, 0x20, 0x30, 0x20, 0x20, 0xfd, 0xae, 0x01, 0x20, 0x25, 0x20, 0x26, 0xfd, 0x51, 0x22, 0x25, 0x41, 0x14,
  0xfd, 0xab, 0x01, 0x20, 0x25, 0x41, 0x0c, 0xfd, 0xad, 0x01, 0xfd, 0x50, 0x22, 0x25, 0xfd, 0xae, 0x01, 0x22, 0x26, 0x20,
  0x29, 0xfd, 0x51, 0x20, 0x10, 0xfd, 0x0d, 0x01, 0x02, 0x03, 0x00, 0x05, 0x06, 0x07, 0x04, 0x09, 0x0a, 0x0b, 0x08, 0x0d,
  0x0e, 0x0f, 0x0c, 0x22, 0x29, 0xfd, 0xae, 0x01, 0x22, 0x30, 0x20, 0x25, 0xfd, 0x51, 0x22, 0x25, 0x41, 0x19, 0xfd, 0xab,
  0x01, 0x20, 0x25, 0x41, 0x07, 0xfd, 0xad, 0x01, 0xfd, 0x50, 0x22, 0x25, 0xfd, 0xae, 0x01, 0x22, 0x35, 0x20, 0x2c, 0x20,
  0x10, 0xfd, 0xae, 0x01, 0x20, 0x2d, 0x20, 0x39, 0xfd, 0x51, 0x22, 0x2c, 0x41, 0x19, 0xfd, 0xab, 0x01, 0x20, 0x2c, 0x41,
  0x07, 0xfd, 0xad, 0x01, 0xfd, 0x50, 0x22, 0x2c, 0xfd, 0xae, 0x01, 0x22, 0x2d, 0x20, 0x1e, 0xfd, 0xae, 0x01, 0x20, 0x28,
  0x20, 0x2d, 0x20, 0x34, 0xfd, 0x51, 0x20, 0x10, 0xfd, 0x0d, 0x02, 0x03, 0x00, 0x01, 0x06, 0x07, 0x04, 0x05, 0x0a, 0x0b,
  0x08, 0x09, 0x0e, 0x0f, 0x0c, 0x0d, 0x22, 0x2d, 0xfd, 0xae, 0x01, 0x22, 0x28, 0x20, 0x2c, 0xfd, 0x51, 0x22, 0x2c, 0x41,
  0x14, 0xfd, 0xab, 0x01, 0x20, 0x2c, 0x41, 0x0c, 0xfd, 0xad, 0x01, 0xfd, 0x50, 0x22, 0x2c, 0xfd, 0xae, 0x01, 0x22, 0x34,
  0x20, 0x2d, 0xfd, 0x51, 0x20, 0x10, 0xfd, 0x0d, 0x01, 0x02, 0x03, 0x00, 0x05, 0x06, 0x07, 0x04, 0x09, 0x0a, 0x0b, 0x08,
  0x0d, 0x0e, 0x0f, 0x0c, 0x22, 0x2d, 0xfd, 0x51, 0x20, 0x10, 0xfd, 0x0d, 0x02, 0x03, 0x00, 0x01, 0x06, 0x07, 0x04, 0x05,
  0x0a, 0x0b, 0x08, 0x09, 0x0e, 0x0f, 0x0c, 0x0d, 0x22, 0x36, 0xfd, 0xae, 0x01, 0x22, 0x37, 0x20, 0x35, 0x20, 0x22, 0xfd,
  0xae, 0x01, 0x20, 0x37, 0x20, 0x25, 0xfd, 0x51, 0x22, 0x25, 0x41, 0x14, 0xfd, 0xab, 0x01, 0x20, 0x25, 0x41, 0x0c, 0xfd,
  0xad, 0x01, 0xfd, 0x50, 0x22, 0x25, 0xfd, 0xae, 0x01, 0x22, 0x35, 0x20, 0x36, 0xfd, 0x51, 0x20, 0x10, 0xfd, 0x0d, 0x01,
  0x02, 0x03, 0x00, 0x05, 0x06, 0x07, 0x04, 0x09, 0x0a, 0x0b, 0x08, 0x0d, 0x0e, 0x0f, 0x0c, 0x22, 0x36, 0xfd, 0xae, 0x01,
  0x22, 0x37, 0x20, 0x2f, 0x20, 0x14, 0xfd, 0xae, 0x01, 0x20, 0x28, 0x20, 0x2d, 0xfd, 0xae, 0x01, 0x22, 0x28, 0x20, 0x2c,
  0xfd, 0x51, 0x22, 0x2c, 0x41, 0x19, 0xfd, 0xab, 0x01, 0x20, 0x2c, 0x41, 0x07, 0xfd, 0xad, 0x01, 0xfd, 0x50, 0x22, 0x2c,
  0xfd, 0xae, 0x01, 0x22, 0x2d, 0x20, 0x23, 0xfd, 0xae, 0x01, 0x20, 0x2b, 0x20, 0x33, 0x20, 0x27, 0xfd, 0x51, 0x20, 0x10,
  0xfd, 0x0d, 0x01, 0x02, 0x03, 0x00, 0x05, 0x06, 0x07, 0x04, 0x09, 0x0a, 0x0b, 0x08, 0x0d, 0x0e, 0x0f, 0x0c, 0x22, 0x27,
  0xfd, 0xae, 0x01, 0x22, 0x2b, 0x20, 0x2d, 0x20, 0x29, 0xfd, 0x51, 0x20, 0x10, 0xfd, 0x0d, 0x02, 0x03, 0x00, 0x01, 0x06,
  0x07, 0x04, 0x05, 0x0a, 0x0b, 0x08, 0x09, 0x0e, 0x0f, 0x0c, 0x0d, 0x22, 0x29, 0xfd, 0xae, 0x01, 0x22, 0x2d, 0x20, 0x2c,
  0xfd, 0x51, 0x22, 0x2c, 0x41, 0x14, 0xfd, 0xab, 0x01, 0x20, 0x2c, 0x41, 0x0c, 0xfd, 0xad, 0x01, 0xfd, 0x50, 0x22, 0x2c,
  0xfd, 0xae, 0x01, 0x22, 0x2f, 0x20, 0x1e, 0xfd, 0xae, 0x01, 0x20, 0x28, 0x20, 0x26, 0x20, 0x1d, 0xfd, 0xae, 0x01, 0x20,
  0x32, 0x20, 0x2e, 0xfd, 0x51, 0x22, 0x26, 0x41, 0x19, 0xfd, 0xab, 0x01, 0x20, 0x26, 0x41, 0x07, 0xfd, 0xad, 0x01, 0xfd,
  0x50, 0x22, 0x26, 0xfd, 0xae, 0x01, 0x22, 0x2e, 0x20, 0x27, 0xfd, 0x51, 0x20, 0x10, 0xfd, 0x0d, 0x02, 0x03, 0x00, 0x01,
  0x06, 0x07, 0x04, 0x05, 0x0a, 0x0b, 0x08, 0x09, 0x0e, 0x0f, 0x0c, 0x0d, 0x22, 0x27, 0xfd, 0xae, 0x01, 0x22, 0x28, 0x20,
  0x2e, 0x20, 0x1b, 0xfd, 0xae, 0x01, 0x20, 0x28, 0x20, 0x26, 0xfd, 0x51, 0x22, 0x26, 0x41, 0x14, 0xfd, 0xab, 0x01, 0x20,
  0x26, 0x41, 0x0c, 0xfd, 0xad, 0x01, 0xfd, 0x50, 0x22, 0x26, 0xfd, 0xae, 0x01, 0x22, 0x28, 0x20, 0x27, 0xfd, 0x51, 0x20,
  0x10, 0xfd, 0x0d, 0x01, 0x02, 0x03, 0x00, 0x05, 0x06, 0x07, 0x04, 0x09, 0x0a, 0x0b, 0x08, 0x0d, 0x0e, 0x0f, 0x0c, 0x22,
  0x27, 0xfd, 0xae, 0x01, 0x22, 0x2e, 0x20, 0x26, 0xfd, 0x51, 0x22, 0x26, 0x41, 0x19, 0xfd, 0xab, 0x01, 0x20, 0x26, 0x41,
  0x07, 0xfd, 0xad, 0x01, 0xfd, 0x50, 0x22, 0x26, 0xfd, 0xae, 0x01, 0x22, 0x32, 0x20, 0x34, 0x20, 0x24, 0xfd, 0xae, 0x01,
  0x20, 0x2b, 0x20, 0x2a, 0xfd, 0x51, 0x22, 0x2a, 0x41, 0x19, 0xfd, 0xab, 0x01, 0x20, 0x2a, 0x41, 0x07, 0xfd, 0xad, 0x01,
  0xfd, 0x50, 0x22, 0x2a, 0xfd, 0xae, 0x01, 0x22, 0x2b, 0x20, 0x11, 0xfd, 0xae, 0x01, 0x20, 0x30, 0x20, 0x2b, 0x20, 0x31,
  0xfd, 0x51, 0x20, 0x10, 0xfd, 0x0d, 0x02, 0x03, 0x00, 0x01, 0x06, 0x07, 0x04, 0x05, 0x0a, 0x0b, 0x08, 0x09, 0x0e, 0x0f,
  0x0c, 0x0d, 0x22, 0x2b, 0xfd, 0xae, 0x01, 0x22, 0x30, 0x20, 0x2a, 0xfd, 0x51, 0x22, 0x2a, 0x41, 0x14, 0xfd, 0xab, 0x01,
  0x20, 0x2a, 0x41, 0x0c, 0xfd, 0xad, 0x01, 0xfd, 0x50, 0x22, 0x2a, 0xfd, 0xae, 0x01, 0x22, 0x31, 0x20, 0x2b, 0xfd, 0x51,
  0x20, 0x10, 0xfd, 0x0d, 0x01, 0x02, 0x03, 0x00, 0x05, 0x06, 0x07, 0x04, 0x09, 0x0a, 0x0b, 0x08, 0x0d, 0x0e, 0x0f, 0x0c,
  0x22, 0x2b, 0xfd, 0x51, 0x20, 0x10, 0xfd, 0x0d, 0x02, 0x03, 0x00, 0x01, 0x06, 0x07, 0x04, 0x05, 0x0a, 0x0b, 0x08, 0x09,
  0x0e, 0x0f, 0x0c, 0x0d, 0x22, 0x33, 0xfd, 0xae, 0x01, 0x22, 0x34, 0x20, 0x32, 0x20, 0x1f, 0xfd, 0xae, 0x01, 0x20, 0x34,
  0x20, 0x26, 0xfd, 0x51, 0x22, 0x26, 0x41, 0x14, 0xfd, 0xab, 0x01, 0x20, 0x26, 0x41, 0x0c, 0xfd, 0xad, 0x01, 0xfd, 0x50,
  0x22, 0x26, 0xfd, 0xae, 0x01, 0x22, 0x32, 0x20, 0x33, 0xfd, 0x51, 0x20, 0x10, 0xfd, 0x0d, 0x01, 0x02, 0x03, 0x00, 0x05,
  0x06, 0x07, 0x04, 0x09, 0x0a, 0x0b, 0x08, 0x0d, 0x0e, 0x0f, 0x0c, 0x22, 0x33, 0xfd, 0xae, 0x01, 0x22, 0x34, 0x20, 0x35,
  0x20, 0x1a, 0xfd, 0xae, 0x01, 0x20, 0x30, 0x20, 0x2b, 0xfd, 0xae, 0x01, 0x22, 0x2b, 0x20, 0x2a, 0xfd, 0x51, 0x22, 0x2a,
  0x41, 0x19, 0xfd, 0xab, 0x01, 0x20, 0x2a, 0x41, 0x07, 0xfd, 0xad, 0x01, 0xfd, 0x50, 0x22, 0x2a, 0xfd, 0xae, 0x01, 0x22,
  0x30, 0x20, 0x10, 0xfd, 0xae, 0x01, 0x20, 0x2d, 0x20, 0x2f, 0x20, 0x29, 0xfd, 0x51, 0x20, 0x10, 0xfd, 0x0d, 0x01, 0x02,
  0x03, 0x00, 0x05, 0x06, 0x07, 0x04, 0x09, 0x0a, 0x0b, 0x08, 0x0d, 0x0e, 0x0f, 0x0c, 0x22, 0x29, 0xfd, 0xae, 0x01, 0x22,
  0x2d, 0x20, 0x30, 0x20, 0x27, 0xfd, 0x51, 0x20, 0x10, 0xfd, 0x0d, 0x02, 0x03, 0x00, 0x01, 0x06, 0x07, 0x04, 0x05, 0x0a,
  0x0b, 0x08, 0x09, 0x0e, 0x0f, 0x0c, 0x0d, 0x22, 0x27, 0xfd, 0xae, 0x01, 0x22, 0x2f, 0x20, 0x2a, 0xfd, 0x51, 0x22, 0x2a,
  0x41, 0x14, 0xfd, 0xab, 0x01, 0x20, 0x2a, 0x41, 0x0c, 0xfd, 0xad, 0x01, 0xfd, 0x50, 0x22, 0x2a, 0xfd, 0xae, 0x01, 0x22,
  0x30, 0x20, 0x12, 0xfd, 0xae, 0x01, 0x20, 0x2b, 0x20, 0x28, 0x20, 0x20, 0xfd, 0xae, 0x01, 0x20, 0x37, 0x20, 0x25, 0xfd,
  0x51, 0x22, 0x25, 0x41, 0x19, 0xfd, 0xab, 0x01, 0x20, 0x25, 0x41, 0x07, 0xfd, 0xad, 0x01, 0xfd, 0x50, 0x22, 0x25, 0xfd,
  0xae, 0x01, 0x22, 0x28, 0x20, 0x29, 0xfd, 0x51, 0x20, 0x10, 0xfd, 0x0d, 0x02, 0x03, 0x00, 0x01, 0x06, 0x07, 0x04, 0x05,
  0x0a, 0x0b, 0x08, 0x09, 0x0e, 0x0f, 0x0c, 0x0d, 0x22, 0x29, 0xfd, 0xae, 0x01, 0x22, 0x2b, 0x20, 0x28, 0x20, 0x1d, 0xfd,
  0xae, 0x01, 0x20, 0x2b, 0x20, 0x25, 0xfd, 0x51, 0x22, 0x25, 0x41, 0x14, 0xfd, 0xab, 0x01, 0x20, 0x25, 0x41, 0x0c, 0xfd,
  0xad, 0x01, 0xfd, 0x50, 0x22, 0x25, 0xfd, 0xae, 0x01, 0x22, 0x28, 0x20, 0x29, 0xfd, 0x51, 0x20, 0x10, 0xfd, 0x0d, 0x01,
  0x02, 0x03, 0x00, 0x05, 0x06, 0x07, 0x04, 0x09, 0x0a, 0x0b, 0x08, 0x0d, 0x0e, 0x0f, 0x0c, 0x22, 0x29, 0xfd, 0xae, 0x01,
  0x22, 0x2b, 0x20, 0x25, 0xfd, 0x51, 0x22, 0x25, 0x41, 0x19, 0xfd, 0xab, 0x01, 0x20, 0x25, 0x41, 0x07, 0xfd, 0xad, 0x01,
  0xfd, 0x50, 0x22, 0x25, 0xfd, 0xae, 0x01, 0x22, 0x35, 0x20, 0x31, 0x20, 0x1c, 0xfd, 0xae, 0x01, 0x20, 0x2d, 0x20, 0x2c,
  0xfd, 0x51, 0x22, 0x2c, 0x41, 0x19, 0xfd, 0xab, 0x01, 0x20, 0x2c, 0x41, 0x07, 0xfd, 0xad, 0x01, 0xfd, 0x50, 0x22, 0x2c,
  0xfd, 0xae, 0x01, 0x22, 0x2d, 0x20, 0x23, 0xfd, 0xae, 0x01, 0x20, 0x2e, 0x20, 0x2d, 0x20, 0x36, 0xfd, 0x51, 0x20, 0x10,
  0xfd, 0x0d, 0x02, 0x03, 0x00, 0x01, 0x06, 0x07, 0x04, 0x05, 0x0a, 0x0b, 0x08, 0x09, 0x0e, 0x0f, 0x0c, 0x0d, 0x22, 0x2d,
  0xfd, 0xae, 0x01, 0x22, 0x2e, 0x20, 0x2c, 0xfd, 0x51, 0x22, 0x2c, 0x41, 0x14, 0xfd, 0xab, 0x01, 0x20, 0x2c, 0x41, 0x0c,
  0xfd, 0xad, 0x01, 0xfd, 0x50, 0x22, 0x2c, 0xfd, 0xae, 0x01, 0x22, 0x31, 0x20, 0x2d, 0xfd, 0x51, 0x20, 0x10, 0xfd, 0x0d,
  0x01, 0x02, 0x03, 0x00, 0x05, 0x06, 0x07, 0x04, 0x09, 0x0a, 0x0b, 0x08, 0x0d, 0x0e, 0x0f, 0x0c, 0x22, 0x2d, 0xfd, 0x51,
  0x20, 0x10, 0xfd, 0x0d, 0x02, 0x03, 0x00, 0x01, 0x06, 0x07, 0x04, 0x05, 0x0a, 0x0b, 0x08, 0x09, 0x0e, 0x0f, 0x0c, 0x0d,
  0x22, 0x36, 0xfd, 0xae, 0x01, 0x22, 0x37, 0x20, 0x35, 0x20, 0x1b, 0xfd, 0xae, 0x01, 0x20, 0x37, 0x20, 0x25, 0xfd, 0x51,
  0x22, 0x25, 0x41, 0x14, 0xfd, 0xab, 0x01, 0x20, 0x25, 0x41, 0x0c, 0xfd, 0xad, 0x01, 0xfd, 0x50, 0x22, 0x25, 0xfd, 0xae,
  0x01, 0x22, 0x35, 0x20, 0x36, 0xfd, 0x51, 0x20, 0x10, 0xfd, 0x0d, 0x01, 0x02, 0x03, 0x00, 0x05, 0x06, 0x07, 0x04, 0x09,
  0x0a, 0x0b, 0x08, 0x0d, 0x0e, 0x0f, 0x0c, 0x22, 0x36, 0xfd, 0xae, 0x01, 0x22, 0x37, 0x20, 0x32, 0x20, 0x22, 0xfd, 0xae,
  0x01, 0x20, 0x2e, 0x20, 0x2d, 0xfd, 0xae, 0x01, 0x22, 0x2d, 0x20, 0x2c, 0xfd, 0x51, 0x22, 0x2c, 0x41, 0x19, 0xfd, 0xab,
  0x01, 0x20, 0x2c, 0x41, 0x07, 0xfd, 0xad, 0x01, 0xfd, 0x50, 0x22, 0x2c, 0xfd, 0xae, 0x01, 0x22, 0x2e, 0x20, 0x24, 0xfd,
  0xae, 0x01, 0x20, 0x2f, 0x20, 0x30, 0x20, 0x27, 0xfd, 0x51, 0x20, 0x10, 0xfd, 0x0d, 0x01, 0x02, 0x03, 0x00, 0x05, 0x06,
  0x07, 0x04, 0x09, 0x0a, 0x0b, 0x08, 0x0d, 0x0e, 0x0f, 0x0c, 0x22, 0x27, 0xfd, 0xae, 0x01, 0x22, 0x2f, 0x20, 0x2e, 0x20,
  0x29, 0xfd, 0x51, 0x20, 0x10, 0xfd, 0x0d, 0x02, 0x03, 0x00, 0x01, 0x06, 0x07, 0x04, 0x05, 0x0a, 0x0b, 0x08, 0x09, 0x0e,
  0x0f, 0x0c, 0x0d, 0x22, 0x29, 0xfd, 0xae, 0x01, 0x22, 0x2e, 0x20, 0x2c, 0xfd, 0x51, 0x22, 0x2c, 0x41, 0x14, 0xfd, 0xab,
  0x01, 0x20, 0x2c, 0x41, 0x0c, 0xfd, 0xad, 0x01, 0xfd, 0x50, 0x22, 0x2c, 0xfd, 0xae, 0x01, 0x22, 0x30, 0x20, 0x23, 0xfd,
  0xae, 0x01, 0x20, 0x2d, 0x20, 0x28, 0x20, 0x14, 0xfd, 0xae, 0x01, 0x20, 0x34, 0x20, 0x26, 0xfd, 0x51, 0x22, 0x26, 0x41,
  0x19, 0xfd, 0xab, 0x01, 0x20, 0x26, 0x41, 0x07, 0xfd, 0xad, 0x01, 0xfd, 0x50, 0x22, 0x26, 0xfd, 0xae, 0x01, 0x22, 0x28,
  0x20, 0x27, 0xfd, 0x51, 0x20, 0x10, 0xfd, 0x0d, 0x02, 0x03, 0x00, 0x01, 0x06, 0x07, 0x04, 0x05, 0x0a, 0x0b, 0x08, 0x09,
  0x0e, 0x0f, 0x0c, 0x0d, 0x22, 0x27, 0xfd, 0xae, 0x01, 0x22, 0x2d, 0x20, 0x28, 0x20, 0x13, 0xfd, 0xae, 0x01, 0x20, 0x2d,
  0x20, 0x26, 0xfd, 0x51, 0x22, 0x26, 0x41, 0x14, 0xfd, 0xab, 0x01, 0x20, 0x26, 0x41, 0x0c, 0xfd, 0xad, 0x01, 0xfd, 0x50,
  0x22, 0x26, 0xfd, 0xae, 0x01, 0x22, 0x28, 0x20, 0x27, 0xfd, 0x51, 0x20, 0x10, 0xfd, 0x0d, 0x01, 0x02, 0x03, 0x00, 0x05,
  0x06, 0x07, 0x04, 0x09, 0x0a, 0x0b, 0x08, 0x0d, 0x0e, 0x0f, 0x0c, 0x22, 0x27, 0xfd, 0xae, 0x01, 0x22, 0x2d, 0x20, 0x26,
  0xfd, 0x51, 0x22, 0x26, 0x41, 0x19, 0xfd, 0xab, 0x01, 0x20, 0x26, 0x41, 0x07, 0xfd, 0xad, 0x01, 0xfd, 0x50, 0x22, 0x26,
  0xfd, 0xae, 0x01, 0x22, 0x32, 0x20, 0x31, 0x20, 0x11, 0xfd, 0xae, 0x01, 0x20, 0x2f, 0x20, 0x2a, 0xfd, 0x51, 0x22, 0x2a,
  0x41, 0x19, 0xfd, 0xab, 0x01, 0x20, 0x2a, 0x41, 0x07, 0xfd, 0xad, 0x01, 0xfd, 0x50, 0x22, 0x2a, 0xfd, 0xae, 0x01, 0x22,
  0x2f, 0x20, 0x19, 0xfd, 0xae, 0x01, 0x20, 0x2b, 0x20, 0x2f, 0x20, 0x33, 0xfd, 0x51, 0x20, 0x10, 0xfd, 0x0d, 0x02, 0x03,
  0x00, 0x01, 0x06, 0x07, 0x04, 0x05, 0x0a, 0x0b, 0x08, 0x09, 0x0e, 0x0f, 0x0c, 0x0d, 0x22, 0x2f, 0xfd, 0xae, 0x01, 0x22,
  0x2b, 0x20, 0x2a, 0xfd, 0x51, 0x22, 0x2a, 0x41, 0x14, 0xfd, 0xab, 0x01, 0x20, 0x2a, 0x41, 0x0c, 0xfd, 0xad, 0x01, 0xfd,
  0x50, 0x22, 0x2a, 0xfd, 0xae, 0x01, 0x22, 0x31, 0x20, 0x2f, 0xfd, 0x51, 0x20, 0x10, 0xfd, 0x0d, 0x01, 0x02, 0x03, 0x00,
  0x05, 0x06, 0x07, 0x04, 0x09, 0x0a, 0x0b, 0x08, 0x0d, 0x0e, 0x0f, 0x0c, 0x22, 0x2f, 0xfd, 0x51, 0x20, 0x10, 0xfd, 0x0d,
  0x02, 0x03, 0x00, 0x01, 0x06, 0x07, 0x04, 0x05, 0x0a, 0x0b, 0x08, 0x09, 0x0e, 0x0f, 0x0c, 0x0d, 0x22, 0x33, 0xfd, 0xae,
  0x01, 0x22, 0x34, 0x20, 0x32, 0x20, 0x1a, 0xfd, 0xae, 0x01, 0x20, 0x34, 0x20, 0x26, 0xfd, 0x51, 0x22, 0x26, 0x41, 0x14,
  0xfd, 0xab, 0x01, 0x20, 0x26, 0x41, 0x0c, 0xfd, 0xad, 0x01, 0xfd, 0x50, 0x22, 0x26, 0xfd, 0xae, 0x01, 0x22, 0x32, 0x20,
  0x33, 0xfd, 0x51, 0x20, 0x10, 0xfd, 0x0d, 0x01, 0x02, 0x03, 0x00, 0x05, 0x06, 0x07, 0x04, 0x09, 0x0a, 0x0b, 0x08, 0x0d,
  0x0e, 0x0f, 0x0c, 0x22, 0x33, 0xfd, 0xae, 0x01, 0x22, 0x34, 0x20, 0x35, 0x20, 0x20, 0xfd, 0xae, 0x01, 0x20, 0x2b, 0x20,
  0x2f, 0xfd, 0xae, 0x01, 0x22, 0x2b, 0x20, 0x2a, 0xfd, 0x51, 0x22, 0x2a, 0x41, 0x19, 0xfd, 0xab, 0x01, 0x20, 0x2a, 0x41,
  0x07, 0xfd, 0xad, 0x01, 0xfd, 0x50, 0x22, 0x2a, 0xfd, 0xae, 0x01, 0x22, 0x2f, 0x20, 0x1c, 0xfd, 0xae, 0x01, 0x20, 0x2e,
  0x20, 0x30, 0x20, 0x29, 0xfd, 0x51, 0x20, 0x10, 0xfd, 0x0d, 0x01, 0x02, 0x03, 0x00, 0x05, 0x06, 0x07, 0x04, 0x09, 0x0a,
  0x0b, 0x08, 0x0d, 0x0e, 0x0f, 0x0c, 0x22, 0x29, 0xfd, 0xae, 0x01, 0x22, 0x2e, 0x20, 0x2f, 0x20, 0x27, 0xfd, 0x51, 0x20,
  0x10, 0xfd, 0x0d, 0x02, 0x03, 0x00, 0x01, 0x06, 0x07, 0x04, 0x05, 0x0a, 0x0b, 0x08, 0x09, 0x0e, 0x0f, 0x0c, 0x0d, 0x22,
  0x27, 0xfd, 0xae, 0x01, 0x22, 0x2f, 0x20, 0x2a, 0xfd, 0x51, 0x22, 0x2a, 0x41, 0x14, 0xfd, 0xab, 0x01, 0x20, 0x2a, 0x41,
  0x0c, 0xfd, 0xad, 0x01, 0xfd, 0x50, 0x22, 0x2a, 0xfd, 0xae, 0x01, 0x22, 0x30, 0x20, 0x10, 0xfd, 0xae, 0x01, 0x20, 0x2b,
  0x20, 0x28, 0x20, 0x1d, 0xfd, 0xae, 0x01, 0x20, 0x37, 0x20, 0x25, 0xfd, 0x51, 0x22, 0x25, 0x41, 0x19, 0xfd, 0xab, 0x01,
  0x20, 0x25, 0x41, 0x07, 0xfd, 0xad, 0x01, 0xfd, 0x50, 0x22, 0x25, 0xfd, 0xae, 0x01, 0x22, 0x28, 0x20, 0x29, 0xfd, 0x51,
  0x20, 0x10, 0xfd, 0x0d, 0x02, 0x03, 0x00, 0x01, 0x06, 0x07, 0x04, 0x05, 0x0a, 0x0b, 0x08, 0x09, 0x0e, 0x0f, 0x0c, 0x0d,
  0x22, 0x29, 0xfd, 0xae, 0x01, 0x22, 0x2b, 0x20, 0x28, 0x20, 0x14, 0xfd, 0xae, 0x01, 0x20, 0x2b, 0x20, 0x25, 0xfd, 0x51,
  0x22, 0x25, 0x41, 0x14, 0xfd, 0xab, 0x01, 0x20, 0x25, 0x41, 0x0c, 0xfd, 0xad, 0x01, 0xfd, 0x50, 0x22, 0x25, 0xfd, 0xae,
  0x01, 0x22, 0x28, 0x20, 0x29, 0xfd, 0x51, 0x20, 0x10, 0xfd, 0x0d, 0x01, 0x02, 0x03, 0x00, 0x05, 0x06, 0x07, 0x04, 0x09,
  0x0a, 0x0b, 0x08, 0x0d, 0x0e, 0x0f, 0x0c, 0x22, 0x29, 0xfd, 0xae, 0x01, 0x22, 0x2b, 0x20, 0x25, 0xfd, 0x51, 0x22, 0x25,
  0x41, 0x19, 0xfd, 0xab, 0x01, 0x20, 0x25, 0x41, 0x07, 0xfd, 0xad, 0x01, 0xfd, 0x50, 0x22, 0x25, 0xfd, 0xae, 0x01, 0x22,
  0x35, 0x20, 0x31, 0x20, 0x1e, 0xfd, 0xae, 0x01, 0x20, 0x2e, 0x20, 0x2c, 0xfd, 0x51, 0x22, 0x2c, 0x41, 0x19, 0xfd, 0xab,
  0x01, 0x20, 0x2c, 0x41, 0x07, 0xfd, 0xad, 0x01, 0xfd, 0x50, 0x22, 0x2c, 0xfd, 0xae, 0x01, 0x22, 0x2e, 0x20, 0x24, 0xfd,
  0xae, 0x01, 0x20, 0x2d, 0x20, 0x2e, 0x20, 0x36, 0xfd, 0x51, 0x20, 0x10, 0xfd, 0x0d, 0x02, 0x03, 0x00, 0x01, 0x06, 0x07,
  0x04, 0x05, 0x0a, 0x0b, 0x08, 0x09, 0x0e, 0x0f, 0x0c, 0x0d, 0x22, 0x2e, 0xfd, 0xae, 0x01, 0x22, 0x2d, 0x20, 0x2c, 0xfd,
  0x51, 0x22, 0x2c, 0x41, 0x14, 0xfd, 0xab, 0x01, 0x20, 0x2c, 0x41, 0x0c, 0xfd, 0xad, 0x01, 0xfd, 0x50, 0x22, 0x2c, 0xfd,
  0xae, 0x01, 0x22, 0x31, 0x20, 0x2e, 0xfd, 0x51, 0x20, 0x10, 0xfd, 0x0d, 0x01, 0x02, 0x03, 0x00, 0x05, 0x06, 0x07, 0x04,
  0x09, 0x0a, 0x0b, 0x08, 0x0d, 0x0e, 0x0f, 0x0c, 0x22, 0x2e, 0xfd, 0x51, 0x20, 0x10, 0xfd, 0x0d, 0x02, 0x03, 0x00, 0x01,
  0x06, 0x07, 0x04, 0x05, 0x0a, 0x0b, 0x08, 0x09, 0x0e, 0x0f, 0x0c, 0x0d, 0x22, 0x36, 0xfd, 0xae, 0x01, 0x22, 0x37, 0x20,
  0x35, 0x20, 0x13, 0xfd, 0xae, 0x01, 0x20, 0x37, 0x20, 0x25, 0xfd, 0x51, 0x22, 0x25, 0x41, 0x14, 0xfd, 0xab, 0x01, 0x20,
  0x25, 0x41, 0x0c, 0xfd, 0xad, 0x01, 0xfd, 0x50, 0x22, 0x25, 0xfd, 0xae, 0x01, 0x22, 0x35, 0x20, 0x36, 0xfd, 0x51, 0x20,
  0x10, 0xfd, 0x0d, 0x01, 0x02, 0x03, 0x00, 0x05, 0x06, 0x07, 0x04, 0x09, 0x0a, 0x0b, 0x08, 0x0d, 0x0e, 0x0f, 0x0c, 0x22,
  0x36, 0xfd, 0xae, 0x01, 0x22, 0x37, 0x20, 0x32, 0x20, 0x1b, 0xfd, 0xae, 0x01, 0x20, 0x2d, 0x20, 0x2e, 0xfd, 0xae, 0x01,
  0x22, 0x2d, 0x20, 0x2c, 0xfd, 0x51, 0x22, 0x2c, 0x41, 0x19, 0xfd, 0xab, 0x01, 0x20, 0x2c, 0x41, 0x07, 0xfd, 0xad, 0x01,
  0xfd, 0x50, 0x22, 0x2c, 0xfd, 0xae, 0x01, 0x22, 0x2e, 0x20, 0x11, 0xfd, 0xae, 0x01, 0x20, 0x2f, 0x20, 0x30, 0x20, 0x27,
  0xfd, 0x51, 0x20, 0x10, 0xfd, 0x0d, 0x01, 0x02, 0x03, 0x00, 0x05, 0x06, 0x07, 0x04, 0x09, 0x0a, 0x0b, 0x08, 0x0d, 0x0e,
  0x0f, 0x0c, 0x22, 0x27, 0xfd, 0xae, 0x01, 0x22, 0x2f, 0x20, 0x2e, 0x20, 0x29, 0xfd, 0x51, 0x20, 0x10, 0xfd, 0x0d, 0x02,
  0x03, 0x00, 0x01, 0x06, 0x07, 0x04, 0x05, 0x0a, 0x0b, 0x08, 0x09, 0x0e, 0x0f, 0x0c, 0x0d, 0x22, 0x29, 0xfd, 0xae, 0x01,
  0x22, 0x2e, 0x20, 0x2c, 0xfd, 0x51, 0x22, 0x2c, 0x41, 0x14, 0xfd, 0xab, 0x01, 0x20, 0x2c, 0x41, 0x0c, 0xfd, 0xad, 0x01,
  0xfd, 0x50, 0x22, 0x2c, 0xfd, 0xae, 0x01, 0x22, 0x30, 0x20, 0x24, 0xfd, 0xae, 0x01, 0x20, 0x2d, 0x20, 0x28, 0x20, 0x22,
  0xfd, 0xae, 0x01, 0x20, 0x34, 0x20, 0x26, 0xfd, 0x51, 0x22, 0x26, 0x41, 0x19, 0xfd, 0xab, 0x01, 0x20, 0x26, 0x41, 0x07,
  0xfd, 0xad, 0x01, 0xfd, 0x50, 0x22, 0x26, 0xfd, 0xae, 0x01, 0x22, 0x28, 0x20, 0x27, 0xfd, 0x51, 0x20, 0x10, 0xfd, 0x0d,
  0x02, 0x03, 0x00, 0x01, 0x06, 0x07, 0x04, 0x05, 0x0a, 0x0b, 0x08, 0x09, 0x0e, 0x0f, 0x0c, 0x0d, 0x22, 0x27, 0xfd, 0xae,
  0x01, 0x22, 0x2d, 0x20, 0x28, 0x20, 0x1f, 0xfd, 0xae, 0x01, 0x20, 0x2d, 0x20, 0x26, 0xfd, 0x51, 0x22, 0x26, 0x41, 0x14,
  0xfd, 0xab, 0x01, 0x20, 0x26, 0x41, 0x0c, 0xfd, 0xad, 0x01, 0xfd, 0x50, 0x22, 0x26, 0xfd, 0xae, 0x01, 0x22, 0x28, 0x20,
  0x27, 0xfd, 0x51, 0x20, 0x10, 0xfd, 0x0d, 0x01, 0x02, 0x03, 0x00, 0x05, 0x06, 0x07, 0x04, 0x09, 0x0a, 0x0b, 0x08, 0x0d,
  0x0e, 0x0f, 0x0c, 0x22, 0x27, 0xfd, 0xae, 0x01, 0x22, 0x2d, 0x20, 0x26, 0xfd, 0x51, 0x22, 0x26, 0x41, 0x19, 0xfd, 0xab,
  0x01, 0x20, 0x26, 0x41, 0x07, 0xfd, 0xad, 0x01, 0xfd, 0x50, 0x22, 0x26, 0xfd, 0xae, 0x01, 0x22, 0x32, 0x20, 0x31, 0x20,
  0x19, 0xfd, 0xae, 0x01, 0x20, 0x2f, 0x20, 0x2a, 0xfd, 0x51, 0x22, 0x2a, 0x41, 0x19, 0xfd, 0xab, 0x01, 0x20, 0x2a, 0x41,
  0x07, 0xfd, 0xad, 0x01, 0xfd, 0x50, 0x22, 0x2a, 0xfd, 0xae, 0x01, 0x22, 0x2f, 0x20, 0x12, 0xfd, 0xae, 0x01, 0x20, 0x2b,
  0x20, 0x2f, 0x20, 0x33, 0xfd, 0x51, 0x20, 0x10, 0xfd, 0x0d, 0x02, 0x03, 0x00, 0x01, 0x06, 0x07, 0x04, 0x05, 0x0a, 0x0b,
  0x08, 0x09, 0x0e, 0x0f, 0x0c, 0x0d, 0x22, 0x2f, 0xfd, 0xae, 0x01, 0x22, 0x2b, 0x20, 0x2a, 0xfd, 0x51, 0x22, 0x2a, 0x41,
  0x14, 0xfd, 0xab, 0x01, 0x20, 0x2a, 0x41, 0x0c, 0xfd, 0xad, 0x01, 0xfd, 0x50, 0x22, 0x2a, 0xfd, 0xae, 0x01, 0x22, 0x31,
  0x20, 0x2f, 0xfd, 0x51, 0x20, 0x10, 0xfd, 0x0d, 0x01, 0x02, 0x03, 0x00, 0x05, 0x06, 0x07, 0x04, 0x09, 0x0a, 0x0b, 0x08,
  0x0d, 0x0e, 0x0f, 0x0c, 0x22, 0x2f, 0xfd, 0x51, 0x20, 0x10, 0xfd, 0x0d, 0x02, 0x03, 0x00, 0x01, 0x06, 0x07, 0x04, 0x05,
  0x0a, 0x0b, 0x08, 0x09, 0x0e, 0x0f, 0x0c, 0x0d, 0x22, 0x33, 0xfd, 0xae, 0x01, 0x22, 0x34, 0x20, 0x32, 0x20, 0x20, 0xfd,
  0xae, 0x01, 0x20, 0x34, 0x20, 0x26, 0xfd, 0x51, 0x22, 0x26, 0x41, 0x14, 0xfd, 0xab, 0x01, 0x20, 0x26, 0x41, 0x0c, 0xfd,
  0xad, 0x01, 0xfd, 0x50, 0x22, 0x26, 0xfd, 0xae, 0x01, 0x22, 0x32, 0x20, 0x33, 0xfd, 0x51, 0x20, 0x10, 0xfd, 0x0d, 0x01,
  0x02, 0x03, 0x00, 0x05, 0x06, 0x07, 0x04, 0x09, 0x0a, 0x0b, 0x08, 0x0d, 0x0e, 0x0f, 0x0c, 0x22, 0x33, 0xfd, 0xae, 0x01,
  0x22, 0x34, 0x20, 0x35, 0x20, 0x1d, 0xfd, 0xae, 0x01, 0x20, 0x2b, 0x20, 0x2f, 0xfd, 0xae, 0x01, 0x22, 0x2b, 0x20, 0x2a,
  0xfd, 0x51, 0x22, 0x2a, 0x41, 0x19, 0xfd, 0xab, 0x01, 0x20, 0x2a, 0x41, 0x07, 0xfd, 0xad, 0x01, 0xfd, 0x50, 0x22, 0x2a,
  0xfd, 0xae, 0x01, 0x22, 0x2f, 0x20, 0x1e, 0xfd, 0xae, 0x01, 0x20, 0x2e, 0x20, 0x30, 0x20, 0x29, 0xfd, 0x51, 0x20, 0x10,
  0xfd, 0x0d, 0x01, 0x02, 0x03, 0x00, 0x05, 0x06, 0x07, 0x04, 0x09, 0x0a, 0x0b, 0x08, 0x0d, 0x0e, 0x0f, 0x0c, 0x22, 0x29,
  0xfd, 0xae, 0x01, 0x22, 0x2e, 0x20, 0x2f, 0x20, 0x27, 0xfd, 0x51, 0x20, 0x10, 0xfd, 0x0d, 0x02, 0x03, 0x00, 0x01, 0x06,
  0x07, 0x04, 0x05, 0x0a, 0x0b, 0x08, 0x09, 0x0e, 0x0f, 0x0c, 0x0d, 0x22, 0x27, 0xfd, 0xae, 0x01, 0x22, 0x2f, 0x20, 0x2a,
  0xfd, 0x51, 0x22, 0x2a, 0x41, 0x14, 0xfd, 0xab, 0x01, 0x20, 0x2a, 0x41, 0x0c, 0xfd, 0xad, 0x01, 0xfd, 0x50, 0x22, 0x2a,
  0xfd, 0xae, 0x01, 0x22, 0x30, 0x20, 0x1c, 0xfd, 0xae, 0x01, 0x20, 0x2b, 0x20, 0x28, 0x20, 0x14, 0xfd, 0xae, 0x01, 0x20,
  0x37, 0x20, 0x25, 0xfd, 0x51, 0x22, 0x25, 0x41, 0x19, 0xfd, 0xab, 0x01, 0x20, 0x25, 0x41, 0x07, 0xfd, 0xad, 0x01, 0xfd,
  0x50, 0x22, 0x25, 0xfd, 0xae, 0x01, 0x22, 0x28, 0x20, 0x29, 0xfd, 0x51, 0x20, 0x10, 0xfd, 0x0d, 0x02, 0x03, 0x00, 0x01,
  0x06, 0x07, 0x04, 0x05, 0x0a, 0x0b, 0x08, 0x09, 0x0e, 0x0f, 0x0c, 0x0d, 0x22, 0x29, 0xfd, 0xae, 0x01, 0x22, 0x2b, 0x20,
  0x28, 0x20, 0x22, 0xfd, 0xae, 0x01, 0x20, 0x2b, 0x20, 0x25, 0xfd, 0x51, 0x22, 0x25, 0x41, 0x14, 0xfd, 0xab, 0x01, 0x20,
  0x25, 0x41, 0x0c, 0xfd, 0xad, 0x01, 0xfd, 0x50, 0x22, 0x25, 0xfd, 0xae, 0x01, 0x22, 0x28, 0x20, 0x29, 0xfd, 0x51, 0x20,
  0x10, 0xfd, 0x0d, 0x01, 0x02, 0x03, 0x00, 0x05, 0x06, 0x07, 0x04, 0x09, 0x0a, 0x0b, 0x08, 0x0d, 0x0e, 0x0f, 0x0c, 0x22,
  0x29, 0xfd, 0xae, 0x01, 0x22, 0x2b, 0x20, 0x25, 0xfd, 0x51, 0x22, 0x25, 0x41, 0x19, 0xfd, 0xab, 0x01, 0x20, 0x25, 0x41,
  0x07, 0xfd, 0xad, 0x01, 0xfd, 0x50, 0x22, 0x25, 0xfd, 0xae, 0x01, 0x22, 0x35, 0x20, 0x31, 0x20, 0x23, 0xfd, 0xae, 0x01,
  0x20, 0x2e, 0x20, 0x2c, 0xfd, 0x51, 0x22, 0x2c, 0x41, 0x19, 0xfd, 0xab, 0x01, 0x20, 0x2c, 0x41, 0x07, 0xfd, 0xad, 0x01,
  0xfd, 0x50, 0x22, 0x2c, 0xfd, 0xae, 0x01, 0x22, 0x2e, 0x20, 0x11, 0xfd, 0xae, 0x01, 0x20, 0x2d, 0x20, 0x2e, 0x20, 0x36,
  0xfd, 0x51, 0x20, 0x10, 0xfd, 0x0d, 0x02, 0x03, 0x00, 0x01, 0x06, 0x07, 0x04, 0x05, 0x0a, 0x0b, 0x08, 0x09, 0x0e, 0x0f,
  0x0c, 0x0d, 0x22, 0x2e, 0xfd, 0xae, 0x01, 0x22, 0x2d, 0x20, 0x2c, 0xfd, 0x51, 0x22, 0x2c, 0x41, 0x14, 0xfd, 0xab, 0x01,
  0x20, 0x2c, 0x41, 0x0c, 0xfd, 0xad, 0x01, 0xfd, 0x50, 0x22, 0x2c, 0xfd, 0xae, 0x01, 0x22, 0x31, 0x20, 0x2e, 0xfd, 0x51,
  0x20, 0x10, 0xfd, 0x0d, 0x01, 0x02, 0x03, 0x00, 0x05, 0x06, 0x07, 0x04, 0x09, 0x0a, 0x0b, 0x08, 0x0d, 0x0e, 0x0f, 0x0c,
  0x22, 0x2e, 0xfd, 0x51, 0x20, 0x10, 0xfd, 0x0d, 0x02, 0x03, 0x00, 0x01, 0x06, 0x07, 0x04, 0x05, 0x0a, 0x0b, 0x08, 0x09,
  0x0e, 0x0f, 0x0c, 0x0d, 0x22, 0x36, 0xfd, 0xae, 0x01, 0x22, 0x37, 0x20, 0x35, 0x20, 0x1f, 0xfd, 0xae, 0x01, 0x20, 0x37,
  0x20, 0x25, 0xfd, 0x51, 0x22, 0x25, 0x41, 0x14, 0xfd, 0xab, 0x01, 0x20, 0x25, 0x41, 0x0c, 0xfd, 0xad, 0x01, 0xfd, 0x50,
  0x22, 0x25, 0xfd, 0xae, 0x01, 0x22, 0x35, 0x20, 0x36, 0xfd, 0x51, 0x20, 0x10, 0xfd, 0x0d, 0x01, 0x02, 0x03, 0x00, 0x05,
  0x06, 0x07, 0x04, 0x09, 0x0a, 0x0b, 0x08, 0x0d, 0x0e, 0x0f, 0x0c, 0x22, 0x36, 0xfd, 0xae, 0x01, 0x22, 0x37, 0x20, 0x32,
  0x20, 0x13, 0xfd, 0xae, 0x01, 0x20, 0x2d, 0x20, 0x2e, 0xfd, 0xae, 0x01, 0x22, 0x2d, 0x20, 0x2c, 0xfd, 0x51, 0x22, 0x2c,
  0x41, 0x19, 0xfd, 0xab, 0x01, 0x20, 0x2c, 0x41, 0x07, 0xfd, 0xad, 0x01, 0xfd, 0x50, 0x22, 0x2c, 0xfd, 0xae, 0x01, 0x22,
  0x2e, 0x20, 0x19, 0xfd, 0xae, 0x01, 0x20, 0x2f, 0x20, 0x30, 0x20, 0x27, 0xfd, 0x51, 0x20, 0x10, 0xfd, 0x0d, 0x01, 0x02,
  0x03, 0x00, 0x05, 0x06, 0x07, 0x04, 0x09, 0x0a, 0x0b, 0x08, 0x0d, 0x0e, 0x0f, 0x0c, 0x22, 0x27, 0xfd, 0xae, 0x01, 0x22,
  0x2f, 0x20, 0x2e, 0x20, 0x29, 0xfd, 0x51, 0x20, 0x10, 0xfd, 0x0d, 0x02, 0x03, 0x00, 0x01, 0x06, 0x07, 0x04, 0x05, 0x0a,
  0x0b, 0x08, 0x09, 0x0e, 0x0f, 0x0c, 0x0d, 0x22, 0x29, 0xfd, 0xae, 0x01, 0x22, 0x2e, 0x20, 0x2c, 0xfd, 0x51, 0x22, 0x2c,
  0x41, 0x14, 0xfd, 0xab, 0x01, 0x20, 0x2c, 0x41, 0x0c, 0xfd, 0xad, 0x01, 0xfd, 0x50, 0x22, 0x2c, 0xfd, 0xae, 0x01, 0x22,
  0x30, 0x20, 0x11, 0xfd, 0xae, 0x01, 0x20, 0x2d, 0x20, 0x28, 0x20, 0x1b, 0xfd, 0xae, 0x01, 0x20, 0x34, 0x20, 0x26, 0xfd,
  0x51, 0x22, 0x26, 0x41, 0x19, 0xfd, 0xab, 0x01, 0x20, 0x26, 0x41, 0x07, 0xfd, 0xad, 0x01, 0xfd, 0x50, 0x22, 0x26, 0xfd,
  0xae, 0x01, 0x22, 0x28, 0x20, 0x27, 0xfd, 0x51, 0x20, 0x10, 0xfd, 0x0d, 0x02, 0x03, 0x00, 0x01, 0x06, 0x07, 0x04, 0x05,
  0x0a, 0x0b, 0x08, 0x09, 0x0e, 0x0f, 0x0c, 0x0d, 0x22, 0x27, 0xfd, 0xae, 0x01, 0x22, 0x2d, 0x20, 0x28, 0x20, 0x1a, 0xfd,
  0xae, 0x01, 0x20, 0x2d, 0x20, 0x26, 0xfd, 0x51, 0x22, 0x26, 0x41, 0x14, 0xfd, 0xab, 0x01, 0x20, 0x26, 0x41, 0x0c, 0xfd,
  0xad, 0x01, 0xfd, 0x50, 0x22, 0x26, 0xfd, 0xae, 0x01, 0x22, 0x28, 0x20, 0x27, 0xfd, 0x51, 0x20, 0x10, 0xfd, 0x0d, 0x01,
  0x02, 0x03, 0x00, 0x05, 0x06, 0x07, 0x04, 0x09, 0x0a, 0x0b, 0x08, 0x0d, 0x0e, 0x0f, 0x0c, 0x22, 0x27, 0xfd, 0xae, 0x01,
  0x22, 0x2d, 0x20, 0x26, 0xfd, 0x51, 0x22, 0x26, 0x41, 0x19, 0xfd, 0xab, 0x01, 0x20, 0x26, 0x41, 0x07, 0xfd, 0xad, 0x01,
  0xfd, 0x50, 0x22, 0x26, 0xfd, 0xae, 0x01, 0x22, 0x32, 0x20, 0x31, 0x20, 0x12, 0xfd, 0xae, 0x01, 0x20, 0x2f, 0x20, 0x2a,
  0xfd, 0x51, 0x22, 0x2a, 0x41, 0x19, 0xfd, 0xab, 0x01, 0x20, 0x2a, 0x41, 0x07, 0xfd, 0xad, 0x01, 0xfd, 0x50, 0x22, 0x2a,
  0xfd, 0xae, 0x01, 0x22, 0x2f, 0x20, 0x10, 0xfd, 0xae, 0x01, 0x20, 0x2b, 0x20, 0x2f, 0x20, 0x33, 0xfd, 0x51, 0x20, 0x10,
  0xfd, 0x0d, 0x02, 0x03, 0x00, 0x01, 0x06, 0x07, 0x04, 0x05, 0x0a, 0x0b, 0x08, 0x09, 0x0e, 0x0f, 0x0c, 0x0d, 0x22, 0x2f,
  0xfd, 0xae, 0x01, 0x22, 0x2b, 0x20, 0x2a, 0xfd, 0x51, 0x22, 0x2a, 0x41, 0x14, 0xfd, 0xab, 0x01, 0x20, 0x2a, 0x41, 0x0c,
  0xfd, 0xad, 0x01, 0xfd, 0x50, 0x22, 0x2a, 0xfd, 0xae, 0x01, 0x22, 0x31, 0x20, 0x2f, 0xfd, 0x51, 0x20, 0x10, 0xfd, 0x0d,
  0x01, 0x02, 0x03, 0x00, 0x05, 0x06, 0x07, 0x04, 0x09, 0x0a, 0x0b, 0x08, 0x0d, 0x0e, 0x0f, 0x0c, 0x22, 0x2f, 0xfd, 0x51,
  0x20, 0x10, 0xfd, 0x0d, 0x02, 0x03, 0x00, 0x01, 0x06, 0x07, 0x04, 0x05, 0x0a, 0x0b, 0x08, 0x09, 0x0e, 0x0f, 0x0c, 0x0d,
  0x22, 0x33, 0xfd, 0xae, 0x01, 0x22, 0x34, 0x20, 0x32, 0x20, 0x1d, 0xfd, 0xae, 0x01, 0x20, 0x34, 0x20, 0x26, 0xfd, 0x51,
  0x22, 0x26, 0x41, 0x14, 0xfd, 0xab, 0x01, 0x20, 0x26, 0x41, 0x0c, 0xfd, 0xad, 0x01, 0xfd, 0x50, 0x22, 0x26, 0xfd, 0xae,
  0x01, 0x22, 0x32, 0x20, 0x33, 0xfd, 0x51, 0x20, 0x10, 0xfd, 0x0d, 0x01, 0x02, 0x03, 0x00, 0x05, 0x06, 0x07, 0x04, 0x09,
  0x0a, 0x0b, 0x08, 0x0d, 0x0e, 0x0f, 0x0c, 0x22, 0x33, 0xfd, 0xae, 0x01, 0x22, 0x34, 0x20, 0x35, 0x20, 0x14, 0xfd, 0xae,
  0x01, 0x20, 0x2b, 0x20, 0x2f, 0xfd, 0xae, 0x01, 0x22, 0x2b, 0x20, 0x2a, 0xfd, 0x51, 0x22, 0x2a, 0x41, 0x19, 0xfd, 0xab,
  0x01, 0x20, 0x2a, 0x41, 0x07, 0xfd, 0xad, 0x01, 0xfd, 0x50, 0x22, 0x2a, 0xfd, 0xae, 0x01, 0x22, 0x2f, 0x20, 0x23, 0xfd,
  0xae, 0x01, 0x20, 0x2e, 0x20, 0x30, 0x20, 0x29, 0xfd, 0x51, 0x20, 0x10, 0xfd, 0x0d, 0x01, 0x02, 0x03, 0x00, 0x05, 0x06,
  0x07, 0x04, 0x09, 0x0a, 0x0b, 0x08, 0x0d, 0x0e, 0x0f, 0x0c, 0x22, 0x29, 0xfd, 0xae, 0x01, 0x22, 0x2e, 0x20, 0x2f, 0x20,
  0x27, 0xfd, 0x51, 0x20, 0x10, 0xfd, 0x0d, 0x02, 0x03, 0x00, 0x01, 0x06, 0x07, 0x04, 0x05, 0x0a, 0x0b, 0x08, 0x09, 0x0e,
  0x0f, 0x0c, 0x0d, 0x22, 0x27, 0xfd, 0xae, 0x01, 0x22, 0x2f, 0x20, 0x2a, 0xfd, 0x51, 0x22, 0x2a, 0x41, 0x14, 0xfd, 0xab,
  0x01, 0x20, 0x2a, 0x41, 0x0c, 0xfd, 0xad, 0x01, 0xfd, 0x50, 0x22, 0x2a, 0xfd, 0xae, 0x01, 0x22, 0x30, 0x20, 0x1e, 0xfd,
  0xae, 0x01, 0x20, 0x2b, 0x20, 0x28, 0x20, 0x22, 0xfd, 0xae, 0x01, 0x20, 0x37, 0x20, 0x25, 0xfd, 0x51, 0x22, 0x25, 0x41,
  0x19, 0xfd, 0xab, 0x01, 0x20, 0x25, 0x41, 0x07, 0xfd, 0xad, 0x01, 0xfd, 0x50, 0x22, 0x25, 0xfd, 0xae, 0x01, 0x22, 0x28,
  0x20, 0x29, 0xfd, 0x51, 0x20, 0x10, 0xfd, 0x0d, 0x02, 0x03, 0x00, 0x01, 0x06, 0x07, 0x04, 0x05, 0x0a, 0x0b, 0x08, 0x09,
  0x0e, 0x0f, 0x0c, 0x0d, 0x22, 0x29, 0xfd, 0xae, 0x01, 0x22, 0x2b, 0x20, 0x28, 0x20, 0x1b, 0xfd, 0xae, 0x01, 0x20, 0x2b,
  0x20, 0x25, 0xfd, 0x51, 0x22, 0x25, 0x41, 0x14, 0xfd, 0xab, 0x01, 0x20, 0x25, 0x41, 0x0c, 0xfd, 0xad, 0x01, 0xfd, 0x50,
  0x22, 0x25, 0xfd, 0xae, 0x01, 0x22, 0x28, 0x20, 0x29, 0xfd, 0x51, 0x20, 0x10, 0xfd, 0x0d, 0x01, 0x02, 0x03, 0x00, 0x05,
  0x06, 0x07, 0x04, 0x09, 0x0a, 0x0b, 0x08, 0x0d, 0x0e, 0x0f, 0x0c, 0x22, 0x29, 0xfd, 0xae, 0x01, 0x22, 0x2b, 0x20, 0x25,
  0xfd, 0x51, 0x22, 0x25, 0x41, 0x19, 0xfd, 0xab, 0x01, 0x20, 0x25, 0x41, 0x07, 0xfd, 0xad, 0x01, 0xfd, 0x50, 0x22, 0x25,
  0xfd, 0xae, 0x01, 0x22, 0x35, 0x20, 0x31, 0x20, 0x24, 0xfd, 0xae, 0x01, 0x20, 0x2e, 0x20, 0x2c, 0xfd, 0x51, 0x22, 0x2c,
  0x41, 0x19, 0xfd, 0xab, 0x01, 0x20, 0x2c, 0x41, 0x07, 0xfd, 0xad, 0x01, 0xfd, 0x50, 0x22, 0x2c, 0xfd, 0xae, 0x01, 0x22,
  0x2e, 0x20, 0x19, 0xfd, 0xae, 0x01, 0x20, 0x2d, 0x20, 0x2e, 0x20, 0x36, 0xfd, 0x51, 0x20, 0x10, 0xfd, 0x0d, 0x02, 0x03,
  0x00, 0x01, 0x06, 0x07, 0x04, 0x05, 0x0a, 0x0b, 0x08, 0x09, 0x0e, 0x0f, 0x0c, 0x0d, 0x22, 0x2e, 0xfd, 0xae, 0x01, 0x22,
  0x2d, 0x20, 0x2c, 0xfd, 0x51, 0x22, 0x2c, 0x41, 0x14, 0xfd, 0xab, 0x01, 0x20, 0x2c, 0x41, 0x0c, 0xfd, 0xad, 0x01, 0xfd,
  0x50, 0x22, 0x2c, 0xfd, 0xae, 0x01, 0x22, 0x31, 0x20, 0x2e, 0xfd, 0x51, 0x20, 0x10, 0xfd, 0x0d, 0x01, 0x02, 0x03, 0x00,
  0x05, 0x06, 0x07, 0x04, 0x09, 0x0a, 0x0b, 0x08, 0x0d, 0x0e, 0x0f, 0x0c, 0x22, 0x2e, 0xfd, 0x51, 0x20, 0x10, 0xfd, 0x0d,
  0x02, 0x03, 0x00, 0x01, 0x06, 0x07, 0x04, 0x05, 0x0a, 0x0b, 0x08, 0x09, 0x0e, 0x0f, 0x0c, 0x0d, 0x22, 0x36, 0xfd, 0xae,
  0x01, 0x22, 0x37, 0x20, 0x35, 0x20, 0x1a, 0xfd, 0xae, 0x01, 0x20, 0x37, 0x20, 0x25, 0xfd, 0x51, 0x22, 0x25, 0x41, 0x14,
  0xfd, 0xab, 0x01, 0x20, 0x25, 0x41, 0x0c, 0xfd, 0xad, 0x01, 0xfd, 0x50, 0x22, 0x25, 0xfd, 0xae, 0x01, 0x22, 0x35, 0x20,
  0x36, 0xfd, 0x51, 0x20, 0x10, 0xfd, 0x0d, 0x01, 0x02, 0x03, 0x00, 0x05, 0x06, 0x07, 0x04, 0x09, 0x0a, 0x0b, 0x08, 0x0d,
  0x0e, 0x0f, 0x0c, 0x22, 0x36, 0xfd, 0xae, 0x01, 0x22, 0x37, 0x20, 0x32, 0x20, 0x1f, 0xfd, 0xae, 0x01, 0x20, 0x2d, 0x20,
  0x2e, 0xfd, 0xae, 0x01, 0x22, 0x2d, 0x20, 0x2c, 0xfd, 0x51, 0x22, 0x2c, 0x41, 0x19, 0xfd, 0xab, 0x01, 0x20, 0x2c, 0x41,
  0x07, 0xfd, 0xad, 0x01, 0xfd, 0x50, 0x22, 0x2c, 0xfd, 0xae, 0x01, 0x22, 0x2e, 0x20, 0x12, 0xfd, 0xae, 0x01, 0x20, 0x2f,
  0x20, 0x30, 0x20, 0x27, 0xfd, 0x51, 0x20, 0x10, 0xfd, 0x0d, 0x01, 0x02, 0x03, 0x00, 0x05, 0x06, 0x07, 0x04, 0x09, 0x0a,
  0x0b, 0x08, 0x0d, 0x0e, 0x0f, 0x0c, 0x22, 0x27, 0xfd, 0xae, 0x01, 0x22, 0x2f, 0x20, 0x2e, 0x20, 0x29, 0xfd, 0x51, 0x20,
  0x10, 0xfd, 0x0d, 0x02, 0x03, 0x00, 0x01, 0x06, 0x07, 0x04, 0x05, 0x0a, 0x0b, 0x08, 0x09, 0x0e, 0x0f, 0x0c, 0x0d, 0x22,
  0x29, 0xfd, 0xae, 0x01, 0x22, 0x2e, 0x20, 0x2c, 0xfd, 0x51, 0x22, 0x2c, 0x41, 0x14, 0xfd, 0xab, 0x01, 0x20, 0x2c, 0x41,
  0x0c, 0xfd, 0xad, 0x01, 0xfd, 0x50, 0x22, 0x2c, 0xfd, 0xae, 0x01, 0x22, 0x30, 0x20, 0x19, 0xfd, 0xae, 0x01, 0x20, 0x2d,
  0x20, 0x28, 0x20, 0x13, 0xfd, 0xae, 0x01, 0x20, 0x34, 0x20, 0x26, 0xfd, 0x51, 0x22, 0x19, 0x41, 0x19, 0xfd, 0xab, 0x01,
  0x20, 0x19, 0x41, 0x07, 0xfd, 0xad, 0x01, 0xfd, 0x50, 0x22, 0x19, 0xfd, 0xae, 0x01, 0x22, 0x26, 0x20, 0x27, 0xfd, 0x51,
  0x20, 0x10, 0xfd, 0x0d, 0x02, 0x03, 0x00, 0x01, 0x06, 0x07, 0x04, 0x05, 0x0a, 0x0b, 0x08, 0x09, 0x0e, 0x0f, 0x0c, 0x0d,
  0x22, 0x27, 0xfd, 0xae, 0x01, 0x22, 0x28, 0x20, 0x26, 0x20, 0x20, 0xfd, 0xae, 0x01, 0x20, 0x28, 0x20, 0x19, 0xfd, 0x51,
  0x22, 0x19, 0x41, 0x14, 0xfd, 0xab, 0x01, 0x20, 0x19, 0x41, 0x0c, 0xfd, 0xad, 0x01, 0xfd, 0x50, 0x22, 0x19, 0xfd, 0xae,
  0x01, 0x22, 0x26, 0x20, 0x27, 0xfd, 0x51, 0x20, 0x10, 0xfd, 0x0d, 0x01, 0x02, 0x03, 0x00, 0x05, 0x06, 0x07, 0x04, 0x09,
  0x0a, 0x0b, 0x08, 0x0d, 0x0e, 0x0f, 0x0c, 0x22, 0x27, 0xfd, 0xae, 0x01, 0x22, 0x28, 0x20, 0x19, 0xfd, 0x51, 0x22, 0x19,
  0x41, 0x19, 0xfd, 0xab, 0x01, 0x20, 0x19, 0x41, 0x07, 0xfd, 0xad, 0x01, 0xfd, 0x50, 0x22, 0x19, 0xfd, 0xae, 0x01, 0x22,
  0x2d, 0x20, 0x31, 0x20, 0x10, 0xfd, 0xae, 0x01, 0x20, 0x2f, 0x20, 0x2a, 0xfd, 0x51, 0x22, 0x2a, 0x41, 0x19, 0xfd, 0xab,
  0x01, 0x20, 0x2a, 0x41, 0x07, 0xfd, 0xad, 0x01, 0xfd, 0x50, 0x22, 0x2a, 0xfd, 0xae, 0x01, 0x22, 0x2f, 0x20, 0x1c, 0xfd,
  0xae, 0x01, 0x20, 0x2b, 0x20, 0x2f, 0x20, 0x33, 0xfd, 0x51, 0x20, 0x10, 0xfd, 0x0d, 0x02, 0x03, 0x00, 0x01, 0x06, 0x07,
  0x04, 0x05, 0x0a, 0x0b, 0x08, 0x09, 0x0e, 0x0f, 0x0c, 0x0d, 0x22, 0x2f, 0xfd, 0xae, 0x01, 0x22, 0x2b, 0x20, 0x2a, 0xfd,
  0x51, 0x22, 0x2a, 0x41, 0x14, 0xfd, 0xab, 0x01, 0x20, 0x2a, 0x41, 0x0c, 0xfd, 0xad, 0x01, 0xfd, 0x50, 0x22, 0x2a, 0xfd,
  0xae, 0x01, 0x22, 0x31, 0x20, 0x2f, 0xfd, 0x51, 0x20, 0x10, 0xfd, 0x0d, 0x01, 0x02, 0x03, 0x00, 0x05, 0x06, 0x07, 0x04,
  0x09, 0x0a, 0x0b, 0x08, 0x0d, 0x0e, 0x0f, 0x0c, 0x22, 0x2f, 0xfd, 0x51, 0x20, 0x10, 0xfd, 0x0d, 0x02, 0x03, 0x00, 0x01,
  0x06, 0x07, 0x04, 0x05, 0x0a, 0x0b, 0x08, 0x09, 0x0e, 0x0f, 0x0c, 0x0d, 0x22, 0x32, 0xfd, 0xae, 0x01, 0x22, 0x33, 0x20,
  0x2d, 0x20, 0x14, 0xfd, 0xae, 0x01, 0x20, 0x33, 0x20, 0x19, 0xfd, 0x51, 0x22, 0x19, 0x41, 0x14, 0xfd, 0xab, 0x01, 0x20,
  0x19, 0x41, 0x0c, 0xfd, 0xad, 0x01, 0xfd, 0x50, 0x22, 0x19, 0xfd, 0xae, 0x01, 0x22, 0x14, 0x20, 0x32, 0xfd, 0x51, 0x20,
  0x10, 0xfd, 0x0d, 0x01, 0x02, 0x03, 0x00, 0x05, 0x06, 0x07, 0x04, 0x09, 0x0a, 0x0b, 0x08, 0x0d, 0x0e, 0x0f, 0x0c, 0x22,
  0x2d, 0xfd, 0xae, 0x01, 0x22, 0x32, 0x20, 0x35, 0x20, 0x22, 0xfd, 0xae, 0x01, 0x20, 0x2b, 0x20, 0x2f, 0xfd, 0xae, 0x01,
  0x22, 0x22, 0x20, 0x2a, 0xfd, 0x51, 0x22, 0x2a, 0x41, 0x19, 0xfd, 0xab, 0x01, 0x20, 0x2a, 0x41, 0x07, 0xfd, 0xad, 0x01,
  0xfd, 0x50, 0x22, 0x2a, 0xfd, 0xae, 0x01, 0x22, 0x2b, 0x20, 0x24, 0xfd, 0xae, 0x01, 0x20, 0x2e, 0x20, 0x30, 0x20, 0x29,
  0xfd, 0x51, 0x20, 0x10, 0xfd, 0x0d, 0x01, 0x02, 0x03, 0x00, 0x05, 0x06, 0x07, 0x04, 0x09, 0x0a, 0x0b, 0x08, 0x0d, 0x0e,
  0x0f, 0x0c, 0x22, 0x24, 0xfd, 0xae, 0x01, 0x22, 0x29, 0x20, 0x2b, 0x20, 0x27, 0xfd, 0x51, 0x20, 0x10, 0xfd, 0x0d, 0x02,
  0x03, 0x00, 0x01, 0x06, 0x07, 0x04, 0x05, 0x0a, 0x0b, 0x08, 0x09, 0x0e, 0x0f, 0x0c, 0x0d, 0x22, 0x27, 0xfd, 0xae, 0x01,
  0x22, 0x2b, 0x20, 0x2a, 0xfd, 0x51, 0x22, 0x2a, 0x41, 0x14, 0xfd, 0xab, 0x01, 0x20, 0x2a, 0x41, 0x0c, 0xfd, 0xad, 0x01,
  0xfd, 0x50, 0x22, 0x2a, 0xfd, 0xae, 0x01, 0x22, 0x2e, 0x20, 0x23, 0xfd, 0xae, 0x01, 0x20, 0x22, 0x20, 0x26, 0x20, 0x1b,
  0xfd, 0xae, 0x01, 0x20, 0x37, 0x20, 0x25, 0xfd, 0x51, 0x22, 0x1b, 0x41, 0x19, 0xfd, 0xab, 0x01, 0x20, 0x1b, 0x41, 0x07,
  0xfd, 0xad, 0x01, 0xfd, 0x50, 0x22, 0x1b, 0xfd, 0xae, 0x01, 0x22, 0x23, 0x20, 0x24, 0xfd, 0x51, 0x20, 0x10, 0xfd, 0x0d,
  0x02, 0x03, 0x00, 0x01, 0x06, 0x07, 0x04, 0x05, 0x0a, 0x0b, 0x08, 0x09, 0x0e, 0x0f, 0x0c, 0x0d, 0x22, 0x24, 0xfd, 0xae,
  0x01, 0x22, 0x22, 0x20, 0x23, 0x20, 0x13, 0xfd, 0xae, 0x01, 0x20, 0x22, 0x20, 0x1b, 0xfd, 0x51, 0x22, 0x1b, 0x41, 0x14,
  0xfd, 0xab, 0x01, 0x20, 0x1b, 0x41, 0x0c, 0xfd, 0xad, 0x01, 0xfd, 0x50, 0x22, 0x1b, 0xfd, 0xae, 0x01, 0x22, 0x13, 0x20,
  0x24, 0xfd, 0x51, 0x20, 0x10, 0xfd, 0x0d, 0x01, 0x02, 0x03, 0x00, 0x05, 0x06, 0x07, 0x04, 0x09, 0x0a, 0x0b, 0x08, 0x0d,
  0x0e, 0x0f, 0x0c, 0x22, 0x22, 0xfd, 0xae, 0x01, 0x22, 0x23, 0x20, 0x1b, 0xfd, 0x51, 0x22, 0x1b, 0x41, 0x19, 0xfd, 0xab,
  0x01, 0x20, 0x1b, 0x41, 0x07, 0xfd, 0xad, 0x01, 0xfd, 0x50, 0x22, 0x1b, 0xfd, 0xae, 0x01, 0x22, 0x24, 0x20, 0x31, 0x20,
  0x11, 0xfd, 0xae, 0x01, 0x20, 0x29, 0x20, 0x2c, 0xfd, 0x51, 0x22, 0x11, 0x41, 0x19, 0xfd, 0xab, 0x01, 0x20, 0x11, 0x41,
  0x07, 0xfd, 0xad, 0x01, 0xfd, 0x50, 0x22, 0x11, 0xfd, 0xae, 0x01, 0x22, 0x25, 0x20, 0x12, 0xfd, 0xae, 0x01, 0x20, 0x28,
  0x20, 0x25, 0x20, 0x36, 0xfd, 0x51, 0x20, 0x10, 0xfd, 0x0d, 0x02, 0x03, 0x00, 0x01, 0x06, 0x07, 0x04, 0x05, 0x0a, 0x0b,
  0x08, 0x09, 0x0e, 0x0f, 0x0c, 0x0d, 0x22, 0x12, 0xfd, 0xae, 0x01, 0x22, 0x25, 0x20, 0x11, 0xfd, 0x51, 0x22, 0x11, 0x41,
  0x14, 0xfd, 0xab, 0x01, 0x20, 0x11, 0x41, 0x0c, 0xfd, 0xad, 0x01, 0xfd, 0x50, 0x22, 0x11, 0xfd, 0xae, 0x01, 0x22, 0x26,
  0x20, 0x12, 0xfd, 0x51, 0x20, 0x10, 0xfd, 0x0d, 0x01, 0x02, 0x03, 0x00, 0x05, 0x06, 0x07, 0x04, 0x09, 0x0a, 0x0b, 0x08,
  0x0d, 0x0e, 0x0f, 0x0c, 0x22, 0x12, 0xfd, 0x51, 0x20, 0x10, 0xfd, 0x0d, 0x02, 0x03, 0x00, 0x01, 0x06, 0x07, 0x04, 0x05,
  0x0a, 0x0b, 0x08, 0x09, 0x0e, 0x0f, 0x0c, 0x0d, 0x22, 0x28, 0xfd, 0xae, 0x01, 0x22, 0x29, 0x20, 0x24, 0x20, 0x20, 0xfd,
  0xae, 0x01, 0x20, 0x29, 0x20, 0x1b, 0xfd, 0x51, 0x22, 0x1b, 0x41, 0x14, 0xfd, 0xab, 0x01, 0x20, 0x1b, 0x41, 0x0c, 0xfd,
  0xad, 0x01, 0xfd, 0x50, 0x22, 0x1b, 0xfd, 0xae, 0x01, 0x22, 0x20, 0x20, 0x28, 0xfd, 0x51, 0x20, 0x10, 0xfd, 0x0d, 0x01,
  0x02, 0x03, 0x00, 0x05, 0x06, 0x07, 0x04, 0x09, 0x0a, 0x0b, 0x08, 0x0d, 0x0e, 0x0f, 0x0c, 0x22, 0x24, 0xfd, 0xae, 0x01,
  0x22, 0x28, 0x20, 0x1b, 0xfd, 0x51, 0x22, 0x1b, 0x41, 0x19, 0xfd, 0xab, 0x01, 0x20, 0x1b, 0x41, 0x07, 0xfd, 0xad, 0x01,
  0xfd, 0x50, 0x20, 0x14, 0x20, 0x1a, 0xfd, 0xae, 0x01, 0x20, 0x25, 0x20, 0x12, 0xfd, 0xae, 0x01, 0x22, 0x1b, 0x20, 0x11,
  0xfd, 0x51, 0x22, 0x11, 0x41, 0x19, 0xfd, 0xab, 0x01, 0x20, 0x11, 0x41, 0x07, 0xfd, 0xad, 0x01, 0xfd, 0x50, 0x22, 0x11,
  0xfd, 0xae, 0x01, 0x22, 0x1a, 0x20, 0x10, 0xfd, 0xae, 0x01, 0x20, 0x2b, 0x20, 0x2e, 0x20, 0x27, 0xfd, 0x51, 0x20, 0x10,
  0xfd, 0x0d, 0x01, 0x02, 0x03, 0x00, 0x05, 0x06, 0x07, 0x04, 0x09, 0x0a, 0x0b, 0x08, 0x0d, 0x0e, 0x0f, 0x0c, 0x22, 0x10,
  0xfd, 0xae, 0x01, 0x22, 0x14, 0x20, 0x1a, 0x20, 0x22, 0xfd, 0x51, 0x20, 0x10, 0xfd, 0x0d, 0x02, 0x03, 0x00, 0x01, 0x06,
  0x07, 0x04, 0x05, 0x0a, 0x0b, 0x08, 0x09, 0x0e, 0x0f, 0x0c, 0x0d, 0x22, 0x1a, 0xfd, 0xae, 0x01, 0x22, 0x22, 0x20, 0x11,
  0xfd, 0x51, 0x22, 0x11, 0x41, 0x14, 0xfd, 0xab, 0x01, 0x20, 0x11, 0x41, 0x0c, 0xfd, 0xad, 0x01, 0xfd, 0x50, 0x22, 0x25,
  0xfd, 0xae, 0x01, 0x22, 0x27, 0x20, 0x1a, 0xfd, 0x51, 0x20, 0x10, 0xfd, 0x0d, 0x01, 0x02, 0x03, 0x00, 0x05, 0x06, 0x07,
  0x04, 0x09, 0x0a, 0x0b, 0x08, 0x0d, 0x0e, 0x0f, 0x0c, 0x22, 0x1a, 0xfd, 0x51, 0x21, 0x12, 0x20, 0x23, 0x20, 0x26, 0x20,
  0x1c, 0xfd, 0xae, 0x01, 0x20, 0x14, 0x20, 0x2a, 0xfd, 0x51, 0x22, 0x11, 0x41, 0x19, 0xfd, 0xab, 0x01, 0x20, 0x11, 0x41,
  0x07, 0xfd, 0xad, 0x01, 0xfd, 0x50, 0x22, 0x11, 0xfd, 0xae, 0x01, 0x22, 0x1c, 0x20, 0x2d, 0xfd, 0x51, 0x20, 0x10, 0xfd,
  0x0d, 0x02, 0x03, 0x00, 0x01, 0x06, 0x07, 0x04, 0x05, 0x0a, 0x0b, 0x08, 0x09, 0x0e, 0x0f, 0x0c, 0x0d, 0x22, 0x14, 0xfd,
  0xae, 0x01, 0x22, 0x23, 0x20, 0x1c, 0x20, 0x1e, 0xfd, 0xae, 0x01, 0x20, 0x23, 0x20, 0x11, 0xfd, 0x51, 0x22, 0x11, 0x41,
  0x14, 0xfd, 0xab, 0x01, 0x20, 0x11, 0x41, 0x0c, 0xfd, 0xad, 0x01, 0xfd, 0x50, 0x22, 0x11, 0xfd, 0xae, 0x01, 0x22, 0x1c,
  0x20, 0x14, 0xfd, 0x51, 0x20, 0x10, 0xfd, 0x0d, 0x01, 0x02, 0x03, 0x00, 0x05, 0x06, 0x07, 0x04, 0x09, 0x0a, 0x0b, 0x08,
  0x0d, 0x0e, 0x0f, 0x0c, 0x22, 0x1e, 0xfd, 0xae, 0x01, 0x22, 0x23, 0x20, 0x11, 0xfd, 0x51, 0x22, 0x11, 0x41, 0x19, 0xfd,
  0xab, 0x01, 0x20, 0x11, 0x41, 0x07, 0xfd, 0xad, 0x01, 0xfd, 0x50, 0x20, 0x13, 0x20, 0x1f, 0xfd, 0xae, 0x01, 0x20, 0x32,
  0x20, 0x19, 0xfd, 0x51, 0x22, 0x13, 0x41, 0x19, 0xfd, 0xab, 0x01, 0x20, 0x13, 0x41, 0x07, 0xfd, 0xad, 0x01, 0xfd, 0x50,
  0x22, 0x13, 0xfd, 0xae, 0x01, 0x22, 0x19, 0x20, 0x1d, 0xfd, 0xae, 0x01, 0x20, 0x1b, 0x20, 0x19, 0x20, 0x10, 0xfd, 0x51,
  0x20, 0x10, 0xfd, 0x0d, 0x02, 0x03, 0x00, 0x01, 0x06, 0x07, 0x04, 0x05, 0x0a, 0x0b, 0x08, 0x09, 0x0e, 0x0f, 0x0c, 0x0d,
  0x22, 0x10, 0xfd, 0xae, 0x01, 0x22, 0x1b, 0x20, 0x13, 0xfd, 0x51, 0x22, 0x13, 0x41, 0x14, 0xfd, 0xab, 0x01, 0x20, 0x13,
  0x41, 0x0c, 0xfd, 0xad, 0x01, 0xfd, 0x50, 0x22, 0x13, 0xfd, 0xae, 0x01, 0x22, 0x19, 0x20, 0x10, 0xfd, 0x51, 0x20, 0x10,
  0xfd, 0x0d, 0x01, 0x02, 0x03, 0x00, 0x05, 0x06, 0x07, 0x04, 0x09, 0x0a, 0x0b, 0x08, 0x0d, 0x0e, 0x0f, 0x0c, 0x22, 0x10,
  0xfd, 0x51, 0x21, 0x11, 0x20, 0x22, 0x20, 0x1a, 0xfd, 0xae, 0x01, 0x22, 0x1f, 0x20, 0x25, 0xfd, 0x51, 0x22, 0x1a, 0x41,
  0x19, 0xfd, 0xab, 0x01, 0x20, 0x1a, 0x41, 0x07, 0xfd, 0xad, 0x01, 0xfd, 0x50, 0x20, 0x24, 0xfd, 0x51, 0x21, 0x14, 0x20,
  0x1b, 0x20, 0x10, 0xfd, 0xae, 0x01, 0x22, 0x10, 0x20, 0x13, 0xfd, 0x51, 0x22, 0x1b, 0x41, 0x19, 0xfd, 0xab, 0x01, 0x20,
  0x1b, 0x41, 0x07, 0xfd, 0xad, 0x01, 0xfd, 0x50, 0x20, 0x1e, 0xfd, 0x51, 0x21, 0x13, 0x20, 0x28, 0x20, 0x27, 0xfd, 0x51,
  0x21, 0x1b, 0x20, 0x23, 0x20, 0x19, 0xfd, 0x51, 0x21, 0x1a, 0x20, 0x10, 0x20, 0x1c, 0xfd, 0x51, 0x21, 0x1c, 0x20, 0x1f,
  0x20, 0x20, 0xfd, 0x51, 0x21, 0x19, 0x20, 0x04, 0x21, 0x0d, 0x20, 0x0e, 0x20, 0x00, 0x41, 0xc0, 0x00, 0x6a, 0x22, 0x00,
  0x47, 0x0d, 0x00, 0x0b, 0x20, 0x07, 0x20, 0x11, 0x20, 0x12, 0xfd, 0x0d, 0x08, 0x09, 0x0a, 0x0b, 0x18, 0x19, 0x1a, 0x1b,
  0x0c, 0x0d, 0x0e, 0x0f, 0x1c, 0x1d, 0x1e, 0x1f, 0x22, 0x10, 0x20, 0x13, 0x20, 0x14, 0xfd, 0x0d, 0x08, 0x09, 0x0a, 0x0b,
  0x18, 0x19, 0x1a, 0x1b, 0x0c, 0x0d, 0x0e, 0x0f, 0x1c, 0x1d, 0x1e, 0x1f, 0x22, 0x1f, 0xfd, 0x0d, 0x08, 0x09, 0x0a, 0x0b,
  0x0c, 0x0d, 0x0e, 0x0f, 0x18, 0x19, 0x1a, 0x1b, 0x1c, 0x1d, 0x1e, 0x1f, 0xfd, 0x0b, 0x00, 0x70, 0x20, 0x07, 0x20, 0x19,
  0x20, 0x1a, 0xfd, 0x0d, 0x08, 0x09, 0x0a, 0x0b, 0x18, 0x19, 0x1a, 0x1b, 0x0c, 0x0d, 0x0e, 0x0f, 0x1c, 0x1d, 0x1e, 0x1f,
  0x22, 0x1d, 0x20, 0x1b, 0x20, 0x1c, 0xfd, 0x0d, 0x08, 0x09, 0x0a, 0x0b, 0x18, 0x19, 0x1a, 0x1b, 0x0c, 0x0d, 0x0e, 0x0f,
  0x1c, 0x1d, 0x1e, 0x1f, 0x22, 0x1e, 0xfd, 0x0d, 0x08, 0x09, 0x0a, 0x0b, 0x0c, 0x0d, 0x0e, 0x0f, 0x18, 0x19, 0x1a, 0x1b,
  0x1c, 0x1d, 0x1e, 0x1f, 0xfd, 0x0b, 0x00, 0x60, 0x20, 0x07, 0x20, 0x10, 0x20, 0x1f, 0xfd, 0x0d, 0x00, 0x01, 0x02, 0x03,
  0x04, 0x05, 0x06, 0x07, 0x10, 0x11, 0x12, 0x13, 0x14, 0x15, 0x16, 0x17, 0xfd, 0x0b, 0x00, 0x50, 0x20, 0x07, 0x20, 0x1d,
  0x20, 0x1e, 0xfd, 0x0d, 0x00, 0x01, 0x02, 0x03, 0x04, 0x05, 0x06, 0x07, 0x10, 0x11, 0x12, 0x13, 0x14, 0x15, 0x16, 0x17,
  0xfd, 0x0b, 0x00, 0x40, 0x20, 0x07, 0x20, 0x11, 0x20, 0x12, 0xfd, 0x0d, 0x00, 0x01, 0x02, 0x03, 0x10, 0x11, 0x12, 0x13,
  0x04, 0x05, 0x06, 0x07, 0x14, 0x15, 0x16, 0x17, 0x22, 0x10, 0x20, 0x13, 0x20, 0x14, 0xfd, 0x0d, 0x00, 0x01, 0x02, 0x03,
  0x10, 0x11, 0x12, 0x13, 0x04, 0x05, 0x06, 0x07, 0x14, 0x15, 0x16, 0x17, 0x22, 0x13, 0xfd, 0x0d, 0x08, 0x09, 0x0a, 0x0b,
  0x0c, 0x0d, 0x0e, 0x0f, 0x18, 0x19, 0x1a, 0x1b, 0x1c, 0x1d, 0x1e, 0x1f, 0xfd, 0x0b, 0x00, 0x30, 0x20, 0x07, 0x20, 0x19,
  0x20, 0x1a, 0xfd, 0x0d, 0x00, 0x01, 0x02, 0x03, 0x10, 0x11, 0x12, 0x13, 0x04, 0x05, 0x06, 0x07, 0x14, 0x15, 0x16, 0x17,
  0x22, 0x19, 0x20, 0x1b, 0x20, 0x1c, 0xfd, 0x0d, 0x00, 0x01, 0x02, 0x03, 0x10, 0x11, 0x12, 0x13, 0x04, 0x05, 0x06, 0x07,
  0x14, 0x15, 0x16, 0x17, 0x22, 0x1b, 0xfd, 0x0d, 0x08, 0x09, 0x0a, 0x0b, 0x0c, 0x0d, 0x0e, 0x0f, 0x18, 0x19, 0x1a, 0x1b,
  0x1c, 0x1d, 0x1e, 0x1f, 0xfd, 0x0b, 0x00, 0x20, 0x20, 0x07, 0x20, 0x10, 0x20, 0x13, 0xfd, 0x0d, 0x00, 0x01, 0x02, 0x03,
  0x04, 0x05, 0x06, 0x07, 0x10, 0x11, 0x12, 0x13, 0x14, 0x15, 0x16, 0x17, 0xfd, 0x0b, 0x00, 0x10, 0x20, 0x07, 0x20, 0x19,
  0x20, 0x1b, 0xfd, 0x0d, 0x00, 0x01, 0x02, 0x03, 0x04, 0x05, 0x06, 0x07, 0x10, 0x11, 0x12, 0x13, 0x14, 0x15, 0x16, 0x17,
  0xfd, 0x0b, 0x00, 0x00, 0x0b, 0x2a, 0x01, 0x01, 0x7f, 0x23, 0x80, 0x80, 0x80, 0x80, 0x00, 0x41, 0x10, 0x6b, 0x22, 0x01,
  0x24, 0x80, 0x80, 0x80, 0x80, 0x00, 0x41, 0xea, 0x82, 0x84, 0x80, 0x00, 0x20, 0x01, 0x41, 0xd4, 0x85, 0x84, 0x80, 0x00,
  0x10, 0x8b, 0x80, 0x80, 0x80, 0x00, 0x00, 0x0b, 0x14, 0x00, 0x20, 0x01, 0x20, 0x00, 0x28, 0x02, 0x00, 0x20, 0x00, 0x28,
  0x02, 0x04, 0x10, 0x95, 0x80, 0x80, 0x80, 0x00, 0x0b, 0xf9, 0x0d, 0x02, 0x0d, 0x7f, 0x07, 0x7b, 0x02, 0x40, 0x02, 0x40,
  0x20, 0x00, 0x28, 0x02, 0x08, 0x22, 0x03, 0x41, 0x80, 0x80, 0x80, 0xc0, 0x01, 0x71, 0x45, 0x0d, 0x00, 0x02, 0x40, 0x02,
  0x40, 0x02, 0x40, 0x02, 0x40, 0x02, 0x40, 0x20, 0x03, 0x41, 0x80, 0x80, 0x80, 0x80, 0x01, 0x71, 0x45, 0x0d, 0x00, 0x20,
  0x00, 0x2f, 0x01, 0x0e, 0x22, 0x04, 0x0d, 0x01, 0x41, 0x00, 0x21, 0x02, 0x0c, 0x02, 0x0b, 0x02, 0x40, 0x20, 0x02, 0x41,
  0x10, 0x49, 0x0d, 0x00, 0x20, 0x02, 0x20, 0x01, 0x20, 0x01, 0x41, 0x03, 0x6a, 0x41, 0x7c, 0x71, 0x22, 0x05, 0x6b, 0x22,
  0x06, 0x6a, 0x22, 0x07, 0x41, 0x03, 0x71, 0x21, 0x04, 0x41, 0x00, 0x21, 0x08, 0x41, 0x00, 0x21, 0x09, 0x02, 0x40, 0x20,
  0x01, 0x20, 0x05, 0x46, 0x0d, 0x00, 0x41, 0x00, 0x21, 0x09, 0x20, 0x01, 0x21, 0x0a, 0x03, 0x40, 0x20, 0x09, 0x20, 0x0a,
  0x2c, 0x00, 0x00, 0x41, 0xbf, 0x7f, 0x4a, 0x6a, 0x21, 0x09, 0x20, 0x0a, 0x41, 0x01, 0x6a, 0x21, 0x0a, 0x20, 0x06, 0x41,
  0x01, 0x6a, 0x22, 0x06, 0x0d, 0x00, 0x0b, 0x0b, 0x02, 0x40, 0x20, 0x04, 0x45, 0x0d, 0x00, 0x20, 0x05, 0x20, 0x07, 0x41,
  0xfc, 0xff, 0xff, 0xff, 0x07, 0x71, 0x6a, 0x22, 0x0a, 0x2c, 0x00, 0x00, 0x41, 0xbf, 0x7f, 0x4a, 0x21, 0x08, 0x20, 0x04,
  0x41, 0x01, 0x46, 0x0d, 0x00, 0x20, 0x08, 0x20, 0x0a, 0x2c, 0x00, 0x01, 0x41, 0xbf, 0x7f, 0x4a, 0x6a, 0x21, 0x08, 0x20,
  0x04, 0x41, 0x02, 0x46, 0x0d, 0x00, 0x20, 0x08, 0x20, 0x0a, 0x2c, 0x00, 0x02, 0x41, 0xbf, 0x7f, 0x4a, 0x6a, 0x21, 0x08,
  0x0b, 0x20, 0x07, 0x41, 0x02, 0x76, 0x21, 0x04, 0x20, 0x08, 0x20, 0x09, 0x6a, 0x21, 0x06, 0x03, 0x40, 0x20, 0x05, 0x21,
  0x08, 0x20, 0x04, 0x45, 0x0d, 0x05, 0x20, 0x04, 0x41, 0xc0, 0x01, 0x20, 0x04, 0x41, 0xc0, 0x01, 0x49, 0x1b, 0x22, 0x07,
  0x41, 0x03, 0x71, 0x21, 0x0b, 0x02, 0x40, 0x02, 0x40, 0x20, 0x07, 0x41, 0x02, 0x74, 0x22, 0x0c, 0x41, 0xf0, 0x07, 0x71,
  0x22, 0x0d, 0x0d, 0x00, 0x41, 0x00, 0x21, 0x09, 0x0c, 0x01, 0x0b, 0x41, 0x00, 0x21, 0x09, 0x20, 0x08, 0x21, 0x0a, 0x02,
  0x40, 0x20, 0x0c, 0x41, 0x70, 0x6a, 0x22, 0x05, 0x41, 0x30, 0x49, 0x0d, 0x00, 0x20, 0x08, 0x20, 0x05, 0x41, 0x04, 0x76,
  0x41, 0x01, 0x6a, 0x22, 0x0e, 0x41, 0xfc, 0xff, 0xff, 0xff, 0x01, 0x71, 0x22, 0x0f, 0x41, 0x04, 0x74, 0x6a, 0x21, 0x0a,
  0xfd, 0x0c, 0x00, 0x00, 0x00, 0x00, 0x00, 0x00, 0x00, 0x00, 0x00, 0x00, 0x00, 0x00, 0x00, 0x00, 0x00, 0x00, 0x21, 0x10,
  0x20, 0x0f, 0x21, 0x05, 0x20, 0x08, 0x21, 0x09, 0x03, 0x40, 0x20, 0x09, 0xfd, 0x00, 0x02, 0x00, 0x22, 0x11, 0x20, 0x09,
  0xfd, 0x00, 0x02, 0x10, 0x22, 0x12, 0xfd, 0x0d, 0x0c, 0x0d, 0x0e, 0x0f, 0x1c, 0x1d, 0x1e, 0x1f, 0x00, 0x01, 0x02, 0x03,
  0x00, 0x01, 0x02, 0x03, 0x20, 0x09, 0xfd, 0x00, 0x02, 0x20, 0x22, 0x13, 0x20, 0x09, 0xfd, 0x00, 0x02, 0x30, 0x22, 0x14,
  0xfd, 0x0d, 0x00, 0x01, 0x02, 0x03, 0x00, 0x01, 0x02, 0x03, 0x0c, 0x0d, 0x0e, 0x0f, 0x1c, 0x1d, 0x1e, 0x1f, 0xfd, 0x0d,
  0x00, 0x01, 0x02, 0x03, 0x04, 0x05, 0x06, 0x07, 0x18, 0x19, 0x1a, 0x1b, 0x1c, 0x1d, 0x1e, 0x1f, 0x22, 0x15, 0xfd, 0x4d,
  0x41, 0x07, 0xfd, 0xad, 0x01, 0x20, 0x15, 0x41, 0x06, 0xfd, 0xad, 0x01, 0xfd, 0x50, 0xfd, 0x0c, 0x01, 0x01, 0x01, 0x01,
  0x01, 0x01, 0x01, 0x01, 0x01, 0x01, 0x01, 0x01, 0x01, 0x01, 0x01, 0x01, 0x22, 0x15, 0xfd, 0x4e, 0x20, 0x11, 0x20, 0x12,
  0xfd, 0x0d, 0x08, 0x09, 0x0a, 0x0b, 0x18, 0x19, 0x1a, 0x1b, 0x00, 0x01, 0x02, 0x03, 0x00, 0x01, 0x02, 0x03, 0x20, 0x13,
  0x20, 0x14, 0xfd, 0x0d, 0x00, 0x01, 0x02, 0x03, 0x00, 0x01, 0x02, 0x03, 0x08, 0x09, 0x0a, 0x0b, 0x18, 0x19, 0x1a, 0x1b,
  0xfd, 0x0d, 0x00, 0x01, 0x02, 0x03, 0x04, 0x05, 0x06, 0x07, 0x18, 0x19, 0x1a, 0x1b, 0x1c, 0x1d, 0x1e, 0x1f, 0x22, 0x16,
  0xfd, 0x4d, 0x41, 0x07, 0xfd, 0xad, 0x01, 0x20, 0x16, 0x41, 0x06, 0xfd, 0xad, 0x01, 0xfd, 0x50, 0x20, 0x15, 0xfd, 0x4e,
  0x20, 0x11, 0x20, 0x12, 0xfd, 0x0d, 0x04, 0x05, 0x06, 0x07, 0x14, 0x15, 0x16, 0x17, 0x00, 0x01, 0x02, 0x03, 0x00, 0x01,
  0x02, 0x03, 0x20, 0x13, 0x20, 0x14, 0xfd, 0x0d, 0x00, 0x01, 0x02, 0x03, 0x00, 0x01, 0x02, 0x03, 0x04, 0x05, 0x06, 0x07,
  0x14, 0x15, 0x16, 0x17, 0xfd, 0x0d, 0x00, 0x01, 0x02, 0x03, 0x04, 0x05, 0x06, 0x07, 0x18, 0x19, 0x1a, 0x1b, 0x1c, 0x1d,
  0x1e, 0x1f, 0x22, 0x16, 0xfd, 0x4d, 0x41, 0x07, 0xfd, 0xad, 0x01, 0x20, 0x16, 0x41, 0x06, 0xfd, 0xad, 0x01, 0xfd, 0x50,
  0x20, 0x15, 0xfd, 0x4e, 0x20, 0x11, 0x20, 0x12, 0xfd, 0x0d, 0x00, 0x01, 0x02, 0x03, 0x10, 0x11, 0x12, 0x13, 0x00, 0x01,
  0x02, 0x03, 0x00, 0x01, 0x02, 0x03, 0x20, 0x13, 0x20, 0x14, 0xfd, 0x0d, 0x00, 0x01, 0x02, 0x03, 0x00, 0x01, 0x02, 0x03,
  0x00, 0x01, 0x02, 0x03, 0x10, 0x11, 0x12, 0x13, 0xfd, 0x0d, 0x00, 0x01, 0x02, 0x03, 0x04, 0x05, 0x06, 0x07, 0x18, 0x19,
  0x1a, 0x1b, 0x1c, 0x1d, 0x1e, 0x1f, 0x22, 0x11, 0xfd, 0x4d, 0x41, 0x07, 0xfd, 0xad, 0x01, 0x20, 0x11, 0x41, 0x06, 0xfd,
  0xad, 0x01, 0xfd, 0x50, 0x20, 0x15, 0xfd, 0x4e, 0x20, 0x10, 0xfd, 0xae, 0x01, 0xfd, 0xae, 0x01, 0xfd, 0xae, 0x01, 0xfd,
  0xae, 0x01, 0x21, 0x10, 0x20, 0x09, 0x41, 0xc0, 0x00, 0x6a, 0x21, 0x09, 0x20, 0x05, 0x41, 0x7c, 0x6a, 0x22, 0x05, 0x0d,
  0x00, 0x0b, 0x20, 0x10, 0x20, 0x10, 0x20, 0x11, 0xfd, 0x0d, 0x08, 0x09, 0x0a, 0x0b, 0x0c, 0x0d, 0x0e, 0x0f, 0x00, 0x01,
  0x02, 0x03, 0x00, 0x01, 0x02, 0x03, 0xfd, 0xae, 0x01, 0x22, 0x11, 0x20, 0x11, 0x20, 0x11, 0xfd, 0x0d, 0x04, 0x05, 0x06,
  0x07, 0x00, 0x01, 0x02, 0x03, 0x00, 0x01, 0x02, 0x03, 0x00, 0x01, 0x02, 0x03, 0xfd, 0xae, 0x01, 0xfd, 0x1b, 0x00, 0x21,
  0x09, 0x20, 0x0e, 0x20, 0x0f, 0x46, 0x0d, 0x01, 0x0b, 0x20, 0x08, 0x20, 0x0d, 0x6a, 0x21, 0x05, 0x03, 0x40, 0x20, 0x0a,
  0x41, 0x08, 0x6a, 0xfd, 0x5d, 0x02, 0x00, 0x22, 0x11, 0xfd, 0x4d, 0x41, 0x07, 0xfd, 0xad, 0x01, 0x20, 0x11, 0x41, 0x06,
  0xfd, 0xad, 0x01, 0xfd, 0x50, 0xfd, 0x0c, 0x01, 0x01, 0x01, 0x01, 0x01, 0x01, 0x01, 0x01, 0x01, 0x01, 0x01, 0x01, 0x01,
  0x01, 0x01, 0x01, 0x22, 0x11, 0xfd, 0x4e, 0x22, 0x12, 0xfd, 0x1b, 0x01, 0x20, 0x12, 0xfd, 0x1b, 0x00, 0x20, 0x0a, 0xfd,
  0x5d, 0x02, 0x00, 0x22, 0x12, 0xfd, 0x4d, 0x41, 0x07, 0xfd, 0xad, 0x01, 0x20, 0x12, 0x41, 0x06, 0xfd, 0xad, 0x01, 0xfd,
  0x50, 0x20, 0x11, 0xfd, 0x4e, 0x22, 0x11, 0xfd, 0x1b, 0x01, 0x20, 0x11, 0xfd, 0x1b, 0x00, 0x20, 0x09, 0x6a, 0x6a, 0x6a,
  0x6a, 0x21, 0x09, 0x20, 0x0a, 0x41, 0x10, 0x6a, 0x22, 0x0a, 0x20, 0x05, 0x47, 0x0d, 0x00, 0x0b, 0x0b, 0x20, 0x04, 0x20,
  0x07, 0x6b, 0x21, 0x04, 0x20, 0x08, 0x20, 0x0c, 0x6a, 0x21, 0x05, 0x20, 0x09, 0x41, 0x08, 0x76, 0x41, 0xff, 0x81, 0xfc,
  0x07, 0x71, 0x20, 0x09, 0x41, 0xff, 0x81, 0xfc, 0x07, 0x71, 0x6a, 0x41, 0x81, 0x80, 0x04, 0x6c, 0x41, 0x10, 0x76, 0x20,
  0x06, 0x6a, 0x21, 0x06, 0x20, 0x0b, 0x45, 0x0d, 0x00, 0x0b, 0x20, 0x08, 0x20, 0x07, 0x41, 0xfc, 0x01, 0x71, 0x41, 0x02,
  0x74, 0x6a, 0x22, 0x09, 0x28, 0x02, 0x00, 0x22, 0x0a, 0x41, 0x7f, 0x73, 0x41, 0x07, 0x76, 0x20, 0x0a, 0x41, 0x06, 0x76,
  0x72, 0x41, 0x81, 0x82, 0x84, 0x08, 0x71, 0x21, 0x0a, 0x02, 0x40, 0x20, 0x0b, 0x41, 0x01, 0x46, 0x0d, 0x00, 0x20, 0x09,
  0x28, 0x02, 0x04, 0x22, 0x05, 0x41, 0x7f, 0x73, 0x41, 0x07, 0x76, 0x20, 0x05, 0x41, 0x06, 0x76, 0x72, 0x41, 0x81, 0x82,
  0x84, 0x08, 0x71, 0x20, 0x0a, 0x6a, 0x21, 0x0a, 0x20, 0x0b, 0x41, 0x02, 0x46, 0x0d, 0x00, 0x20, 0x09, 0x28, 0x02, 0x08,
  0x22, 0x09, 0x41, 0x7f, 0x73, 0x41, 0x07, 0x76, 0x20, 0x09, 0x41, 0x06, 0x76, 0x72, 0x41, 0x81, 0x82, 0x84, 0x08, 0x71,
  0x20, 0x0a, 0x6a, 0x21, 0x0a, 0x0b, 0x20, 0x0a, 0x41, 0x08, 0x76, 0x41, 0xff, 0x81, 0x1c, 0x71, 0x20, 0x0a, 0x41, 0xff,
  0x81, 0xfc, 0x07, 0x71, 0x6a, 0x41, 0x81, 0x80, 0x04, 0x6c, 0x41, 0x10, 0x76, 0x20, 0x06, 0x6a, 0x21, 0x06, 0x0c, 0x04,
  0x0b, 0x02, 0x40, 0x20, 0x02, 0x0d, 0x00, 0x41, 0x00, 0x21, 0x06, 0x0c, 0x04, 0x0b, 0x20, 0x02, 0x41, 0x03, 0x71, 0x21,
  0x09, 0x41, 0x00, 0x21, 0x0a, 0x41, 0x00, 0x21, 0x06, 0x02, 0x40, 0x20, 0x02, 0x41, 0x04, 0x49, 0x0d, 0x00, 0x20, 0x02,
  0x41, 0x0c, 0x71, 0x21, 0x05, 0x41, 0x00, 0x21, 0x06, 0x41, 0x00, 0x21, 0x0a, 0x03, 0x40, 0x20, 0x06, 0x20, 0x01, 0x20,
  0x0a, 0x6a, 0xfd, 0x5c, 0x00, 0x00, 0xfd, 0x0c, 0xbf, 0xbf, 0xbf, 0xbf, 0xbf, 0xbf, 0xbf, 0xbf, 0xbf, 0xbf, 0xbf, 0xbf,
  0xbf, 0xbf, 0xbf, 0xbf, 0xfd, 0x27, 0x22, 0x11, 0xfd, 0x1b, 0x00, 0x41, 0x01, 0x71, 0x6a, 0x20, 0x11, 0xfd, 0x87, 0x01,
  0xfd, 0xa7, 0x01, 0x22, 0x11, 0xfd, 0x1b, 0x01, 0x6b, 0x20, 0x11, 0xfd, 0x1b, 0x02, 0x6b, 0x20, 0x11, 0xfd, 0x1b, 0x03,
  0x6b, 0x21, 0x06, 0x20, 0x05, 0x20, 0x0a, 0x41, 0x04, 0x6a, 0x22, 0x0a, 0x47, 0x0d, 0x00, 0x0b, 0x20, 0x09, 0x45, 0x0d,
  0x04, 0x0b, 0x20, 0x01, 0x20, 0x0a, 0x6a, 0x21, 0x0a, 0x03, 0x40, 0x20, 0x06, 0x20, 0x0a, 0x2c, 0x00, 0x00, 0x41, 0xbf,
  0x7f, 0x4a, 0x6a, 0x21, 0x06, 0x20, 0x0a, 0x41, 0x01, 0x6a, 0x21, 0x0a, 0x20, 0x09, 0x41, 0x7f, 0x6a, 0x22, 0x09, 0x0d,
  0x00, 0x0c, 0x04, 0x0b, 0x0b, 0x20, 0x01, 0x20, 0x02, 0x6a, 0x21, 0x06, 0x41, 0x00, 0x21, 0x02, 0x20, 0x01, 0x21, 0x09,
  0x20, 0x04, 0x21, 0x05, 0x03, 0x40, 0x20, 0x09, 0x22, 0x0a, 0x20, 0x06, 0x46, 0x0d, 0x02, 0x02, 0x40, 0x02, 0x40, 0x20,
  0x0a, 0x2c, 0x00, 0x00, 0x22, 0x09, 0x41, 0x7f, 0x4c, 0x0d, 0x00, 0x20, 0x0a, 0x41, 0x01, 0x6a, 0x21, 0x09, 0x0c, 0x01,
  0x0b, 0x02, 0x40, 0x20, 0x09, 0x41, 0x60, 0x4f, 0x0d, 0x00, 0x20, 0x0a, 0x41, 0x02, 0x6a, 0x21, 0x09, 0x0c, 0x01, 0x0b,
  0x20, 0x0a, 0x41, 0x04, 0x41, 0x03, 0x20, 0x09, 0x41, 0x6f, 0x4b, 0x1b, 0x6a, 0x21, 0x09, 0x0b, 0x20, 0x09, 0x20, 0x0a,
  0x6b, 0x20, 0x02, 0x6a, 0x21, 0x02, 0x20, 0x05, 0x41, 0x7f, 0x6a, 0x22, 0x05, 0x0d, 0x00, 0x0b, 0x0b, 0x41, 0x00, 0x21,
  0x05, 0x0b, 0x20, 0x04, 0x20, 0x05, 0x6b, 0x21, 0x06, 0x0b, 0x20, 0x06, 0x20, 0x00, 0x2f, 0x01, 0x0c, 0x22, 0x0a, 0x4f,
  0x0d, 0x00, 0x20, 0x0a, 0x20, 0x06, 0x6b, 0x21, 0x07, 0x41, 0x00, 0x21, 0x0a, 0x41, 0x00, 0x21, 0x08, 0x02, 0x40, 0x02,
  0x40, 0x02, 0x40, 0x20, 0x03, 0x41, 0x1d, 0x76, 0x41, 0x03, 0x71, 0x0e, 0x04, 0x02, 0x00, 0x01, 0x02, 0x02, 0x0b, 0x20,
  0x07, 0x21, 0x08, 0x0c, 0x01, 0x0b, 0x20, 0x07, 0x41, 0xfe, 0xff, 0x03, 0x71, 0x41, 0x01, 0x76, 0x21, 0x08, 0x0b, 0x20,
  0x03, 0x41, 0xff, 0xff, 0xff, 0x00, 0x71, 0x21, 0x04, 0x20, 0x00, 0x28, 0x02, 0x04, 0x21, 0x05, 0x20, 0x00, 0x28, 0x02,
  0x00, 0x21, 0x06, 0x02, 0x40, 0x03, 0x40, 0x20, 0x0a, 0x41, 0xff, 0xff, 0x03, 0x71, 0x20, 0x08, 0x41, 0xff, 0xff, 0x03,
  0x71, 0x4f, 0x0d, 0x01, 0x41, 0x01, 0x21, 0x09, 0x20, 0x0a, 0x41, 0x01, 0x6a, 0x21, 0x0a, 0x20, 0x06, 0x20, 0x04, 0x20,
  0x05, 0x28, 0x02, 0x10, 0x11, 0x80, 0x80, 0x80, 0x80, 0x00, 0x80, 0x80, 0x80, 0x80, 0x00, 0x0d, 0x03, 0x0c, 0x00, 0x0b,
  0x0b, 0x41, 0x01, 0x21, 0x09, 0x20, 0x06, 0x20, 0x01, 0x20, 0x02, 0x20, 0x05, 0x28, 0x02, 0x0c, 0x11, 0x81, 0x80, 0x80,
  0x80, 0x00, 0x80, 0x80, 0x80, 0x80, 0x00, 0x0d, 0x01, 0x20, 0x07, 0x20, 0x08, 0x6b, 0x41, 0xff, 0xff, 0x03, 0x71, 0x21,
  0x02, 0x41, 0x00, 0x21, 0x0a, 0x03, 0x40, 0x02, 0x40, 0x20, 0x0a, 0x41, 0xff, 0xff, 0x03, 0x71, 0x20, 0x02, 0x49, 0x0d,
  0x00, 0x41, 0x00, 0x0f, 0x0b, 0x41, 0x01, 0x21, 0x09, 0x20, 0x0a, 0x41, 0x01, 0x6a, 0x21, 0x0a, 0x20, 0x06, 0x20, 0x04,
  0x20, 0x05, 0x28, 0x02, 0x10, 0x11, 0x80, 0x80, 0x80, 0x80, 0x00, 0x80, 0x80, 0x80, 0x80, 0x00, 0x0d, 0x02, 0x0c, 0x00,
  0x0b, 0x0b, 0x20, 0x00, 0x28, 0x02, 0x00, 0x20, 0x01, 0x20, 0x02, 0x20, 0x00, 0x28, 0x02, 0x04, 0x28, 0x02, 0x0c, 0x11,
  0x81, 0x80, 0x80, 0x80, 0x00, 0x80, 0x80, 0x80, 0x80, 0x00, 0x21, 0x09, 0x0b, 0x20, 0x09, 0x0b, 0x56, 0x01, 0x01, 0x7f,
  0x23, 0x80, 0x80, 0x80, 0x80, 0x00, 0x41, 0x10, 0x6b, 0x22, 0x02, 0x24, 0x80, 0x80, 0x80, 0x80, 0x00, 0x20, 0x02, 0x41,
  0x81, 0x80, 0x80, 0x80, 0x00, 0xad, 0x42, 0x20, 0x86, 0x41, 0x98, 0x87, 0x84, 0x80, 0x00, 0xad, 0x84, 0x37, 0x03, 0x08,
  0x20, 0x01, 0x28, 0x02, 0x00, 0x20, 0x01, 0x28, 0x02, 0x04, 0x41, 0xaa, 0x82, 0x84, 0x80, 0x00, 0x20, 0x02, 0x41, 0x08,
  0x6a, 0x10, 0x97, 0x80, 0x80, 0x80, 0x00, 0x21, 0x01, 0x20, 0x02, 0x41, 0x10, 0x6a, 0x24, 0x80, 0x80, 0x80, 0x80, 0x00,
  0x20, 0x01, 0x0b, 0xf4, 0x04, 0x01, 0x08, 0x7f, 0x23, 0x80, 0x80, 0x80, 0x80, 0x00, 0x41, 0x10, 0x6b, 0x22, 0x04, 0x24,
  0x80, 0x80, 0x80, 0x80, 0x00, 0x02, 0x40, 0x02, 0x40, 0x02, 0x40, 0x20, 0x03, 0x41, 0x01, 0x71, 0x0d, 0x00, 0x20, 0x02,
  0x2d, 0x00, 0x00, 0x22, 0x05, 0x0d, 0x01, 0x41, 0x00, 0x21, 0x05, 0x0c, 0x02, 0x0b, 0x20, 0x00, 0x20, 0x02, 0x20, 0x03,
  0x41, 0x01, 0x76, 0x20, 0x01, 0x28, 0x02, 0x0c, 0x11, 0x81, 0x80, 0x80, 0x80, 0x00, 0x80, 0x80, 0x80, 0x80, 0x00, 0x21,
  0x05, 0x0c, 0x01, 0x0b, 0x20, 0x01, 0x28, 0x02, 0x0c, 0x21, 0x06, 0x41, 0x00, 0x21, 0x07, 0x03, 0x40, 0x20, 0x02, 0x41,
  0x01, 0x6a, 0x21, 0x08, 0x02, 0x40, 0x02, 0x40, 0x02, 0x40, 0x02, 0x40, 0x02, 0x40, 0x20, 0x05, 0xc0, 0x41, 0x7f, 0x4a,
  0x0d, 0x00, 0x20, 0x05, 0x41, 0xff, 0x01, 0x71, 0x22, 0x09, 0x41, 0x80, 0x01, 0x46, 0x0d, 0x01, 0x20, 0x09, 0x41, 0xc0,
  0x01, 0x47, 0x0d, 0x03, 0x20, 0x04, 0x20, 0x01, 0x36, 0x02, 0x04, 0x20, 0x04, 0x20, 0x00, 0x36, 0x02, 0x00, 0x20, 0x04,
  0x42, 0xa0, 0x80, 0x80, 0x80, 0x06, 0x37, 0x02, 0x08, 0x20, 0x03, 0x20, 0x07, 0x41, 0x03, 0x74, 0x6a, 0x22, 0x05, 0x28,
  0x02, 0x00, 0x20, 0x04, 0x20, 0x05, 0x28, 0x02, 0x04, 0x11, 0x80, 0x80, 0x80, 0x80, 0x00, 0x80, 0x80, 0x80, 0x80, 0x00,
  0x45, 0x0d, 0x02, 0x41, 0x01, 0x21, 0x05, 0x0c, 0x06, 0x0b, 0x02, 0x40, 0x20, 0x00, 0x20, 0x08, 0x20, 0x05, 0x41, 0xff,
  0x01, 0x71, 0x22, 0x05, 0x20, 0x06, 0x11, 0x81, 0x80, 0x80, 0x80, 0x00, 0x80, 0x80, 0x80, 0x80, 0x00, 0x0d, 0x00, 0x20,
  0x08, 0x20, 0x05, 0x6a, 0x21, 0x02, 0x0c, 0x04, 0x0b, 0x41, 0x01, 0x21, 0x05, 0x0c, 0x05, 0x0b, 0x02, 0x40, 0x20, 0x00,
  0x20, 0x02, 0x41, 0x03, 0x6a, 0x22, 0x05, 0x20, 0x02, 0x2f, 0x00, 0x01, 0x22, 0x02, 0x20, 0x06, 0x11, 0x81, 0x80, 0x80,
  0x80, 0x00, 0x80, 0x80, 0x80, 0x80, 0x00, 0x0d, 0x00, 0x20, 0x05, 0x20, 0x02, 0x6a, 0x21, 0x02, 0x0c, 0x03, 0x0b, 0x41,
  0x01, 0x21, 0x05, 0x0c, 0x04, 0x0b, 0x20, 0x07, 0x41, 0x01, 0x6a, 0x21, 0x07, 0x20, 0x08, 0x21, 0x02, 0x0c, 0x01, 0x0b,
  0x41, 0xa0, 0x80, 0x80, 0x80, 0x06, 0x21, 0x0a, 0x02, 0x40, 0x20, 0x05, 0x41, 0x01, 0x71, 0x45, 0x0d, 0x00, 0x20, 0x02,
  0x41, 0x05, 0x6a, 0x21, 0x08, 0x20, 0x02, 0x28, 0x00, 0x01, 0x21, 0x0a, 0x0b, 0x41, 0x00, 0x21, 0x09, 0x02, 0x40, 0x02,
  0x40, 0x20, 0x05, 0x41, 0x02, 0x71, 0x0d, 0x00, 0x41, 0x00, 0x21, 0x0b, 0x20, 0x08, 0x21, 0x02, 0x0c, 0x01, 0x0b, 0x20,
  0x08, 0x41, 0x02, 0x6a, 0x21, 0x02, 0x20, 0x08, 0x2f, 0x00, 0x00, 0x21, 0x0b, 0x0b, 0x02, 0x40, 0x02, 0x40, 0x20, 0x05,
  0x41, 0x04, 0x71, 0x0d, 0x00, 0x20, 0x02, 0x21, 0x08, 0x0c, 0x01, 0x0b, 0x20, 0x02, 0x41, 0x02, 0x6a, 0x21, 0x08, 0x20,
  0x02, 0x2f, 0x00, 0x00, 0x21, 0x09, 0x0b, 0x02, 0x40, 0x02, 0x40, 0x20, 0x05, 0x41, 0x08, 0x71, 0x0d, 0x00, 0x20, 0x08,
  0x21, 0x02, 0x0c, 0x01, 0x0b, 0x20, 0x08, 0x41, 0x02, 0x6a, 0x21, 0x02, 0x20, 0x08, 0x2f, 0x00, 0x00, 0x21, 0x07, 0x0b,
  0x02, 0x40, 0x20, 0x05, 0x41, 0x10, 0x71, 0x45, 0x0d, 0x00, 0x20, 0x03, 0x20, 0x0b, 0x41, 0xff, 0xff, 0x03, 0x71, 0x41,
  0x03, 0x74, 0x6a, 0x2f, 0x01, 0x04, 0x21, 0x0b, 0x0b, 0x02, 0x40, 0x20, 0x05, 0x41, 0x20, 0x71, 0x45, 0x0d, 0x00, 0x20,
  0x03, 0x20, 0x09, 0x41, 0xff, 0xff, 0x03, 0x71, 0x41, 0x03, 0x74, 0x6a, 0x2f, 0x01, 0x04, 0x21, 0x09, 0x0b, 0x20, 0x04,
  0x20, 0x09, 0x3b, 0x01, 0x0e, 0x20, 0x04, 0x20, 0x0b, 0x3b, 0x01, 0x0c, 0x20, 0x04, 0x20, 0x0a, 0x36, 0x02, 0x08, 0x20,
  0x04, 0x20, 0x01, 0x36, 0x02, 0x04, 0x20, 0x04, 0x20, 0x00, 0x36, 0x02, 0x00, 0x02, 0x40, 0x20, 0x03, 0x20, 0x07, 0x41,
  0x03, 0x74, 0x6a, 0x22, 0x05, 0x28, 0x02, 0x00, 0x20, 0x04, 0x20, 0x05, 0x28, 0x02, 0x04, 0x11, 0x80, 0x80, 0x80, 0x80,
  0x00, 0x80, 0x80, 0x80, 0x80, 0x00, 0x45, 0x0d, 0x00, 0x41, 0x01, 0x21, 0x05, 0x0c, 0x03, 0x0b, 0x20, 0x07, 0x41, 0x01,
  0x6a, 0x21, 0x07, 0x0b, 0x20, 0x02, 0x2d, 0x00, 0x00, 0x22, 0x05, 0x0d, 0x00, 0x0b, 0x41, 0x00, 0x21, 0x05, 0x0b, 0x20,
  0x04, 0x41, 0x10, 0x6a, 0x24, 0x80, 0x80, 0x80, 0x80, 0x00, 0x20, 0x05, 0x0b, 0x09, 0x00, 0x10, 0x9b, 0x80, 0x80, 0x80,
  0x00, 0x00, 0x0b, 0x56, 0x01, 0x01, 0x7f, 0x23, 0x80, 0x80, 0x80, 0x80, 0x00, 0x41, 0x10, 0x6b, 0x22, 0x02, 0x24, 0x80,
  0x80, 0x80, 0x80, 0x00, 0x20, 0x02, 0x41, 0x81, 0x80, 0x80, 0x80, 0x00, 0xad, 0x42, 0x20, 0x86, 0x41, 0x98, 0x87, 0x84,
  0x80, 0x00, 0xad, 0x84, 0x37, 0x03, 0x08, 0x20, 0x01, 0x28, 0x02, 0x00, 0x20, 0x01, 0x28, 0x02, 0x04, 0x41, 0xaa, 0x82,
  0x84, 0x80, 0x00, 0x20, 0x02, 0x41, 0x08, 0x6a, 0x10, 0x97, 0x80, 0x80, 0x80, 0x00, 0x21, 0x01, 0x20, 0x02, 0x41, 0x10,
  0x6a, 0x24, 0x80, 0x80, 0x80, 0x80, 0x00, 0x20, 0x01, 0x0b, 0x2a, 0x01, 0x01, 0x7f, 0x23, 0x80, 0x80, 0x80, 0x80, 0x00,
  0x41, 0x20, 0x6b, 0x22, 0x02, 0x24, 0x80, 0x80, 0x80, 0x80, 0x00, 0x41, 0xef, 0x81, 0x84, 0x80, 0x00, 0x20, 0x02, 0x41,
  0xf0, 0x86, 0x84, 0x80, 0x00, 0x10, 0x8b, 0x80, 0x80, 0x80, 0x00, 0x00, 0x0b, 0x18, 0x00, 0x41, 0xd0, 0x87, 0x84, 0x80,
  0x00, 0x41, 0xd7, 0x00, 0x41, 0xc0, 0x86, 0x84, 0x80, 0x00, 0x10, 0x8b, 0x80, 0x80, 0x80, 0x00, 0x00, 0x0b, 0x0b, 0x84,
  0x08, 0x01, 0x00, 0x41, 0x80, 0x80, 0x04, 0x0b, 0xfb, 0x07, 0x67, 0xe6, 0x09, 0x6a, 0x85, 0xae, 0x67, 0xbb, 0x72, 0xf3,
  0x6e, 0x3c, 0x3a, 0xf5, 0x4f, 0xa5, 0x7f, 0x52, 0x0e, 0x51, 0x8c, 0x68, 0x05, 0x9b, 0xab, 0xd9, 0x83, 0x1f, 0x19, 0xcd,
  0xe0, 0x5b, 0x16, 0x73, 0x6c, 0x69, 0x63, 0x65, 0x20, 0x69, 0x6e, 0x64, 0x65, 0x78, 0x20, 0x73, 0x74, 0x61, 0x72, 0x74,
  0x73, 0x20, 0x61, 0x74, 0x20, 0xc0, 0x0d, 0x20, 0x62, 0x75, 0x74, 0x20, 0x65, 0x6e, 0x64, 0x73, 0x20, 0x61, 0x74, 0x20,
  0xc0, 0x00, 0x20, 0x69, 0x6e, 0x64, 0x65, 0x78, 0x20, 0x6f, 0x75, 0x74, 0x20, 0x6f, 0x66, 0x20, 0x62, 0x6f, 0x75, 0x6e,
  0x64, 0x73, 0x3a, 0x20, 0x74, 0x68, 0x65, 0x20, 0x6c, 0x65, 0x6e, 0x20, 0x69, 0x73, 0x20, 0xc0, 0x12, 0x20, 0x62, 0x75,
  0x74, 0x20, 0x74, 0x68, 0x65, 0x20, 0x69, 0x6e, 0x64, 0x65, 0x78, 0x20, 0x69, 0x73, 0x20, 0xc0, 0x00, 0x12, 0x72, 0x61,
  0x6e, 0x67, 0x65, 0x20, 0x73, 0x74, 0x61, 0x72, 0x74, 0x20, 0x69, 0x6e, 0x64, 0x65, 0x78, 0x20, 0xc0, 0x22, 0x20, 0x6f,
  0x75, 0x74, 0x20, 0x6f, 0x66, 0x20, 0x72, 0x61, 0x6e, 0x67, 0x65, 0x20, 0x66, 0x6f, 0x72, 0x20, 0x73, 0x6c, 0x69, 0x63,
  0x65, 0x20, 0x6f, 0x66, 0x20, 0x6c, 0x65, 0x6e, 0x67, 0x74, 0x68, 0x20, 0xc0, 0x00, 0x10, 0x72, 0x61, 0x6e, 0x67, 0x65,
  0x20, 0x65, 0x6e, 0x64, 0x20, 0x69, 0x6e, 0x64, 0x65, 0x78, 0x20, 0xc0, 0x22, 0x20, 0x6f, 0x75, 0x74, 0x20, 0x6f, 0x66,
  0x20, 0x72, 0x61, 0x6e, 0x67, 0x65, 0x20, 0x66, 0x6f, 0x72, 0x20, 0x73, 0x6c, 0x69, 0x63, 0x65, 0x20, 0x6f, 0x66, 0x20,
  0x6c, 0x65, 0x6e, 0x67, 0x74, 0x68, 0x20, 0xc0, 0x00, 0x10, 0x61, 0x73, 0x73, 0x65, 0x72, 0x74, 0x69, 0x6f, 0x6e, 0x20,
  0x60, 0x6c, 0x65, 0x66, 0x74, 0x20, 0xc0, 0x10, 0x20, 0x72, 0x69, 0x67, 0x68, 0x74, 0x60, 0x20, 0x66, 0x61, 0x69, 0x6c,
  0x65, 0x64, 0x3a, 0x20, 0xc0, 0x09, 0x0a, 0x20, 0x20, 0x6c, 0x65, 0x66, 0x74, 0x3a, 0x20, 0xc0, 0x09, 0x0a, 0x20, 0x72,
  0x69, 0x67, 0x68, 0x74, 0x3a, 0x20, 0xc0, 0x00, 0x0f, 0x43, 0x61, 0x70, 0x61, 0x63, 0x69, 0x74, 0x79, 0x45, 0x72, 0x72,
  0x6f, 0x72, 0x3a, 0x20, 0xc0, 0x00, 0xc0, 0x02, 0x3a, 0x20, 0xc0, 0x00, 0x2f, 0x6e, 0x61, 0x74, 0x69, 0x76, 0x65, 0x2f,
  0x62, 0x6c, 0x61, 0x6b, 0x65, 0x33, 0x2f, 0x76, 0x65, 0x6e, 0x64, 0x6f, 0x72, 0x2f, 0x62, 0x6c, 0x61, 0x6b, 0x65, 0x33,
  0x2f, 0x73, 0x72, 0x63, 0x2f, 0x6c, 0x69, 0x62, 0x2e, 0x72, 0x73, 0x00, 0x26, 0x63, 0x6f, 0x70, 0x79, 0x5f, 0x66, 0x72,
  0x6f, 0x6d, 0x5f, 0x73, 0x6c, 0x69, 0x63, 0x65, 0x3a, 0x20, 0x73, 0x6f, 0x75, 0x72, 0x63, 0x65, 0x20, 0x73, 0x6c, 0x69,
  0x63, 0x65, 0x20, 0x6c, 0x65, 0x6e, 0x67, 0x74, 0x68, 0x20, 0x28, 0xc0, 0x2b, 0x29, 0x20, 0x64, 0x6f, 0x65, 0x73, 0x20,
  0x6e, 0x6f, 0x74, 0x20, 0x6d, 0x61, 0x74, 0x63, 0x68, 0x20, 0x64, 0x65, 0x73, 0x74, 0x69, 0x6e, 0x61, 0x74, 0x69, 0x6f,
  0x6e, 0x20, 0x73, 0x6c, 0x69, 0x63, 0x65, 0x20, 0x6c, 0x65, 0x6e, 0x67, 0x74, 0x68, 0x20, 0x28, 0xc0, 0x01, 0x29, 0x00,
  0x18, 0x74, 0x68, 0x65, 0x20, 0x73, 0x75, 0x62, 0x74, 0x72, 0x65, 0x65, 0x20, 0x73, 0x74, 0x61, 0x72, 0x74, 0x69, 0x6e,
  0x67, 0x20, 0x61, 0x74, 0x20, 0xc0, 0x12, 0x20, 0x63, 0x6f, 0x6e, 0x74, 0x61, 0x69, 0x6e, 0x73, 0x20, 0x61, 0x74, 0x20,
  0x6d, 0x6f, 0x73, 0x74, 0x20, 0xc0, 0x0e, 0x20, 0x62, 0x79, 0x74, 0x65, 0x73, 0x20, 0x28, 0x66, 0x6f, 0x75, 0x6e, 0x64,
  0x20, 0xc0, 0x01, 0x29, 0x00, 0x00, 0x42, 0x01, 0x01, 0x00, 0x27, 0x00, 0x00, 0x00, 0x1e, 0x03, 0x00, 0x00, 0x1f, 0x00,
  0x00, 0x00, 0x42, 0x01, 0x01, 0x00, 0x27, 0x00, 0x00, 0x00, 0x3b, 0x03, 0x00, 0x00, 0x0c, 0x00, 0x00, 0x00, 0x42, 0x01,
  0x01, 0x00, 0x27, 0x00, 0x00, 0x00, 0x42, 0x03, 0x00, 0x00, 0x12, 0x00, 0x00, 0x00, 0x42, 0x01, 0x01, 0x00, 0x27, 0x00,
  0x00, 0x00, 0x68, 0x03, 0x00, 0x00, 0x41, 0x00, 0x00, 0x00, 0x42, 0x01, 0x01, 0x00, 0x27, 0x00, 0x00, 0x00, 0x68, 0x03,
  0x00, 0x00, 0x11, 0x00, 0x00, 0x00, 0x42, 0x01, 0x01, 0x00, 0x27, 0x00, 0x00, 0x00, 0x66, 0x03, 0x00, 0x00, 0x21, 0x00,
  0x00, 0x00, 0x42, 0x01, 0x01, 0x00, 0x27, 0x00, 0x00, 0x00, 0xbc, 0x04, 0x00, 0x00, 0x0d, 0x00, 0x00, 0x00, 0x42, 0x01,
  0x01, 0x00, 0x27, 0x00, 0x00, 0x00, 0x19, 0x05, 0x00, 0x00, 0x1b, 0x00, 0x00, 0x00, 0x42, 0x01, 0x01, 0x00, 0x27, 0x00,
  0x00, 0x00, 0x2b, 0x05, 0x00, 0x00, 0x1b, 0x00, 0x00, 0x00, 0x42, 0x01, 0x01, 0x00, 0x27, 0x00, 0x00, 0x00, 0xc4, 0x02,
  0x00, 0x00, 0x4c, 0x00, 0x00, 0x00, 0x42, 0x01, 0x01, 0x00, 0x27, 0x00, 0x00, 0x00, 0xc4, 0x02, 0x00, 0x00, 0x31, 0x00,
  0x00, 0x00, 0x42, 0x01, 0x01, 0x00, 0x27, 0x00, 0x00, 0x00, 0xb0, 0x02, 0x00, 0x00, 0x16, 0x00, 0x00, 0x00, 0x42, 0x01,
  0x01, 0x00, 0x27, 0x00, 0x00, 0x00, 0xf2, 0x02, 0x00, 0x00, 0x28, 0x00, 0x00, 0x00, 0x42, 0x01, 0x01, 0x00, 0x27, 0x00,
  0x00, 0x00, 0xf2, 0x02, 0x00, 0x00, 0x34, 0x00, 0x00, 0x00, 0x42, 0x01, 0x01, 0x00, 0x27, 0x00, 0x00, 0x00, 0xf2, 0x02,
  0x00, 0x00, 0x0c, 0x00, 0x00, 0x00, 0x42, 0x01, 0x01, 0x00, 0x27, 0x00, 0x00, 0x00, 0xe2, 0x02, 0x00, 0x00, 0x17, 0x00,
  0x00, 0x00, 0x6d, 0x69, 0x64, 0x20, 0x3e, 0x20, 0x6c, 0x65, 0x6e, 0x00, 0x00, 0x00, 0x42, 0x01, 0x01, 0x00, 0x27, 0x00,
  0x00, 0x00, 0x11, 0x02, 0x00, 0x00, 0x11, 0x00, 0x00, 0x00, 0x42, 0x01, 0x01, 0x00, 0x27, 0x00, 0x00, 0x00, 0x5c, 0x05,
  0x00, 0x00, 0x12, 0x00, 0x00, 0x00, 0x42, 0x01, 0x01, 0x00, 0x27, 0x00, 0x00, 0x00, 0x66, 0x05, 0x00, 0x00, 0x12, 0x00,
  0x00, 0x00, 0x42, 0x01, 0x01, 0x00, 0x27, 0x00, 0x00, 0x00, 0x7b, 0x04, 0x00, 0x00, 0x32, 0x00, 0x00, 0x00, 0x42, 0x01,
  0x01, 0x00, 0x27, 0x00, 0x00, 0x00, 0x83, 0x04, 0x00, 0x00, 0x1b, 0x00, 0x00, 0x00, 0x42, 0x01, 0x01, 0x00, 0x27, 0x00,
  0x00, 0x00, 0xaa, 0x04, 0x00, 0x00, 0x17, 0x00, 0x00, 0x00, 0x42, 0x01, 0x01, 0x00, 0x27, 0x00, 0x00, 0x00, 0x77, 0x05,
  0x00, 0x00, 0x09, 0x00, 0x00, 0x00, 0x69, 0x6e, 0x73, 0x75, 0x66, 0x66, 0x69, 0x63, 0x69, 0x65, 0x6e, 0x74, 0x20, 0x63,
  0x61, 0x70, 0x61, 0x63, 0x69, 0x74, 0x79, 0x00, 0x00, 0x00, 0x80, 0x03, 0x01, 0x00, 0x15, 0x00, 0x00, 0x00, 0x00, 0x00,
  0x00, 0x00, 0x20, 0x00, 0x00, 0x00, 0x01, 0x00, 0x00, 0x00, 0x02, 0x00, 0x00, 0x00, 0x00, 0x00, 0x00, 0x00, 0x04, 0x00,
  0x00, 0x00, 0x04, 0x00, 0x00, 0x00, 0x03, 0x00, 0x00, 0x00, 0x00, 0x00, 0x00, 0x00, 0x04, 0x00, 0x00, 0x00, 0x04, 0x00,
  0x00, 0x00, 0x03, 0x00, 0x00, 0x00, 0x63, 0x61, 0x6c, 0x6c, 0x65, 0x64, 0x20, 0x60, 0x4f, 0x70, 0x74, 0x69, 0x6f, 0x6e,
  0x3a, 0x3a, 0x75, 0x6e, 0x77, 0x72, 0x61, 0x70, 0x28, 0x29, 0x60, 0x20, 0x6f, 0x6e, 0x20, 0x61, 0x20, 0x60, 0x4e, 0x6f,
  0x6e, 0x65, 0x60, 0x20, 0x76, 0x61, 0x6c, 0x75, 0x65, 0x00, 0xf5, 0x0b, 0x04, 0x6e, 0x61, 0x6d, 0x65, 0x00, 0x16, 0x15,
  0x6d, 0x69, 0x73, 0x6f, 0x5f, 0x62, 0x6c, 0x61, 0x6b, 0x65, 0x33, 0x5f, 0x77, 0x61, 0x73, 0x6d, 0x2e, 0x77, 0x61, 0x73,
  0x6d, 0x01, 0xb5, 0x0b, 0x1c, 0x00, 0x0f, 0x62, 0x6c, 0x61, 0x6b, 0x65, 0x33, 0x5f, 0x66, 0x69, 0x6e, 0x61, 0x6c, 0x69,
  0x7a, 0x65, 0x01, 0x37, 0x5f, 0x52, 0x4e, 0x76, 0x4e, 0x74, 0x43, 0x73, 0x64, 0x6b, 0x64, 0x74, 0x31, 0x61, 0x61, 0x41,
  0x67, 0x31, 0x54, 0x5f, 0x34, 0x63, 0x6f, 0x72, 0x65, 0x39, 0x70, 0x61, 0x6e, 0x69, 0x63, 0x6b, 0x69, 0x6e, 0x67, 0x31,
  0x38, 0x70, 0x61, 0x6e, 0x69, 0x63, 0x5f, 0x62, 0x6f, 0x75, 0x6e, 0x64, 0x73, 0x5f, 0x63, 0x68, 0x65, 0x63, 0x6b, 0x02,
  0x39, 0x5f, 0x52, 0x49, 0x4e, 0x76, 0x4e, 0x74, 0x43, 0x73, 0x64, 0x6b, 0x64, 0x74, 0x31, 0x61, 0x61, 0x41, 0x67, 0x31,
  0x54, 0x5f, 0x34, 0x63, 0x6f, 0x72, 0x65, 0x39, 0x70, 0x61, 0x6e, 0x69, 0x63, 0x6b, 0x69, 0x6e, 0x67, 0x31, 0x33, 0x61,
  0x73, 0x73, 0x65, 0x72, 0x74, 0x5f, 0x66, 0x61, 0x69, 0x6c, 0x65, 0x64, 0x79, 0x79, 0x45, 0x42, 0x34, 0x5f, 0x03, 0x37,
  0x5f, 0x52, 0x4e, 0x76, 0x4e, 0x74, 0x43, 0x73, 0x69, 0x58, 0x68, 0x41, 0x51, 0x67, 0x6b, 0x69, 0x6a, 0x6c, 0x52, 0x5f,
  0x36, 0x62, 0x6c, 0x61, 0x6b, 0x65, 0x33, 0x38, 0x70, 0x6f, 0x72, 0x74, 0x61, 0x62, 0x6c, 0x65, 0x31, 0x37, 0x63, 0x6f,
  0x6d, 0x70, 0x72, 0x65, 0x73, 0x73, 0x5f, 0x69, 0x6e, 0x5f, 0x70, 0x6c, 0x61, 0x63, 0x65, 0x04, 0x3b, 0x5f, 0x52, 0x4e,
  0x76, 0x4e, 0x74, 0x43, 0x73, 0x69, 0x58, 0x68, 0x41, 0x51, 0x67, 0x6b, 0x69, 0x6a, 0x6c, 0x52, 0x5f, 0x36, 0x62, 0x6c,
  0x61, 0x6b, 0x65, 0x33, 0x31, 0x31, 0x77, 0x61, 0x73, 0x6d, 0x33, 0x32, 0x5f, 0x73, 0x69, 0x6d, 0x64, 0x31, 0x37, 0x63,
  0x6f, 0x6d, 0x70, 0x72, 0x65, 0x73, 0x73, 0x5f, 0x69, 0x6e, 0x5f, 0x70, 0x6c, 0x61, 0x63, 0x65, 0x05, 0x0b, 0x62, 0x6c,
  0x61, 0x6b, 0x65, 0x33, 0x5f, 0x69, 0x6e, 0x69, 0x74, 0x06, 0x15, 0x62, 0x6c, 0x61, 0x6b, 0x65, 0x33, 0x5f, 0x69, 0x6e,
  0x70, 0x75, 0x74, 0x5f, 0x63, 0x61, 0x70, 0x61, 0x63, 0x69, 0x74, 0x79, 0x07, 0x10, 0x62, 0x6c, 0x61, 0x6b, 0x65, 0x33,
  0x5f, 0x69, 0x6e, 0x70, 0x75, 0x74, 0x5f, 0x70, 0x74, 0x72, 0x08, 0x11, 0x62, 0x6c, 0x61, 0x6b, 0x65, 0x33, 0x5f, 0x6f,
  0x75, 0x74, 0x70, 0x75, 0x74, 0x5f, 0x6c, 0x65, 0x6e, 0x09, 0x11, 0x62, 0x6c, 0x61, 0x6b, 0x65, 0x33, 0x5f, 0x6f, 0x75,
  0x74, 0x70, 0x75, 0x74, 0x5f, 0x70, 0x74, 0x72, 0x0a, 0x0d, 0x62, 0x6c, 0x61, 0x6b, 0x65, 0x33, 0x5f, 0x75, 0x70, 0x64,
  0x61, 0x74, 0x65, 0x0b, 0x2d, 0x5f, 0x52, 0x4e, 0x76, 0x4e, 0x74, 0x43, 0x73, 0x64, 0x6b, 0x64, 0x74, 0x31, 0x61, 0x61,
  0x41, 0x67, 0x31, 0x54, 0x5f, 0x34, 0x63, 0x6f, 0x72, 0x65, 0x39, 0x70, 0x61, 0x6e, 0x69, 0x63, 0x6b, 0x69, 0x6e, 0x67,
  0x39, 0x70, 0x61, 0x6e, 0x69, 0x63, 0x5f, 0x66, 0x6d, 0x74, 0x0c, 0x35, 0x5f, 0x52, 0x4e, 0x76, 0x4d, 0x73, 0x39, 0x5f,
  0x43, 0x73, 0x69, 0x58, 0x68, 0x41, 0x51, 0x67, 0x6b, 0x69, 0x6a, 0x6c, 0x52, 0x5f, 0x36, 0x62, 0x6c, 0x61, 0x6b, 0x65,
  0x33, 0x4e, 0x74, 0x42, 0x35, 0x5f, 0x31, 0x30, 0x43, 0x68, 0x75, 0x6e, 0x6b, 0x53, 0x74, 0x61, 0x74, 0x65, 0x36, 0x75,
  0x70, 0x64, 0x61, 0x74, 0x65, 0x0d, 0x39, 0x5f, 0x52, 0x4e, 0x76, 0x4d, 0x73, 0x63, 0x5f, 0x43, 0x73, 0x69, 0x58, 0x68,
  0x41, 0x51, 0x67, 0x6b, 0x69, 0x6a, 0x6c, 0x52, 0x5f, 0x36, 0x62, 0x6c, 0x61, 0x6b, 0x65, 0x33, 0x4e, 0x74, 0x42, 0x35,
  0x5f, 0x36, 0x48, 0x61, 0x73, 0x68, 0x65, 0x72, 0x31, 0x34, 0x6d, 0x65, 0x72, 0x67, 0x65, 0x5f, 0x63, 0x76, 0x5f, 0x73,
  0x74, 0x61, 0x63, 0x6b, 0x0e, 0x2f, 0x5f, 0x52, 0x4e, 0x76, 0x4e, 0x74, 0x43, 0x73, 0x64, 0x6b, 0x64, 0x74, 0x31, 0x61,
  0x61, 0x41, 0x67, 0x31, 0x54, 0x5f, 0x34, 0x63, 0x6f, 0x72, 0x65, 0x36, 0x72, 0x65, 0x73, 0x75, 0x6c, 0x74, 0x31, 0x33,
  0x75, 0x6e, 0x77, 0x72, 0x61, 0x70, 0x5f, 0x66, 0x61, 0x69, 0x6c, 0x65, 0x64, 0x0f, 0x4d, 0x5f, 0x52, 0x49, 0x4e, 0x76,
  0x43, 0x73, 0x69, 0x58, 0x68, 0x41, 0x51, 0x67, 0x6b, 0x69, 0x6a, 0x6c, 0x52, 0x5f, 0x36, 0x62, 0x6c, 0x61, 0x6b, 0x65,
  0x33, 0x32, 0x31, 0x63, 0x6f, 0x6d, 0x70, 0x72, 0x65, 0x73, 0x73, 0x5f, 0x73, 0x75, 0x62, 0x74, 0x72, 0x65, 0x65, 0x5f,
  0x77, 0x69, 0x64, 0x65, 0x4e, 0x74, 0x4e, 0x74, 0x42, 0x32, 0x5f, 0x34, 0x6a, 0x6f, 0x69, 0x6e, 0x31, 0x30, 0x53, 0x65,
  0x72, 0x69, 0x61, 0x6c, 0x4a, 0x6f, 0x69, 0x6e, 0x45, 0x42, 0x32, 0x5f, 0x10, 0x34, 0x5f, 0x52, 0x4e, 0x76, 0x43, 0x73,
  0x69, 0x58, 0x68, 0x41, 0x51, 0x67, 0x6b, 0x69, 0x6a, 0x6c, 0x52, 0x5f, 0x36, 0x62, 0x6c, 0x61, 0x6b, 0x65, 0x33, 0x32,
  0x35, 0x63, 0x6f, 0x6d, 0x70, 0x72, 0x65, 0x73, 0x73, 0x5f, 0x70, 0x61, 0x72, 0x65, 0x6e, 0x74, 0x73, 0x5f, 0x70, 0x61,
  0x72, 0x61, 0x6c, 0x6c, 0x65, 0x6c, 0x11, 0x39, 0x5f, 0x52, 0x4e, 0x76, 0x4e, 0x74, 0x4e, 0x74, 0x43, 0x73, 0x64, 0x6b,
  0x64, 0x74, 0x31, 0x61, 0x61, 0x41, 0x67, 0x31, 0x54, 0x5f, 0x34, 0x63, 0x6f, 0x72, 0x65, 0x35, 0x73, 0x6c, 0x69, 0x63,
  0x65, 0x35, 0x69, 0x6e, 0x64, 0x65, 0x78, 0x31, 0x36, 0x73, 0x6c, 0x69, 0x63, 0x65, 0x5f, 0x69, 0x6e, 0x64, 0x65, 0x78,
  0x5f, 0x66, 0x61, 0x69, 0x6c, 0x12, 0x2e, 0x5f, 0x52, 0x4e, 0x76, 0x4e, 0x74, 0x43, 0x73, 0x69, 0x58, 0x68, 0x41, 0x51,
  0x67, 0x6b, 0x69, 0x6a, 0x6c, 0x52, 0x5f, 0x36, 0x62, 0x6c, 0x61, 0x6b, 0x65, 0x33, 0x31, 0x31, 0x77, 0x61, 0x73, 0x6d,
  0x33, 0x32, 0x5f, 0x73, 0x69, 0x6d, 0x64, 0x35, 0x68, 0x61, 0x73, 0x68, 0x34, 0x13, 0x4a, 0x5f, 0x52, 0x4e, 0x76, 0x4e,
  0x76, 0x4e, 0x74, 0x43, 0x73, 0x64, 0x6b, 0x64, 0x74, 0x31, 0x61, 0x61, 0x41, 0x67, 0x31, 0x54, 0x5f, 0x34, 0x63, 0x6f,
  0x72, 0x65, 0x35, 0x73, 0x6c, 0x69, 0x63, 0x65, 0x32, 0x30, 0x63, 0x6f, 0x70, 0x79, 0x5f, 0x66, 0x72, 0x6f, 0x6d, 0x5f,
  0x73, 0x6c, 0x69, 0x63, 0x65, 0x5f, 0x69, 0x6d, 0x70, 0x6c, 0x31, 0x37, 0x6c, 0x65, 0x6e, 0x5f, 0x6d, 0x69, 0x73, 0x6d,
  0x61, 0x74, 0x63, 0x68, 0x5f, 0x66, 0x61, 0x69, 0x6c, 0x14, 0x4a, 0x5f, 0x52, 0x4e, 0x76, 0x58, 0x73, 0x31, 0x69, 0x5f,
  0x4e, 0x74, 0x43, 0x73, 0x64, 0x6b, 0x64, 0x74, 0x31, 0x61, 0x61, 0x41, 0x67, 0x31, 0x54, 0x5f, 0x34, 0x63, 0x6f, 0x72,
  0x65, 0x33, 0x66, 0x6d, 0x74, 0x52, 0x65, 0x4e, 0x74, 0x42, 0x36, 0x5f, 0x37, 0x44, 0x69, 0x73, 0x70, 0x6c, 0x61, 0x79,
  0x33, 0x66, 0x6d, 0x74, 0x43, 0x73, 0x69, 0x58, 0x68, 0x41, 0x51, 0x67, 0x6b, 0x69, 0x6a, 0x6c, 0x52, 0x5f, 0x36, 0x62,
  0x6c, 0x61, 0x6b, 0x65, 0x33, 0x15, 0x34, 0x5f, 0x52, 0x4e, 0x76, 0x4d, 0x73, 0x61, 0x5f, 0x4e, 0x74, 0x43, 0x73, 0x64,
  0x6b, 0x64, 0x74, 0x31, 0x61, 0x61, 0x41, 0x67, 0x31, 0x54, 0x5f, 0x34, 0x63, 0x6f, 0x72, 0x65, 0x33, 0x66, 0x6d, 0x74,
  0x4e, 0x74, 0x42, 0x35, 0x5f, 0x39, 0x46, 0x6f, 0x72, 0x6d, 0x61, 0x74, 0x74, 0x65, 0x72, 0x33, 0x70, 0x61, 0x64, 0x16,
  0x80, 0x01, 0x5f, 0x52, 0x4e, 0x76, 0x58, 0x73, 0x30, 0x5f, 0x4e, 0x74, 0x43, 0x73, 0x6c, 0x71, 0x37, 0x39, 0x70, 0x39,
  0x50, 0x6c, 0x77, 0x4d, 0x67, 0x5f, 0x38, 0x61, 0x72, 0x72, 0x61, 0x79, 0x76, 0x65, 0x63, 0x36, 0x65, 0x72, 0x72, 0x6f,
  0x72, 0x73, 0x49, 0x4e, 0x74, 0x42, 0x35, 0x5f, 0x31, 0x33, 0x43, 0x61, 0x70, 0x61, 0x63, 0x69, 0x74, 0x79, 0x45, 0x72,
  0x72, 0x6f, 0x72, 0x52, 0x41, 0x68, 0x6a, 0x34, 0x30, 0x30, 0x5f, 0x45, 0x4e, 0x74, 0x4e, 0x74, 0x43, 0x73, 0x64, 0x6b,
  0x64, 0x74, 0x31, 0x61, 0x61, 0x41, 0x67, 0x31, 0x54, 0x5f, 0x34, 0x63, 0x6f, 0x72, 0x65, 0x33, 0x66, 0x6d, 0x74, 0x35,
  0x44, 0x65, 0x62, 0x75, 0x67, 0x33, 0x66, 0x6d, 0x74, 0x43, 0x73, 0x69, 0x58, 0x68, 0x41, 0x51, 0x67, 0x6b, 0x69, 0x6a,
  0x6c, 0x52, 0x5f, 0x36, 0x62, 0x6c, 0x61, 0x6b, 0x65, 0x33, 0x17, 0x23, 0x5f, 0x52, 0x4e, 0x76, 0x4e, 0x74, 0x43, 0x73,
  0x64, 0x6b, 0x64, 0x74, 0x31, 0x61, 0x61, 0x41, 0x67, 0x31, 0x54, 0x5f, 0x34, 0x63, 0x6f, 0x72, 0x65, 0x33, 0x66, 0x6d,
  0x74, 0x35, 0x77, 0x72, 0x69, 0x74, 0x65, 0x18, 0x2f, 0x5f, 0x52, 0x4e, 0x76, 0x4e, 0x74, 0x43, 0x73, 0x64, 0x6b, 0x64,
  0x74, 0x31, 0x61, 0x61, 0x41, 0x67, 0x31, 0x54, 0x5f, 0x34, 0x63, 0x6f, 0x72, 0x65, 0x36, 0x6f, 0x70, 0x74, 0x69, 0x6f,
  0x6e, 0x31, 0x33, 0x75, 0x6e, 0x77, 0x72, 0x61, 0x70, 0x5f, 0x66, 0x61, 0x69, 0x6c, 0x65, 0x64, 0x19, 0x7e, 0x5f, 0x52,
  0x4e, 0x76, 0x58, 0x73, 0x30, 0x5f, 0x4e, 0x74, 0x43, 0x73, 0x6c, 0x71, 0x37, 0x39, 0x70, 0x39, 0x50, 0x6c, 0x77, 0x4d,
  0x67, 0x5f, 0x38, 0x61, 0x72, 0x72, 0x61, 0x79, 0x76, 0x65, 0x63, 0x36, 0x65, 0x72, 0x72, 0x6f, 0x72, 0x73, 0x49, 0x4e,
  0x74, 0x42, 0x35, 0x5f, 0x31, 0x33, 0x43, 0x61, 0x70, 0x61, 0x63, 0x69, 0x74, 0x79, 0x45, 0x72, 0x72, 0x6f, 0x72, 0x41,
  0x68, 0x6a, 0x32, 0x30, 0x5f, 0x45, 0x4e, 0x74, 0x4e, 0x74, 0x43, 0x73, 0x64, 0x6b, 0x64, 0x74, 0x31, 0x61, 0x61, 0x41,
  0x67, 0x31, 0x54, 0x5f, 0x34, 0x63, 0x6f, 0x72, 0x65, 0x33, 0x66, 0x6d, 0x74, 0x35, 0x44, 0x65, 0x62, 0x75, 0x67, 0x33,
  0x66, 0x6d, 0x74, 0x43, 0x73, 0x69, 0x58, 0x68, 0x41, 0x51, 0x67, 0x6b, 0x69, 0x6a, 0x6c, 0x52, 0x5f, 0x36, 0x62, 0x6c,
  0x61, 0x6b, 0x65, 0x33, 0x1a, 0x38, 0x5f, 0x52, 0x4e, 0x76, 0x4e, 0x74, 0x43, 0x73, 0x64, 0x6b, 0x64, 0x74, 0x31, 0x61,
  0x61, 0x41, 0x67, 0x31, 0x54, 0x5f, 0x34, 0x63, 0x6f, 0x72, 0x65, 0x39, 0x70, 0x61, 0x6e, 0x69, 0x63, 0x6b, 0x69, 0x6e,
  0x67, 0x31, 0x39, 0x61, 0x73, 0x73, 0x65, 0x72, 0x74, 0x5f, 0x66, 0x61, 0x69, 0x6c, 0x65, 0x64, 0x5f, 0x69, 0x6e, 0x6e,
  0x65, 0x72, 0x1b, 0x29, 0x5f, 0x52, 0x4e, 0x76, 0x4e, 0x74, 0x43, 0x73, 0x64, 0x6b, 0x64, 0x74, 0x31, 0x61, 0x61, 0x41,
  0x67, 0x31, 0x54, 0x5f, 0x34, 0x63, 0x6f, 0x72, 0x65, 0x39, 0x70, 0x61, 0x6e, 0x69, 0x63, 0x6b, 0x69, 0x6e, 0x67, 0x35,
  0x70, 0x61, 0x6e, 0x69, 0x63, 0x07, 0x12, 0x01, 0x00, 0x0f, 0x5f, 0x5f, 0x73, 0x74, 0x61, 0x63, 0x6b, 0x5f, 0x70, 0x6f,
  0x69, 0x6e, 0x74, 0x65, 0x72, 0x09, 0x0a, 0x01, 0x00, 0x07, 0x2e, 0x72, 0x6f, 0x64, 0x61, 0x74, 0x61, 0x00, 0x4d, 0x09,
  0x70, 0x72, 0x6f, 0x64, 0x75, 0x63, 0x65, 0x72, 0x73, 0x02, 0x08, 0x6c, 0x61, 0x6e, 0x67, 0x75, 0x61, 0x67, 0x65, 0x01,
  0x04, 0x52, 0x75, 0x73, 0x74, 0x00, 0x0c, 0x70, 0x72, 0x6f, 0x63, 0x65, 0x73, 0x73, 0x65, 0x64, 0x2d, 0x62, 0x79, 0x01,
  0x05, 0x72, 0x75, 0x73, 0x74, 0x63, 0x1d, 0x31, 0x2e, 0x39, 0x37, 0x2e, 0x31, 0x20, 0x28, 0x38, 0x62, 0x61, 0x62, 0x32,
  0x36, 0x66, 0x34, 0x66, 0x20, 0x32, 0x30, 0x32, 0x36, 0x2d, 0x30, 0x37, 0x2d, 0x31, 0x34, 0x29, 0x00, 0x9d, 0x01, 0x0f,
  0x74, 0x61, 0x72, 0x67, 0x65, 0x74, 0x5f, 0x66, 0x65, 0x61, 0x74, 0x75, 0x72, 0x65, 0x73, 0x09, 0x2b, 0x0b, 0x62, 0x75,
  0x6c, 0x6b, 0x2d, 0x6d, 0x65, 0x6d, 0x6f, 0x72, 0x79, 0x2b, 0x0f, 0x62, 0x75, 0x6c, 0x6b, 0x2d, 0x6d, 0x65, 0x6d, 0x6f,
  0x72, 0x79, 0x2d, 0x6f, 0x70, 0x74, 0x2b, 0x16, 0x63, 0x61, 0x6c, 0x6c, 0x2d, 0x69, 0x6e, 0x64, 0x69, 0x72, 0x65, 0x63,
  0x74, 0x2d, 0x6f, 0x76, 0x65, 0x72, 0x6c, 0x6f, 0x6e, 0x67, 0x2b, 0x0a, 0x6d, 0x75, 0x6c, 0x74, 0x69, 0x76, 0x61, 0x6c,
  0x75, 0x65, 0x2b, 0x0f, 0x6d, 0x75, 0x74, 0x61, 0x62, 0x6c, 0x65, 0x2d, 0x67, 0x6c, 0x6f, 0x62, 0x61, 0x6c, 0x73, 0x2b,
  0x13, 0x6e, 0x6f, 0x6e, 0x74, 0x72, 0x61, 0x70, 0x70, 0x69, 0x6e, 0x67, 0x2d, 0x66, 0x70, 0x74, 0x6f, 0x69, 0x6e, 0x74,
  0x2b, 0x0f, 0x72, 0x65, 0x66, 0x65, 0x72, 0x65, 0x6e, 0x63, 0x65, 0x2d, 0x74, 0x79, 0x70, 0x65, 0x73, 0x2b, 0x08, 0x73,
  0x69, 0x67, 0x6e, 0x2d, 0x65, 0x78, 0x74, 0x2b, 0x07, 0x73, 0x69, 0x6d, 0x64, 0x31, 0x32, 0x38,
]);
