recordingRef,source,identity,candidate,totalBytes,payloadBytes,manifestBytes,headerBytes,chunkCount,canonicalPcmSha256,blobSha256,encodeSeconds,decodeSeconds,encodePeakRssKiB,decodePeakRssKiB,flacMetadataBytes
r1,drums,sha256:03328fc288eda889bb9bb7813a48bf87d3e011b1698778fc456f57c8561b9db2,original,16483526,16483526,0,0,1,03328fc288eda889bb9bb7813a48bf87d3e011b1698778fc456f57c8561b9db2,52b7efdb0d761b11759206775970406293f9ca6cf2a7b46bb7526cc34b597400,,0.19452200108207762,,2816,42
r1,drums,sha256:03328fc288eda889bb9bb7813a48bf87d3e011b1698778fc456f57c8561b9db2,published,16542989,16538208,4765,16,4,03328fc288eda889bb9bb7813a48bf87d3e011b1698778fc456f57c8561b9db2,9e12a781f0596d78f177463570203389999bd6312f1b340506a163b10b370824,,0.17474567785393447,,2816,240
r1,drums,sha256:03328fc288eda889bb9bb7813a48bf87d3e011b1698778fc456f57c8561b9db2,ffmpeg5-30s,16542989,16538208,4765,16,4,03328fc288eda889bb9bb7813a48bf87d3e011b1698778fc456f57c8561b9db2,9e12a781f0596d78f177463570203389999bd6312f1b340506a163b10b370824,0.5259352379944175,0.1729923690436408,55552,2816,240
r1,drums,sha256:03328fc288eda889bb9bb7813a48bf87d3e011b1698778fc456f57c8561b9db2,ffmpeg8-30s,16471171,16466390,4765,16,4,03328fc288eda889bb9bb7813a48bf87d3e011b1698778fc456f57c8561b9db2,e6835989f9e73b8a3afb17559a5c00eb3b65ba0976007ca27811dff25e678f63,0.8065279421862215,0.1814571670256555,55552,2816,240
r1,drums,sha256:03328fc288eda889bb9bb7813a48bf87d3e011b1698778fc456f57c8561b9db2,flac5-30s,16278628,16273847,4765,16,4,03328fc288eda889bb9bb7813a48bf87d3e011b1698778fc456f57c8561b9db2,32d58cec620b80944b229db9b6f9f02d49d6fa31461a70a2745530f24f737862,0.18988708592951298,0.16705366200767457,3328,2816,344
r1,drums,sha256:03328fc288eda889bb9bb7813a48bf87d3e011b1698778fc456f57c8561b9db2,flac8-30s,16048247,16043466,4765,16,4,03328fc288eda889bb9bb7813a48bf87d3e011b1698778fc456f57c8561b9db2,c0eac1ed6f9b59badb572b4ae8fc9ee218faa0626440dc66b958d367b4ea7843,0.4951354550430551,0.17883417289704084,3328,2816,344
r1,drums,sha256:03328fc288eda889bb9bb7813a48bf87d3e011b1698778fc456f57c8561b9db2,flac8e-30s,16024424,16019643,4765,16,4,03328fc288eda889bb9bb7813a48bf87d3e011b1698778fc456f57c8561b9db2,9e799f1720c945a8b2b74ca0276d44980d1681ee6467bc627c6fc2a6254f6d21,1.925708815921098,0.1755833018105477,3328,2816,344
r1,drums,sha256:03328fc288eda889bb9bb7813a48bf87d3e011b1698778fc456f57c8561b9db2,flac8e-60s,16023233,16018929,4288,16,2,03328fc288eda889bb9bb7813a48bf87d3e011b1698778fc456f57c8561b9db2,40dfa5e8e7ff644315cf141fc0f9805485e171fdbdc247032b804d6b99aa3679,1.927851032000035,0.17087025789078325,3328,2816,172
r1,drums,sha256:03328fc288eda889bb9bb7813a48bf87d3e011b1698778fc456f57c8561b9db2,flac8e-concat,16023212,16019145,4051,16,1,03328fc288eda889bb9bb7813a48bf87d3e011b1698778fc456f57c8561b9db2,ba00d7448cf22328e5275b39017bab7f08fbd49f7460e67d0d82e02121288b20,1.9164769139606506,0.16927138401661068,3328,2816,86
r1,drums,sha256:03328fc288eda889bb9bb7813a48bf87d3e011b1698778fc456f57c8561b9db2,flac8e-dense,16055915,16051837,4062,16,1,03328fc288eda889bb9bb7813a48bf87d3e011b1698778fc456f57c8561b9db2,4c3edea7115cbc9986fb52bca9f337a06cae9fce0ba87567afdda6e6187e25bc,1.9702410449972376,0.1906177659984678,3328,2816,86
r1,drums,sha256:03328fc288eda889bb9bb7813a48bf87d3e011b1698778fc456f57c8561b9db2,wavpack-concat,16286914,16282836,4062,16,1,03328fc288eda889bb9bb7813a48bf87d3e011b1698778fc456f57c8561b9db2,9a2c26b76252555708f07038dbc21dc788eca79baa86bc7f7ae7379ec8ad2922,0.28541853197384626,0.2599968910217285,3328,1792,
r1,drums,sha256:03328fc288eda889bb9bb7813a48bf87d3e011b1698778fc456f57c8561b9db2,wavpackx6-concat,16098284,16094206,4062,16,1,03328fc288eda889bb9bb7813a48bf87d3e011b1698778fc456f57c8561b9db2,b101a50f655e52aa9c55067fe5f30b2c33ad1ba5585b06166c2edc1ac8bfeecd,14.388938977965154,0.2600234589772299,4176,1536,
r1,drums,sha256:03328fc288eda889bb9bb7813a48bf87d3e011b1698778fc456f57c8561b9db2,wavpackhh-concat,16055904,16051826,4062,16,1,03328fc288eda889bb9bb7813a48bf87d3e011b1698778fc456f57c8561b9db2,e333a8e65e60c69050f9f8d49b980d3407ffff5270ccb1ee2dbe201e305fcdcf,0.48794445605017245,0.40134158998262137,3840,1792,
r1,drums,sha256:03328fc288eda889bb9bb7813a48bf87d3e011b1698778fc456f57c8561b9db2,wavpackhhx6-concat,15878616,15874538,4062,16,1,03328fc288eda889bb9bb7813a48bf87d3e011b1698778fc456f57c8561b9db2,d811bad3fca747052478db57240d3ca71fce1c0eb4dac086dd53647bd04e05a1,28.106923421961255,0.39856409502681345,7168,1792,
r1,lead-vox,sha256:27c2485abef9b9791cf127b08108e9982383fdbf7736095f8411647e5b82a7ac,original,19618899,19618899,0,0,1,27c2485abef9b9791cf127b08108e9982383fdbf7736095f8411647e5b82a7ac,d4e9075615156dd19000a1b8d7fbd21f34b2d31f1b67304e4a91653645d905da,,0.21812875696923584,,2816,42
r1,lead-vox,sha256:27c2485abef9b9791cf127b08108e9982383fdbf7736095f8411647e5b82a7ac,published,19754378,19752920,1442,16,5,27c2485abef9b9791cf127b08108e9982383fdbf7736095f8411647e5b82a7ac,8d9595ec06be9422d2a8bd5622790c2e78a03451d92db294ee6c391eba74dbc9,,0.21659804286900908,,2816,300
r1,lead-vox,sha256:27c2485abef9b9791cf127b08108e9982383fdbf7736095f8411647e5b82a7ac,ffmpeg5-30s,19754378,19752920,1442,16,5,27c2485abef9b9791cf127b08108e9982383fdbf7736095f8411647e5b82a7ac,8d9595ec06be9422d2a8bd5622790c2e78a03451d92db294ee6c391eba74dbc9,0.6322794499574229,0.20930441515520215,55552,2816,300
r1,lead-vox,sha256:27c2485abef9b9791cf127b08108e9982383fdbf7736095f8411647e5b82a7ac,ffmpeg8-30s,19618134,19616676,1442,16,5,27c2485abef9b9791cf127b08108e9982383fdbf7736095f8411647e5b82a7ac,e8f24ede0ede9948592b173aaa6e401b0992c7d13c13b2deda1d32db8a335e34,0.9709818938281387,0.2257826899876818,55808,2816,300
r1,lead-vox,sha256:27c2485abef9b9791cf127b08108e9982383fdbf7736095f8411647e5b82a7ac,flac5-30s,19679899,19678441,1442,16,5,27c2485abef9b9791cf127b08108e9982383fdbf7736095f8411647e5b82a7ac,f7ee76e71621945f955806a66a8ab31811bb7bf1d06b70100970e0ed79f96940,0.2313546179793775,0.20436194515787065,3328,2816,430
r1,lead-vox,sha256:27c2485abef9b9791cf127b08108e9982383fdbf7736095f8411647e5b82a7ac,flac8-30s,19474894,19473436,1442,16,5,27c2485abef9b9791cf127b08108e9982383fdbf7736095f8411647e5b82a7ac,dffece519191e4e3028d8b3f9661768b9f97430f9c1feb145903124340e2db6c,0.6116470458218828,0.2201206210302189,3328,2816,430
r1,lead-vox,sha256:27c2485abef9b9791cf127b08108e9982383fdbf7736095f8411647e5b82a7ac,flac8e-30s,19474057,19472599,1442,16,5,27c2485abef9b9791cf127b08108e9982383fdbf7736095f8411647e5b82a7ac,a3a250b67bfad841c9160b7ce179054db8b611e1d034320085790fd74fc05bf7,2.3303081918274984,0.22017309803050011,3328,2816,430
r1,lead-vox,sha256:27c2485abef9b9791cf127b08108e9982383fdbf7736095f8411647e5b82a7ac,flac8e-60s,19473359,19472378,965,16,3,27c2485abef9b9791cf127b08108e9982383fdbf7736095f8411647e5b82a7ac,5134823df43919f29d8a6189c8d76ef5d0232f0ac9b43ce1203c32d945f8c03b,2.3245171029120684,0.21649954502936453,3328,2816,258
r1,lead-vox,sha256:27c2485abef9b9791cf127b08108e9982383fdbf7736095f8411647e5b82a7ac,flac8e-concat,19473259,19472753,490,16,1,27c2485abef9b9791cf127b08108e9982383fdbf7736095f8411647e5b82a7ac,874217cd828d3bafd4d2566a67ce66c4e0e2ac539b2dd408fe30e0c5325bf42f,2.3356872560689226,0.21239143202546984,3328,2816,86
r1,lead-vox,sha256:27c2485abef9b9791cf127b08108e9982383fdbf7736095f8411647e5b82a7ac,flac8e-dense,19473270,19472753,501,16,1,27c2485abef9b9791cf127b08108e9982383fdbf7736095f8411647e5b82a7ac,79eb2e1827769a7a23d47cb10ec40a514d5e09441602955671a45dbeaef7004e,2.3386899899924174,0.2127266200259328,3328,2816,86
r1,lead-vox,sha256:27c2485abef9b9791cf127b08108e9982383fdbf7736095f8411647e5b82a7ac,wavpack-concat,19746407,19745890,501,16,1,27c2485abef9b9791cf127b08108e9982383fdbf7736095f8411647e5b82a7ac,de44f360166e3b70f5b9e5f2b104f77abf0883b8f33f54b10e6034eedc620931,0.3444067609962076,0.31513683299999684,3328,1536,
r1,lead-vox,sha256:27c2485abef9b9791cf127b08108e9982383fdbf7736095f8411647e5b82a7ac,wavpackx6-concat,19690005,19689488,501,16,1,27c2485abef9b9791cf127b08108e9982383fdbf7736095f8411647e5b82a7ac,16b14a6119e39a63f3002e2d99d4622e0de7c9f8e5433acf3993511a7ab20cb4,18.80251822399441,0.3152644319925457,4180,1536,
r1,lead-vox,sha256:27c2485abef9b9791cf127b08108e9982383fdbf7736095f8411647e5b82a7ac,wavpackhh-concat,19739903,19739386,501,16,1,27c2485abef9b9791cf127b08108e9982383fdbf7736095f8411647e5b82a7ac,2f9c7459e310c0ee115acbc9c1bb7f7b38442d078370943addc262029a99e84f,0.5995940580032766,0.4863940709037706,3840,1792,
r1,lead-vox,sha256:27c2485abef9b9791cf127b08108e9982383fdbf7736095f8411647e5b82a7ac,wavpackhhx6-concat,19310669,19310152,501,16,1,27c2485abef9b9791cf127b08108e9982383fdbf7736095f8411647e5b82a7ac,fbbd8270e4447f9707622899ed1d2c5c66655ea65b51a495c385266d038c3041,33.71489088004455,0.4692568549653515,7168,1792,
r1,vocal-fx,sha256:361eb2581ace51a5a34c59d83c06ebe6dad73300115db995e6c0692fb4061ae3,original,4129372,4129372,0,0,1,361eb2581ace51a5a34c59d83c06ebe6dad73300115db995e6c0692fb4061ae3,d1a13184f9ddcdc54e568b687146a341d01821b23b209026a4ddcbd365fb4664,,0.18688805599231273,,2816,42
r1,vocal-fx,sha256:361eb2581ace51a5a34c59d83c06ebe6dad73300115db995e6c0692fb4061ae3,published,4223284,4217158,6110,16,4,361eb2581ace51a5a34c59d83c06ebe6dad73300115db995e6c0692fb4061ae3,b703951ff75704a35a5c3aa0254da5d8fe10e9d4a0d54efe21732eeee9062f82,,0.15600076806731522,,2816,240
r1,vocal-fx,sha256:361eb2581ace51a5a34c59d83c06ebe6dad73300115db995e6c0692fb4061ae3,ffmpeg5-30s,4223284,4217158,6110,16,4,361eb2581ace51a5a34c59d83c06ebe6dad73300115db995e6c0692fb4061ae3,b703951ff75704a35a5c3aa0254da5d8fe10e9d4a0d54efe21732eeee9062f82,0.48458326316904277,0.15547147078905255,55552,2816,240
r1,vocal-fx,sha256:361eb2581ace51a5a34c59d83c06ebe6dad73300115db995e6c0692fb4061ae3,ffmpeg8-30s,4129199,4123073,6110,16,4,361eb2581ace51a5a34c59d83c06ebe6dad73300115db995e6c0692fb4061ae3,a9cf37246059dbef08073d048bf5bf629d6a4dda8e9d2dc0cefd030c4dbdf84a,0.7503174290759489,0.1646124148974195,55552,2816,240
r1,vocal-fx,sha256:361eb2581ace51a5a34c59d83c06ebe6dad73300115db995e6c0692fb4061ae3,flac5-30s,3886023,3879897,6110,16,4,361eb2581ace51a5a34c59d83c06ebe6dad73300115db995e6c0692fb4061ae3,cdf11b1cbdfa5b75eb1d5908e0c222042d4de2ce1d2051ebea49d27e02743303,0.1652113440213725,0.14449499209877104,3328,2816,344
r1,vocal-fx,sha256:361eb2581ace51a5a34c59d83c06ebe6dad73300115db995e6c0692fb4061ae3,flac8-30s,3772928,3766802,6110,16,4,361eb2581ace51a5a34c59d83c06ebe6dad73300115db995e6c0692fb4061ae3,2a0308ee90044f03cc05adbe510da6be450ff1028ccfd555a0482dfeafc2f5ab,0.4153416609624401,0.152923530084081,3328,2816,344
r1,vocal-fx,sha256:361eb2581ace51a5a34c59d83c06ebe6dad73300115db995e6c0692fb4061ae3,flac8e-30s,3745209,3739083,6110,16,4,361eb2581ace51a5a34c59d83c06ebe6dad73300115db995e6c0692fb4061ae3,d66070d7f65e5ace0f484e339bc23f1401334a363db6a4d5372ad1bf99817d85,1.7934392720926553,0.15279583481606096,3328,2816,344
r1,vocal-fx,sha256:361eb2581ace51a5a34c59d83c06ebe6dad73300115db995e6c0692fb4061ae3,flac8e-60s,3745278,3739625,5637,16,2,361eb2581ace51a5a34c59d83c06ebe6dad73300115db995e6c0692fb4061ae3,4607c34eafc5d385e3cc15521c6a41ed87806c1bc47ae31c2b4ffc275f402908,1.7929756779922172,0.1471266020089388,3328,2816,172
r1,vocal-fx,sha256:361eb2581ace51a5a34c59d83c06ebe6dad73300115db995e6c0692fb4061ae3,flac8e-concat,3745058,3739643,5399,16,1,361eb2581ace51a5a34c59d83c06ebe6dad73300115db995e6c0692fb4061ae3,c8269de8213a8726935a2bb83f2a22ee5883b422fd2a3849cf907ea9b16f6356,1.7812749479198828,0.14438382000662386,3328,2816,86
r1,vocal-fx,sha256:361eb2581ace51a5a34c59d83c06ebe6dad73300115db995e6c0692fb4061ae3,flac8e-dense,3773773,3768347,5410,16,1,361eb2581ace51a5a34c59d83c06ebe6dad73300115db995e6c0692fb4061ae3,fa57e975c9f1ad8eef0cd2054ed2091acbb9bdf286960a7365ca73edb9ddea9b,1.8363309389678761,0.16715474391821772,3328,2816,86
r1,vocal-fx,sha256:361eb2581ace51a5a34c59d83c06ebe6dad73300115db995e6c0692fb4061ae3,wavpack-concat,4944508,4939082,5410,16,1,361eb2581ace51a5a34c59d83c06ebe6dad73300115db995e6c0692fb4061ae3,5dad89dde6d1102c3af344466d265b86f148795316468c6f07150a9962e3ee0f,0.21781674108933657,0.20294714998453856,3584,1536,
r1,vocal-fx,sha256:361eb2581ace51a5a34c59d83c06ebe6dad73300115db995e6c0692fb4061ae3,wavpackx6-concat,3950174,3944748,5410,16,1,361eb2581ace51a5a34c59d83c06ebe6dad73300115db995e6c0692fb4061ae3,d8fffabc3d12a0f6f3b485bba17f549f1279525a0f6a3b5399172b65929c3bfa,14.231439649942331,0.182023360976018,4152,1536,
r1,vocal-fx,sha256:361eb2581ace51a5a34c59d83c06ebe6dad73300115db995e6c0692fb4061ae3,wavpackhh-concat,4854068,4848642,5410,16,1,361eb2581ace51a5a34c59d83c06ebe6dad73300115db995e6c0692fb4061ae3,c39aa66eea044e40a4a2a2f6de64d933dfaf5ebeb62872acc38c2565cacc8370,0.45392118801828474,0.35169970395509154,4096,1536,
r1,vocal-fx,sha256:361eb2581ace51a5a34c59d83c06ebe6dad73300115db995e6c0692fb4061ae3,wavpackhhx6-concat,3918296,3912870,5410,16,1,361eb2581ace51a5a34c59d83c06ebe6dad73300115db995e6c0692fb4061ae3,204335758c4c20b642c984b70e248866a1f8c544a65355d9f26bd2981308f286,26.764731299015693,0.27524060697760433,7456,1536,
r1,fx,sha256:9184f49ee35fa748ecf4d898eb06058d2f499b8348b80736c5c252a99fe36b98,original,8840180,8840180,0,0,1,9184f49ee35fa748ecf4d898eb06058d2f499b8348b80736c5c252a99fe36b98,297c3e9d9673b3b736c3f750a1542cb032e3d4b8dcd5a5cfb60be601e6a20f60,,0.17924957303330302,,2816,42
r1,fx,sha256:9184f49ee35fa748ecf4d898eb06058d2f499b8348b80736c5c252a99fe36b98,published,8777838,8766086,11736,16,4,9184f49ee35fa748ecf4d898eb06058d2f499b8348b80736c5c252a99fe36b98,e7a2b1ba6519adffc8618c12e9d4331840f7b02b9abda0b7e8e915bd2c2303f3,,0.14556245412677526,,2816,240
r1,fx,sha256:9184f49ee35fa748ecf4d898eb06058d2f499b8348b80736c5c252a99fe36b98,ffmpeg5-30s,8777838,8766086,11736,16,4,9184f49ee35fa748ecf4d898eb06058d2f499b8348b80736c5c252a99fe36b98,e7a2b1ba6519adffc8618c12e9d4331840f7b02b9abda0b7e8e915bd2c2303f3,0.46390263910871,0.14406033500563353,55808,2816,240
r1,fx,sha256:9184f49ee35fa748ecf4d898eb06058d2f499b8348b80736c5c252a99fe36b98,ffmpeg8-30s,8749061,8737309,11736,16,4,9184f49ee35fa748ecf4d898eb06058d2f499b8348b80736c5c252a99fe36b98,ad90f20f9d7e3aa2e6e91459c3713e8dae20d8e4922a04f7be207775a0708c09,0.68911022413522,0.15350635698996484,55552,2816,240
r1,fx,sha256:9184f49ee35fa748ecf4d898eb06058d2f499b8348b80736c5c252a99fe36b98,flac5-30s,8695514,8683762,11736,16,4,9184f49ee35fa748ecf4d898eb06058d2f499b8348b80736c5c252a99fe36b98,57a686ddc365e3ee8babd04dd0139e8419b01ba171017713d177ffaca4ab7e95,0.15569397306535393,0.1386249449569732,3328,2816,344
r1,fx,sha256:9184f49ee35fa748ecf4d898eb06058d2f499b8348b80736c5c252a99fe36b98,flac8-30s,8621812,8610060,11736,16,4,9184f49ee35fa748ecf4d898eb06058d2f499b8348b80736c5c252a99fe36b98,0cdfb46f3a83f372ddb0e553a8565a11ad030ddea8fdca24d3a506e440061389,0.39345983997918665,0.14531783806160092,3328,2816,344
r1,fx,sha256:9184f49ee35fa748ecf4d898eb06058d2f499b8348b80736c5c252a99fe36b98,flac8e-30s,8613366,8601614,11736,16,4,9184f49ee35fa748ecf4d898eb06058d2f499b8348b80736c5c252a99fe36b98,7eff64eee7ac80c4352c35954ce2e994d6bb92949ddcd9167c166ba8849825e5,1.6437413870589808,0.14544806513004005,3328,2816,344
r1,fx,sha256:9184f49ee35fa748ecf4d898eb06058d2f499b8348b80736c5c252a99fe36b98,flac8e-60s,8613001,8601724,11261,16,2,9184f49ee35fa748ecf4d898eb06058d2f499b8348b80736c5c252a99fe36b98,dc03e778ef4a097a517c227cbf515c1015518207fb12e8bd46ba5039124dfbc6,1.6325407780241221,0.14103289099875838,3328,2816,172
r1,fx,sha256:9184f49ee35fa748ecf4d898eb06058d2f499b8348b80736c5c252a99fe36b98,flac8e-concat,8612521,8601482,11023,16,1,9184f49ee35fa748ecf4d898eb06058d2f499b8348b80736c5c252a99fe36b98,f530bad7b565ddf945be5ae38faf5358c7026c54bdec3fe76591668b082600ca,1.646536151994951,0.13786216196604073,3328,2816,86
r1,fx,sha256:9184f49ee35fa748ecf4d898eb06058d2f499b8348b80736c5c252a99fe36b98,flac8e-dense,8718163,8707113,11034,16,1,9184f49ee35fa748ecf4d898eb06058d2f499b8348b80736c5c252a99fe36b98,a137f35b1c541a62bbb0415284b11998267f905352df83be42f872084d09f3cb,1.7707029179437086,0.17154035402927548,3328,2816,86
r1,fx,sha256:9184f49ee35fa748ecf4d898eb06058d2f499b8348b80736c5c252a99fe36b98,wavpack-concat,8870462,8859412,11034,16,1,9184f49ee35fa748ecf4d898eb06058d2f499b8348b80736c5c252a99fe36b98,fd1118d3a9b1e0b5697b3486bcd187bdb0daa7bb5c9c07c43b7995bc83c47a64,0.21828479296527803,0.2000002699205652,3328,1536,
r1,fx,sha256:9184f49ee35fa748ecf4d898eb06058d2f499b8348b80736c5c252a99fe36b98,wavpackx6-concat,8478472,8467422,11034,16,1,9184f49ee35fa748ecf4d898eb06058d2f499b8348b80736c5c252a99fe36b98,e643d3e6c7ce73cb708219897dc75a2b997a994cec60116da829f8535b4bcf94,12.730309103033505,0.19144461897667497,4180,1536,
r1,fx,sha256:9184f49ee35fa748ecf4d898eb06058d2f499b8348b80736c5c252a99fe36b98,wavpackhh-concat,8732070,8721020,11034,16,1,9184f49ee35fa748ecf4d898eb06058d2f499b8348b80736c5c252a99fe36b98,884936afc7fbac8fb39578997ca94430823ae5827563d509e55789f13d77739f,0.3993248799815774,0.3281467219348997,3840,1792,
r1,fx,sha256:9184f49ee35fa748ecf4d898eb06058d2f499b8348b80736c5c252a99fe36b98,wavpackhhx6-concat,8406436,8395386,11034,16,1,9184f49ee35fa748ecf4d898eb06058d2f499b8348b80736c5c252a99fe36b98,82bea6d01a10881906f578be751bee4143867d76676e65cd5a99d71be0448cc3,21.4091491389554,0.2808080390095711,7168,1792,
r1,synth-6,sha256:9a57207ac802bad426435d920b77048ba9dd391797c6a462444c6e375716d36f,original,8479926,8479926,0,0,1,9a57207ac802bad426435d920b77048ba9dd391797c6a462444c6e375716d36f,d6501be66fc3aab94527fb0f9a199729e325fde66cdc14ff564985f0ae4a756a,,0.1767077089753002,,2816,42
r1,synth-6,sha256:9a57207ac802bad426435d920b77048ba9dd391797c6a462444c6e375716d36f,published,8486166,8481847,4303,16,4,9a57207ac802bad426435d920b77048ba9dd391797c6a462444c6e375716d36f,b951265b6d86af8c93148d77e547d36e8015e2d370e5ea58c73937ad1bc9c68a,,0.13583987904712558,,2816,240
r1,synth-6,sha256:9a57207ac802bad426435d920b77048ba9dd391797c6a462444c6e375716d36f,ffmpeg5-30s,8486166,8481847,4303,16,4,9a57207ac802bad426435d920b77048ba9dd391797c6a462444c6e375716d36f,b951265b6d86af8c93148d77e547d36e8015e2d370e5ea58c73937ad1bc9c68a,0.43541520892176777,0.1336211048765108,55552,2816,240
r1,synth-6,sha256:9a57207ac802bad426435d920b77048ba9dd391797c6a462444c6e375716d36f,ffmpeg8-30s,8460558,8456239,4303,16,4,9a57207ac802bad426435d920b77048ba9dd391797c6a462444c6e375716d36f,bbe2c14b93fd5ee31f88fd0e45c46f0b8633aa4a8b1b7eda4214f52f3aa3358e,0.6460624870378524,0.14319361909292638,55552,2816,240
r1,synth-6,sha256:9a57207ac802bad426435d920b77048ba9dd391797c6a462444c6e375716d36f,flac5-30s,8447371,8443052,4303,16,4,9a57207ac802bad426435d920b77048ba9dd391797c6a462444c6e375716d36f,40e700eb0e95e246c3418f5f1e277bcd9de9866639695ed7a5c7aef779570c20,0.14656560018192977,0.13016274897381663,3328,2816,344
r1,synth-6,sha256:9a57207ac802bad426435d920b77048ba9dd391797c6a462444c6e375716d36f,flac8-30s,8360269,8355950,4303,16,4,9a57207ac802bad426435d920b77048ba9dd391797c6a462444c6e375716d36f,2a47e9e3ebbdf7ca73ea132aacab55efe234925a0b001fbdc75291eee26faa69,0.3790470769163221,0.13746489386539906,3328,2816,344
r1,synth-6,sha256:9a57207ac802bad426435d920b77048ba9dd391797c6a462444c6e375716d36f,flac8e-30s,8351286,8346967,4303,16,4,9a57207ac802bad426435d920b77048ba9dd391797c6a462444c6e375716d36f,cf6e1b48fff7b7030c2bc61ad5637b51b29353977b0fb6b3281400671e590dad,1.5013117349008098,0.1385046832729131,3328,2816,344
r1,synth-6,sha256:9a57207ac802bad426435d920b77048ba9dd391797c6a462444c6e375716d36f,flac8e-60s,8350939,8347093,3830,16,2,9a57207ac802bad426435d920b77048ba9dd391797c6a462444c6e375716d36f,dda35a77a30da7eddbe903b602e6d1013f7788cf3de7bb37d0c9b8dab4fca117,1.4985870970413089,0.13626223301980644,3328,2816,172
r1,synth-6,sha256:9a57207ac802bad426435d920b77048ba9dd391797c6a462444c6e375716d36f,flac8e-concat,8351216,8347608,3592,16,1,9a57207ac802bad426435d920b77048ba9dd391797c6a462444c6e375716d36f,9d560acbd69b4e72c451928bd16567109f639da73fe7dfeb1ca0efa03d140928,1.491886758012697,0.13175848801620305,3328,2816,86
r1,synth-6,sha256:9a57207ac802bad426435d920b77048ba9dd391797c6a462444c6e375716d36f,flac8e-dense,8385567,8381948,3603,16,1,9a57207ac802bad426435d920b77048ba9dd391797c6a462444c6e375716d36f,31a3ace2f57818219c1e5082d624197f12ad259db37e9065ddfec4f25dae0acc,1.5668270669411868,0.17241045599803329,3328,2816,86
r1,synth-6,sha256:9a57207ac802bad426435d920b77048ba9dd391797c6a462444c6e375716d36f,wavpack-concat,9302589,9298970,3603,16,1,9a57207ac802bad426435d920b77048ba9dd391797c6a462444c6e375716d36f,d83f95727a5d6fa6ac088500ffd001002d6f875e3935b5ea4520b87f88b452fd,0.21644532505888492,0.1974176170770079,3328,1536,
r1,synth-6,sha256:9a57207ac802bad426435d920b77048ba9dd391797c6a462444c6e375716d36f,wavpackx6-concat,8298101,8294482,3603,16,1,9a57207ac802bad426435d920b77048ba9dd391797c6a462444c6e375716d36f,04992743a98f3851767df4d48407546c32d5bad1c8e14acf659ec56d45bec736,15.906287296907976,0.1957009679172188,4160,1536,
r1,synth-6,sha256:9a57207ac802bad426435d920b77048ba9dd391797c6a462444c6e375716d36f,wavpackhh-concat,9207087,9203468,3603,16,1,9a57207ac802bad426435d920b77048ba9dd391797c6a462444c6e375716d36f,e6e9bce5fd1bc307622a0a6c35fed163c41115ff82de138d4a8bc94cae76a664,0.3792898750398308,0.31307653000112623,3840,1792,
r1,synth-6,sha256:9a57207ac802bad426435d920b77048ba9dd391797c6a462444c6e375716d36f,wavpackhhx6-concat,8241675,8238056,3603,16,1,9a57207ac802bad426435d920b77048ba9dd391797c6a462444c6e375716d36f,4f1a1e977b1862b4a70d33f44d00647a8d087879ef9c89bc4ba4916b18607302,29.04637661203742,0.47372397198341787,7168,1536,
r1,bass,sha256:ba8f39a6c7b1f22bded6ce6d97361a01ce751282b3f1ab08f931b876c6734ae1,original,4174193,4174193,0,0,1,ba8f39a6c7b1f22bded6ce6d97361a01ce751282b3f1ab08f931b876c6734ae1,630e05d9fba27a810d45c8a462cc57b3ddb668f57c44ef9772e528d0d9097756,,0.15366923494730145,,2816,42
r1,bass,sha256:ba8f39a6c7b1f22bded6ce6d97361a01ce751282b3f1ab08f931b876c6734ae1,published,4192048,4186111,5921,16,4,ba8f39a6c7b1f22bded6ce6d97361a01ce751282b3f1ab08f931b876c6734ae1,0724e73b3b3f737deedd3dfe685be7323674596cef963ec5331a1eab19700bd3,,0.12077290215529501,,2816,240
r1,bass,sha256:ba8f39a6c7b1f22bded6ce6d97361a01ce751282b3f1ab08f931b876c6734ae1,ffmpeg5-30s,4192048,4186111,5921,16,4,ba8f39a6c7b1f22bded6ce6d97361a01ce751282b3f1ab08f931b876c6734ae1,0724e73b3b3f737deedd3dfe685be7323674596cef963ec5331a1eab19700bd3,0.4069923418574035,0.11948428105097264,55552,2816,240
r1,bass,sha256:ba8f39a6c7b1f22bded6ce6d97361a01ce751282b3f1ab08f931b876c6734ae1,ffmpeg8-30s,4172182,4166245,5921,16,4,ba8f39a6c7b1f22bded6ce6d97361a01ce751282b3f1ab08f931b876c6734ae1,ec6618b77dfab957608f6bc17f8f3713bdc4ae4283f4180a16519affc267b5c4,0.5436726697953418,0.1217942259972915,55552,2816,240
r1,bass,sha256:ba8f39a6c7b1f22bded6ce6d97361a01ce751282b3f1ab08f931b876c6734ae1,flac5-30s,3921886,3915950,5920,16,4,ba8f39a6c7b1f22bded6ce6d97361a01ce751282b3f1ab08f931b876c6734ae1,e8745d51ada5ad26cf1706a83c6edc7be769ca965076110a97886f70c5e8e072,0.13114056212361902,0.11342714680358768,3328,2816,344
r1,bass,sha256:ba8f39a6c7b1f22bded6ce6d97361a01ce751282b3f1ab08f931b876c6734ae1,flac8-30s,3857403,3851467,5920,16,4,ba8f39a6c7b1f22bded6ce6d97361a01ce751282b3f1ab08f931b876c6734ae1,96a1ff62ca6caaf0a7a5f1922b1d19bbd65c2764b1e83e1d9f30a281abc250ad,0.3105201459256932,0.11726836988236755,3328,2816,344
r1,bass,sha256:ba8f39a6c7b1f22bded6ce6d97361a01ce751282b3f1ab08f931b876c6734ae1,flac8e-30s,3843271,3837335,5920,16,4,ba8f39a6c7b1f22bded6ce6d97361a01ce751282b3f1ab08f931b876c6734ae1,b41719aebf38ba5dd9ac7f1a59bc369bf616e27fe05c2596ed8a21f7e51291d6,1.2687761511188,0.11912617506459355,3328,2816,344
r1,bass,sha256:ba8f39a6c7b1f22bded6ce6d97361a01ce751282b3f1ab08f931b876c6734ae1,flac8e-60s,3842080,3836615,5449,16,2,ba8f39a6c7b1f22bded6ce6d97361a01ce751282b3f1ab08f931b876c6734ae1,4750b4b6f5c9fafa61001ca22261bef7801d8c1e5f01ea151dce3bb111f37667,1.2641155460150912,0.11529271793551743,3328,2816,172
r1,bass,sha256:ba8f39a6c7b1f22bded6ce6d97361a01ce751282b3f1ab08f931b876c6734ae1,flac8e-concat,3841596,3836369,5211,16,1,ba8f39a6c7b1f22bded6ce6d97361a01ce751282b3f1ab08f931b876c6734ae1,55ea5514bcc48dd7d9b05e92df74d72890d3d22a57321e07699284a5d22ff8b5,1.263604981941171,0.11265606805682182,3072,2816,86
r1,bass,sha256:ba8f39a6c7b1f22bded6ce6d97361a01ce751282b3f1ab08f931b876c6734ae1,flac8e-dense,3874500,3869262,5222,16,1,ba8f39a6c7b1f22bded6ce6d97361a01ce751282b3f1ab08f931b876c6734ae1,6896a98c649a77f9acaebde8ba396a3fc62e0b5c539a71366fd0e8c112c56db8,1.3350370629923418,0.14950521604623646,3328,2816,86
r1,bass,sha256:ba8f39a6c7b1f22bded6ce6d97361a01ce751282b3f1ab08f931b876c6734ae1,wavpack-concat,5499044,5493806,5222,16,1,ba8f39a6c7b1f22bded6ce6d97361a01ce751282b3f1ab08f931b876c6734ae1,1f8f925d9f7dfdf1934b2959c312437aaadfc8eed2b451683da65ce5c111f717,0.13704360998235643,0.14253769000060856,3584,1536,
r1,bass,sha256:ba8f39a6c7b1f22bded6ce6d97361a01ce751282b3f1ab08f931b876c6734ae1,wavpackx6-concat,3911178,3905940,5222,16,1,ba8f39a6c7b1f22bded6ce6d97361a01ce751282b3f1ab08f931b876c6734ae1,a91b4ad5ed8bf40157b04309729a9aa49ac578fb949285b536c49d3b84848976,10.750018117018044,0.13926395599264652,4156,1536,
r1,bass,sha256:ba8f39a6c7b1f22bded6ce6d97361a01ce751282b3f1ab08f931b876c6734ae1,wavpackhh-concat,5698334,5693096,5222,16,1,ba8f39a6c7b1f22bded6ce6d97361a01ce751282b3f1ab08f931b876c6734ae1,da40a81a37266a0a4aa8f4aa69600281f4ec25d0f28074ee77873bb7f15e8511,0.24894219497218728,0.2500457050045952,4140,1792,
r1,bass,sha256:ba8f39a6c7b1f22bded6ce6d97361a01ce751282b3f1ab08f931b876c6734ae1,wavpackhhx6-concat,3931884,3926646,5222,16,1,ba8f39a6c7b1f22bded6ce6d97361a01ce751282b3f1ab08f931b876c6734ae1,026e95945b6adea5d872a8d095cb40048896bcf83ecf08f823683f46f05871d4,13.293893031892367,0.17256475694011897,7180,1536,
r1,bv_s,sha256:c48e9a6b5621bb213de9d6c0c016c557a4516ba0e02de06deb1141fe7946332f,original,22149667,22149667,0,0,1,c48e9a6b5621bb213de9d6c0c016c557a4516ba0e02de06deb1141fe7946332f,ba0ef79c50c7fbdfcdc56d7e7d88da60bbc20f4b0df599c4dc848aff5d276ab2,,0.21826650202274323,,2816,42
r1,bv_s,sha256:c48e9a6b5621bb213de9d6c0c016c557a4516ba0e02de06deb1141fe7946332f,published,22224639,22223178,1445,16,5,c48e9a6b5621bb213de9d6c0c016c557a4516ba0e02de06deb1141fe7946332f,376641bd8b9d97160d26e9cff6ecce224676f0674d4d5b40e64130cd4200e354,,0.2088655740953982,,2816,300
r1,bv_s,sha256:c48e9a6b5621bb213de9d6c0c016c557a4516ba0e02de06deb1141fe7946332f,ffmpeg5-30s,22224639,22223178,1445,16,5,c48e9a6b5621bb213de9d6c0c016c557a4516ba0e02de06deb1141fe7946332f,376641bd8b9d97160d26e9cff6ecce224676f0674d4d5b40e64130cd4200e354,0.6276530829491094,0.2086645900271833,55552,2816,300
r1,bv_s,sha256:c48e9a6b5621bb213de9d6c0c016c557a4516ba0e02de06deb1141fe7946332f,ffmpeg8-30s,22150595,22149134,1445,16,5,c48e9a6b5621bb213de9d6c0c016c557a4516ba0e02de06deb1141fe7946332f,56c7fca409df1b70cb0d23cab03d5358113b38959724ec8e7ee936c4f27fa64e,0.9476000859867781,0.228570899926126,55552,2816,300
r1,bv_s,sha256:c48e9a6b5621bb213de9d6c0c016c557a4516ba0e02de06deb1141fe7946332f,flac5-30s,22177630,22176169,1445,16,5,c48e9a6b5621bb213de9d6c0c016c557a4516ba0e02de06deb1141fe7946332f,8d849155e6addf7be5c661eac9f56543d2f2766c6bd590e65622279efaf2c9d9,0.23211741214618087,0.20567125990055501,3328,2816,430
r1,bv_s,sha256:c48e9a6b5621bb213de9d6c0c016c557a4516ba0e02de06deb1141fe7946332f,flac8-30s,22077387,22075926,1445,16,5,c48e9a6b5621bb213de9d6c0c016c557a4516ba0e02de06deb1141fe7946332f,eb16191a90f4a5dac1a1e48908acb1e31cf00bfe59ca990fbd5907f627904293,0.6203483921708539,0.2239115509437397,3328,2816,430
r1,bv_s,sha256:c48e9a6b5621bb213de9d6c0c016c557a4516ba0e02de06deb1141fe7946332f,flac8e-30s,22073511,22072050,1445,16,5,c48e9a6b5621bb213de9d6c0c016c557a4516ba0e02de06deb1141fe7946332f,893dff49f22ef14a70bf1513a6bfc53fb692347a1fb9f7259388eeb01e4931fa,2.3332341979257762,0.2237800289876759,3328,2816,430
r1,bv_s,sha256:c48e9a6b5621bb213de9d6c0c016c557a4516ba0e02de06deb1141fe7946332f,flac8e-60s,22072639,22071655,968,16,3,c48e9a6b5621bb213de9d6c0c016c557a4516ba0e02de06deb1141fe7946332f,e5d76a4ce056e2f92255f1717ff70b4411805ef4abe8f481dac2c8488043c69c,2.3331364389741793,0.21987496281508356,3328,2816,258
r1,bv_s,sha256:c48e9a6b5621bb213de9d6c0c016c557a4516ba0e02de06deb1141fe7946332f,flac8e-concat,22072357,22071848,493,16,1,c48e9a6b5621bb213de9d6c0c016c557a4516ba0e02de06deb1141fe7946332f,a6bd2b0906218fbd8bfba61658f60c4a2294058dedb10bad441bffebbdf24bcf,2.3250703969970345,0.21735370310489088,3328,2816,86
r1,bv_s,sha256:c48e9a6b5621bb213de9d6c0c016c557a4516ba0e02de06deb1141fe7946332f,flac8e-dense,22068974,22068454,504,16,1,c48e9a6b5621bb213de9d6c0c016c557a4516ba0e02de06deb1141fe7946332f,539134bed418073d7a3219037a2e93fb50fb5a79da64c4d09dac8610a68ff6ca,2.3265166379278526,0.21647795499302447,3328,2560,86
r1,bv_s,sha256:c48e9a6b5621bb213de9d6c0c016c557a4516ba0e02de06deb1141fe7946332f,wavpack-concat,22240828,22240308,504,16,1,c48e9a6b5621bb213de9d6c0c016c557a4516ba0e02de06deb1141fe7946332f,7d1a5c77371b2f079f3b8e0da313982182a7df326c493e11887da5083b572257,0.35159681004006416,0.3184111869195476,3328,1536,
r1,bv_s,sha256:c48e9a6b5621bb213de9d6c0c016c557a4516ba0e02de06deb1141fe7946332f,wavpackx6-concat,22025288,22024768,504,16,1,c48e9a6b5621bb213de9d6c0c016c557a4516ba0e02de06deb1141fe7946332f,c4bd1aa52b501913c28a5aff1034a88e584a64b0384029906b84a171ea63f240,18.43334671901539,0.3135608700104058,4144,1536,
r1,bv_s,sha256:c48e9a6b5621bb213de9d6c0c016c557a4516ba0e02de06deb1141fe7946332f,wavpackhh-concat,21907524,21907004,504,16,1,c48e9a6b5621bb213de9d6c0c016c557a4516ba0e02de06deb1141fe7946332f,df71e7e25b37e657140947f9d2a4ed875a2a4e2f93b10560d57d9e847aaa73cf,0.6010470259934664,0.4863526080735028,3840,1792,
r1,bv_s,sha256:c48e9a6b5621bb213de9d6c0c016c557a4516ba0e02de06deb1141fe7946332f,wavpackhhx6-concat,21810324,21809804,504,16,1,c48e9a6b5621bb213de9d6c0c016c557a4516ba0e02de06deb1141fe7946332f,6a3d3a0cc7c74f241e2fcc22434da0eeb0912ffb914aa6771ae5595f492e0ff1,38.19813676306512,0.4756449740380049,7168,1792,
r1,guitar,sha256:e5c44270be4bd0862850977ef3d8a06f1b3803d75c276bb243139bae1f56db62,original,8486496,8486496,0,0,1,e5c44270be4bd0862850977ef3d8a06f1b3803d75c276bb243139bae1f56db62,eeec40ac53571e56d1515de7d309c00b8e86e8e90a576788333ed4ebd4b1c402,,0.20047750207595527,,2816,42
r1,guitar,sha256:e5c44270be4bd0862850977ef3d8a06f1b3803d75c276bb243139bae1f56db62,published,8521302,8519846,1440,16,5,e5c44270be4bd0862850977ef3d8a06f1b3803d75c276bb243139bae1f56db62,bbed614e9d8020e592657fd6e8ce726f89eb1d5a42317bd58c04b0bd7457df97,,0.20226904388982803,,2816,300
r1,guitar,sha256:e5c44270be4bd0862850977ef3d8a06f1b3803d75c276bb243139bae1f56db62,ffmpeg5-30s,8521302,8519846,1440,16,5,e5c44270be4bd0862850977ef3d8a06f1b3803d75c276bb243139bae1f56db62,bbed614e9d8020e592657fd6e8ce726f89eb1d5a42317bd58c04b0bd7457df97,0.6163062440464273,0.2007802271982655,55552,2816,300
r1,guitar,sha256:e5c44270be4bd0862850977ef3d8a06f1b3803d75c276bb243139bae1f56db62,ffmpeg8-30s,8497754,8496298,1440,16,5,e5c44270be4bd0862850977ef3d8a06f1b3803d75c276bb243139bae1f56db62,1c34d9323ce3813bc9c91cbcbe3f9d2a780926191ef1c3b5ecaa4de1b182a143,0.9357536449097097,0.2130439889151603,55808,2816,300
r1,guitar,sha256:e5c44270be4bd0862850977ef3d8a06f1b3803d75c276bb243139bae1f56db62,flac5-30s,8517693,8516237,1440,16,5,e5c44270be4bd0862850977ef3d8a06f1b3803d75c276bb243139bae1f56db62,7382e83ce7c1ecfe2b4df968a3ac03971f549aa708ee60eecd437e780c20b385,0.21151290100533515,0.20197595306672156,3328,2816,430
r1,guitar,sha256:e5c44270be4bd0862850977ef3d8a06f1b3803d75c276bb243139bae1f56db62,flac8-30s,8480935,8479479,1440,16,5,e5c44270be4bd0862850977ef3d8a06f1b3803d75c276bb243139bae1f56db62,9543eee5ccd94886843840c2784f29cf8614e719771d4c056e41bf4fb71be5f3,0.5926815540296957,0.2109761310275644,3328,2816,430
r1,guitar,sha256:e5c44270be4bd0862850977ef3d8a06f1b3803d75c276bb243139bae1f56db62,flac8e-30s,8479698,8478242,1440,16,5,e5c44270be4bd0862850977ef3d8a06f1b3803d75c276bb243139bae1f56db62,bfb205fc540e50309bdb08c5789aad476119c4838e519ae256dceb785fa42721,2.2962926881155,0.2065478479489684,3328,2816,430
r1,guitar,sha256:e5c44270be4bd0862850977ef3d8a06f1b3803d75c276bb243139bae1f56db62,flac8e-60s,8479269,8478289,964,16,3,e5c44270be4bd0862850977ef3d8a06f1b3803d75c276bb243139bae1f56db62,fe745b73b53d3b7abb43f65dba8adcf28c491aae6c5ea6e7508e629942490210,2.30449586303439,0.20319743000436574,3328,2816,258
r1,guitar,sha256:e5c44270be4bd0862850977ef3d8a06f1b3803d75c276bb243139bae1f56db62,flac8e-concat,8478801,8478296,489,16,1,e5c44270be4bd0862850977ef3d8a06f1b3803d75c276bb243139bae1f56db62,46e49f949eaf314ad4459fb0f19e746d9fc8b699c43e023f40646815875fc1d5,2.2849547560326755,0.19827323406934738,3328,2816,86
r1,guitar,sha256:e5c44270be4bd0862850977ef3d8a06f1b3803d75c276bb243139bae1f56db62,flac8e-dense,8478812,8478296,500,16,1,e5c44270be4bd0862850977ef3d8a06f1b3803d75c276bb243139bae1f56db62,c595dba88c2994e8791c5f28d41e9569ba890fe0d5fbd6c1870b6f85bcb1b73d,2.29261719097849,0.1997210099361837,3328,2816,86
r1,guitar,sha256:e5c44270be4bd0862850977ef3d8a06f1b3803d75c276bb243139bae1f56db62,wavpack-concat,8948180,8947664,500,16,1,e5c44270be4bd0862850977ef3d8a06f1b3803d75c276bb243139bae1f56db62,207fbd47efd3d3de1d1077b4e85b07112d77b6322b2c30afd95dd0cf819034ec,0.3343430180102587,0.30593885900452733,3328,1536,
r1,guitar,sha256:e5c44270be4bd0862850977ef3d8a06f1b3803d75c276bb243139bae1f56db62,wavpackx6-concat,8658400,8657884,500,16,1,e5c44270be4bd0862850977ef3d8a06f1b3803d75c276bb243139bae1f56db62,3d451a0cd60fd5efc9a09c2abf66f7bdcde8ccfa6d95fd33ba5d56d7763f54a0,26.25932582002133,0.2868674750206992,4144,1536,
r1,guitar,sha256:e5c44270be4bd0862850977ef3d8a06f1b3803d75c276bb243139bae1f56db62,wavpackhh-concat,8624932,8624416,500,16,1,e5c44270be4bd0862850977ef3d8a06f1b3803d75c276bb243139bae1f56db62,6adb829690c023ecac54da14ce474f5d4f39c932bcf5d5940998f1e7b809359f,0.5894569730153307,0.4766844960395247,3840,1792,
r1,guitar,sha256:e5c44270be4bd0862850977ef3d8a06f1b3803d75c276bb243139bae1f56db62,wavpackhhx6-concat,8495720,8495204,500,16,1,e5c44270be4bd0862850977ef3d8a06f1b3803d75c276bb243139bae1f56db62,8bb4d7b5bd1fce8265e4cbda0b8a05c19541e5ef94e785ab3cc522e6f15706ce,46.42311089602299,0.47668308403808624,6956,1792,
r2,chorus-vox,sha256:1d0544c63bf19bcc8d8b663d73fb9b206f9d107d52f7729ead8fce52aaa9be71,original,8168410,8168410,0,0,1,1d0544c63bf19bcc8d8b663d73fb9b206f9d107d52f7729ead8fce52aaa9be71,96193db74f57c4be05b079fb50617f160c34b40866fc0eb4ed36110de63a7ba1,,0.1637556350324303,,2816,42
r2,chorus-vox,sha256:1d0544c63bf19bcc8d8b663d73fb9b206f9d107d52f7729ead8fce52aaa9be71,published,8160464,8158425,2023,16,2,1d0544c63bf19bcc8d8b663d73fb9b206f9d107d52f7729ead8fce52aaa9be71,8d362e54f87faa3382aeb656cf0b02de703b723e5fac086b1434e578622feee3,,0.0863137039123103,,2816,120
r2,chorus-vox,sha256:1d0544c63bf19bcc8d8b663d73fb9b206f9d107d52f7729ead8fce52aaa9be71,ffmpeg5-30s,8160464,8158425,2023,16,2,1d0544c63bf19bcc8d8b663d73fb9b206f9d107d52f7729ead8fce52aaa9be71,8d362e54f87faa3382aeb656cf0b02de703b723e5fac086b1434e578622feee3,0.26157255901489407,0.08553875691723078,55552,2816,120
r2,chorus-vox,sha256:1d0544c63bf19bcc8d8b663d73fb9b206f9d107d52f7729ead8fce52aaa9be71,ffmpeg8-30s,8140873,8138834,2023,16,2,1d0544c63bf19bcc8d8b663d73fb9b206f9d107d52f7729ead8fce52aaa9be71,23f2ce0adaf3b48b8905d447f5a7478d5d876781c2ce1df7bcf3573a852d0a2b,0.38441499997861683,0.08795718103647232,55808,2816,120
r2,chorus-vox,sha256:1d0544c63bf19bcc8d8b663d73fb9b206f9d107d52f7729ead8fce52aaa9be71,flac5-30s,8138369,8136330,2023,16,2,1d0544c63bf19bcc8d8b663d73fb9b206f9d107d52f7729ead8fce52aaa9be71,e507183c977631fb76a11f501267f191940306fb78320ab1a239d45e3ea406b5,0.09125415899325162,0.08249120705295354,3328,2816,172
r2,chorus-vox,sha256:1d0544c63bf19bcc8d8b663d73fb9b206f9d107d52f7729ead8fce52aaa9be71,flac8-30s,8075028,8072989,2023,16,2,1d0544c63bf19bcc8d8b663d73fb9b206f9d107d52f7729ead8fce52aaa9be71,1175b04ce3240ff04bfe1699ad225a10556c5dab1a45105065f492e0c641fef0,0.23205026087816805,0.08677673398051411,3328,2816,172
r2,chorus-vox,sha256:1d0544c63bf19bcc8d8b663d73fb9b206f9d107d52f7729ead8fce52aaa9be71,flac8e-30s,8069025,8066986,2023,16,2,1d0544c63bf19bcc8d8b663d73fb9b206f9d107d52f7729ead8fce52aaa9be71,871fde29e7e7d24cc975b619ce436ab9a185bf771dcb5f889b6cdd20c261bbfe,0.910852687084116,0.08701177209150046,3328,2816,172
r2,chorus-vox,sha256:1d0544c63bf19bcc8d8b663d73fb9b206f9d107d52f7729ead8fce52aaa9be71,flac8e-60s,8068580,8066779,1785,16,1,1d0544c63bf19bcc8d8b663d73fb9b206f9d107d52f7729ead8fce52aaa9be71,7e2b4348829faa4d81b338690f8f9c10efc90a0358167b18fc19282665afb532,0.9101807760307565,0.0845660149352625,3328,2816,86
r2,chorus-vox,sha256:1d0544c63bf19bcc8d8b663d73fb9b206f9d107d52f7729ead8fce52aaa9be71,flac8e-concat,8068580,8066779,1785,16,1,1d0544c63bf19bcc8d8b663d73fb9b206f9d107d52f7729ead8fce52aaa9be71,7e2b4348829faa4d81b338690f8f9c10efc90a0358167b18fc19282665afb532,0.9103434659773484,0.08289879106450826,3328,2816,86
r2,chorus-vox,sha256:1d0544c63bf19bcc8d8b663d73fb9b206f9d107d52f7729ead8fce52aaa9be71,flac8e-dense,8097925,8096113,1796,16,1,1d0544c63bf19bcc8d8b663d73fb9b206f9d107d52f7729ead8fce52aaa9be71,62f68616cab2bca5243b6c57bd398cecd788fb964b000ed73d649b4c6ca3048d,1.004917714977637,0.16132021800149232,3328,2816,86
r2,chorus-vox,sha256:1d0544c63bf19bcc8d8b663d73fb9b206f9d107d52f7729ead8fce52aaa9be71,wavpack-concat,8145250,8143438,1796,16,1,1d0544c63bf19bcc8d8b663d73fb9b206f9d107d52f7729ead8fce52aaa9be71,a519fd0a36dfcc7f283f3c386e8638ce1a66273329a5187e4351f995e8807db2,0.1370843950426206,0.1215101929847151,3584,1792,
r2,chorus-vox,sha256:1d0544c63bf19bcc8d8b663d73fb9b206f9d107d52f7729ead8fce52aaa9be71,wavpackx6-concat,8083322,8081510,1796,16,1,1d0544c63bf19bcc8d8b663d73fb9b206f9d107d52f7729ead8fce52aaa9be71,702f1954786a4dbd75008f81a5756b881a047fcc70f437bf9362ed41c29e46ac,9.00480381399393,0.19812508998438716,4176,1792,
r2,chorus-vox,sha256:1d0544c63bf19bcc8d8b663d73fb9b206f9d107d52f7729ead8fce52aaa9be71,wavpackhh-concat,8096562,8094750,1796,16,1,1d0544c63bf19bcc8d8b663d73fb9b206f9d107d52f7729ead8fce52aaa9be71,7f37be7821ff836bc824c79f3c60a072cb646b9c17021824dc07f28ae7381eb2,0.3412598230643198,0.2947371799964458,4164,1792,
r2,chorus-vox,sha256:1d0544c63bf19bcc8d8b663d73fb9b206f9d107d52f7729ead8fce52aaa9be71,wavpackhhx6-concat,8054276,8052464,1796,16,1,1d0544c63bf19bcc8d8b663d73fb9b206f9d107d52f7729ead8fce52aaa9be71,a28be607172914567b5f47b97079ddddc0f6dcf5641578e361aae1abe6ecda74,11.817137878970243,0.19293640996329486,7168,1792,
r2,fx,sha256:2bf5cb8199b9d347a6a94d10c52b770148efda9073069e4aeeafaa866030a846,original,11677245,11677245,0,0,1,2bf5cb8199b9d347a6a94d10c52b770148efda9073069e4aeeafaa866030a846,a42465b6640b96f610cc7220b75f83d6aa9eb15d67cf8bacf7fc0ec86d8f8642,,0.30181844206526875,,2560,42
r2,fx,sha256:2bf5cb8199b9d347a6a94d10c52b770148efda9073069e4aeeafaa866030a846,published,11902612,11898546,4050,16,5,2bf5cb8199b9d347a6a94d10c52b770148efda9073069e4aeeafaa866030a846,923e90cac9e3529b8391dc51e5899dd7d1f98d4464d005c8a6fed87e2c2ba745,,0.4738627270562574,,2816,300
r2,fx,sha256:2bf5cb8199b9d347a6a94d10c52b770148efda9073069e4aeeafaa866030a846,ffmpeg5-30s,11902612,11898546,4050,16,5,2bf5cb8199b9d347a6a94d10c52b770148efda9073069e4aeeafaa866030a846,923e90cac9e3529b8391dc51e5899dd7d1f98d4464d005c8a6fed87e2c2ba745,1.6323233040748164,0.2979264521272853,55552,2816,300
r2,fx,sha256:2bf5cb8199b9d347a6a94d10c52b770148efda9073069e4aeeafaa866030a846,ffmpeg8-30s,11723569,11719503,4050,16,5,2bf5cb8199b9d347a6a94d10c52b770148efda9073069e4aeeafaa866030a846,b5201a9259c4e43c45296123786b5cde061e8fe47e3d5e9723cb3f0c7f9497ba,1.8284467309713364,0.2405169791309163,55552,2816,300
r2,fx,sha256:2bf5cb8199b9d347a6a94d10c52b770148efda9073069e4aeeafaa866030a846,flac5-30s,11672668,11668602,4050,16,5,2bf5cb8199b9d347a6a94d10c52b770148efda9073069e4aeeafaa866030a846,8c2b7f9dfb2c86b35999c5673ef0aecd00c803565fdd7160c098322aae7142b3,0.2439138952177018,0.20101431082002819,3328,2816,430
r2,fx,sha256:2bf5cb8199b9d347a6a94d10c52b770148efda9073069e4aeeafaa866030a846,flac8-30s,11380969,11376903,4050,16,5,2bf5cb8199b9d347a6a94d10c52b770148efda9073069e4aeeafaa866030a846,3ba5811911980b3e12d175852722ed72903052bad31f8cd0dfde9b2d0b92a7c5,0.6317074139369652,0.19934069504961371,3328,2816,430
r2,fx,sha256:2bf5cb8199b9d347a6a94d10c52b770148efda9073069e4aeeafaa866030a846,flac8e-30s,11363291,11359225,4050,16,5,2bf5cb8199b9d347a6a94d10c52b770148efda9073069e4aeeafaa866030a846,a625acbd5884bbda2f0108135e66889da6b37559e35aa75b2be10bc84557c489,2.394905785098672,0.18266721908003092,3328,2816,430
r2,fx,sha256:2bf5cb8199b9d347a6a94d10c52b770148efda9073069e4aeeafaa866030a846,flac8e-60s,11362937,11359347,3574,16,3,2bf5cb8199b9d347a6a94d10c52b770148efda9073069e4aeeafaa866030a846,f9c1ade6bf0e6ad527043cd7168b0e7a8547b9aecd7af85cbcb278da69e83f30,2.3483108410146087,0.17825337499380112,3328,2816,258
r2,fx,sha256:2bf5cb8199b9d347a6a94d10c52b770148efda9073069e4aeeafaa866030a846,flac8e-concat,11362496,11359380,3100,16,1,2bf5cb8199b9d347a6a94d10c52b770148efda9073069e4aeeafaa866030a846,73d3ee202574d2f570306445cda94b93c915f7a4a4b59bdd4b338d38eeea46cb,2.3272791559575126,0.17262632201891392,3328,2816,86
r2,fx,sha256:2bf5cb8199b9d347a6a94d10c52b770148efda9073069e4aeeafaa866030a846,flac8e-dense,11398231,11395104,3111,16,1,2bf5cb8199b9d347a6a94d10c52b770148efda9073069e4aeeafaa866030a846,2171965a750cb1085909f75ff67926df8113f028da908caa07221a43e08cbb43,2.408338751993142,0.19666013901587576,3328,2816,86
r2,fx,sha256:2bf5cb8199b9d347a6a94d10c52b770148efda9073069e4aeeafaa866030a846,wavpack-concat,12160227,12157100,3111,16,1,2bf5cb8199b9d347a6a94d10c52b770148efda9073069e4aeeafaa866030a846,2e1e59066f155f1539c8d6d195b8c542f6c64323ec140afa5f157d542c26712a,0.27397641097195446,0.26860100601334125,3328,1536,
r2,fx,sha256:2bf5cb8199b9d347a6a94d10c52b770148efda9073069e4aeeafaa866030a846,wavpackx6-concat,11519351,11516224,3111,16,1,2bf5cb8199b9d347a6a94d10c52b770148efda9073069e4aeeafaa866030a846,9edf8513101dda3276d5e98fae6b0475703678174d73c65f2a4552b3d89b2aa7,15.75467178504914,0.23650444601662457,4156,1536,
r2,fx,sha256:2bf5cb8199b9d347a6a94d10c52b770148efda9073069e4aeeafaa866030a846,wavpackhh-concat,11883463,11880336,3111,16,1,2bf5cb8199b9d347a6a94d10c52b770148efda9073069e4aeeafaa866030a846,3caf02b680ae4b5493f632cc974c59b2b18d96478fbe5fb253405f45d71906fa,0.493288433062844,0.40227054501883686,3840,1792,
r2,fx,sha256:2bf5cb8199b9d347a6a94d10c52b770148efda9073069e4aeeafaa866030a846,wavpackhhx6-concat,11122685,11119558,3111,16,1,2bf5cb8199b9d347a6a94d10c52b770148efda9073069e4aeeafaa866030a846,f86c0fee78b3a2d5b0d04b5fb0217194fa61c1051dc530a51965b4794976dc09,27.028460238943808,0.35631302394904196,7168,1792,
r2,intro,sha256:43413b8b197ba8a6be8b706e5173fb5246f4c60c414557dc552d9c65239f9340,original,6468859,6468859,0,0,1,43413b8b197ba8a6be8b706e5173fb5246f4c60c414557dc552d9c65239f9340,1100f624ff57aa713e9f175d5b9dc0ba7436e287ae8b1c584a1793755fd9ad34,,0.15885088499635458,,2816,42
r2,intro,sha256:43413b8b197ba8a6be8b706e5173fb5246f4c60c414557dc552d9c65239f9340,published,6570607,6569425,1166,16,2,43413b8b197ba8a6be8b706e5173fb5246f4c60c414557dc552d9c65239f9340,fb0f51368322c108b509587ac654afa7af32725b5a446021a86b8bbb572e6c14,,0.06415428302716464,,2816,120
r2,intro,sha256:43413b8b197ba8a6be8b706e5173fb5246f4c60c414557dc552d9c65239f9340,ffmpeg5-30s,6570607,6569425,1166,16,2,43413b8b197ba8a6be8b706e5173fb5246f4c60c414557dc552d9c65239f9340,fb0f51368322c108b509587ac654afa7af32725b5a446021a86b8bbb572e6c14,0.2338512180140242,0.0639016309287399,55552,2816,120
r2,intro,sha256:43413b8b197ba8a6be8b706e5173fb5246f4c60c414557dc552d9c65239f9340,ffmpeg8-30s,6449384,6448202,1166,16,2,43413b8b197ba8a6be8b706e5173fb5246f4c60c414557dc552d9c65239f9340,420bfb35d009e31b358fd8f263583fde4ce1bdcbf4d8eda51ce69247ece64a6d,0.3357026509474963,0.07102530496194959,55552,2816,120
r2,intro,sha256:43413b8b197ba8a6be8b706e5173fb5246f4c60c414557dc552d9c65239f9340,flac5-30s,6555027,6553845,1166,16,2,43413b8b197ba8a6be8b706e5173fb5246f4c60c414557dc552d9c65239f9340,f0a156340edc14accae2ed5297556e4fddd9916169ab55dbdae2e7fbac5f97e4,0.0715620859991759,0.0637618760811165,3328,2816,172
r2,intro,sha256:43413b8b197ba8a6be8b706e5173fb5246f4c60c414557dc552d9c65239f9340,flac8-30s,6429692,6428510,1166,16,2,43413b8b197ba8a6be8b706e5173fb5246f4c60c414557dc552d9c65239f9340,53c3a65522081bbdcce78ba2ec67ac966ecdcba2877d4a2bf30bbe84c188ac13,0.20489960594568402,0.07148608204443008,3328,2816,172
r2,intro,sha256:43413b8b197ba8a6be8b706e5173fb5246f4c60c414557dc552d9c65239f9340,flac8e-30s,6429359,6428177,1166,16,2,43413b8b197ba8a6be8b706e5173fb5246f4c60c414557dc552d9c65239f9340,1ebdfb0acc7c777f5dd2a2a2996f98b1d679940371055f0be3bc635418f25f06,0.7011514459736645,0.07187162502668798,3328,2816,172
r2,intro,sha256:43413b8b197ba8a6be8b706e5173fb5246f4c60c414557dc552d9c65239f9340,flac8e-60s,6429168,6428223,929,16,1,43413b8b197ba8a6be8b706e5173fb5246f4c60c414557dc552d9c65239f9340,8c31f220c081fbba88f73ae687ee69186adf5b33961429f48fa5bcf3505bc6e7,0.6913536209613085,0.06891280203126371,3328,2816,86
r2,intro,sha256:43413b8b197ba8a6be8b706e5173fb5246f4c60c414557dc552d9c65239f9340,flac8e-concat,6429168,6428223,929,16,1,43413b8b197ba8a6be8b706e5173fb5246f4c60c414557dc552d9c65239f9340,8c31f220c081fbba88f73ae687ee69186adf5b33961429f48fa5bcf3505bc6e7,0.6864271509693936,0.06822400097735226,3328,2816,86
r2,intro,sha256:43413b8b197ba8a6be8b706e5173fb5246f4c60c414557dc552d9c65239f9340,flac8e-dense,6453440,6452484,940,16,1,43413b8b197ba8a6be8b706e5173fb5246f4c60c414557dc552d9c65239f9340,7695baeff97ade0a4d819dba2e28f15d2589ff1fa4a0caa75ae5fb1a943fd6fb,0.8049095580354333,0.16475462494418025,3328,2816,86
r2,intro,sha256:43413b8b197ba8a6be8b706e5173fb5246f4c60c414557dc552d9c65239f9340,wavpack-concat,6584532,6583576,940,16,1,43413b8b197ba8a6be8b706e5173fb5246f4c60c414557dc552d9c65239f9340,8e883706a0652fb0e84f69f9f342d50308969d3cce965910e8b8649dd91d2669,0.10668371396604925,0.096460429020226,3328,1536,
r2,intro,sha256:43413b8b197ba8a6be8b706e5173fb5246f4c60c414557dc552d9c65239f9340,wavpackx6-concat,6524974,6524018,940,16,1,43413b8b197ba8a6be8b706e5173fb5246f4c60c414557dc552d9c65239f9340,a0da6345cabba89cc4c13219d5df7b8fda29a24f59e875f97004f3773bfe28c4,5.3898091580485925,0.09626374498475343,4176,1536,
r2,intro,sha256:43413b8b197ba8a6be8b706e5173fb5246f4c60c414557dc552d9c65239f9340,wavpackhh-concat,6424268,6423312,940,16,1,43413b8b197ba8a6be8b706e5173fb5246f4c60c414557dc552d9c65239f9340,22c1d8f8a6f0fc3a81b52ce0e6dd852e617492d9a3d58768fd111b3235cd3d80,0.18160455499310046,0.1448364119278267,3840,1792,
r2,intro,sha256:43413b8b197ba8a6be8b706e5173fb5246f4c60c414557dc552d9c65239f9340,wavpackhhx6-concat,6375710,6374754,940,16,1,43413b8b197ba8a6be8b706e5173fb5246f4c60c414557dc552d9c65239f9340,4e81940de9c8e065af90268cf06d2e6d42e51cb1a7dabfa696da84f52c9df918,9.5993634799961,0.14531921001616865,7168,1792,
r2,synth,sha256:820926ccc8557b4cdf81d0c19933f1115dc371d5b53e46ddedb2a87bf4e4e197,original,8032165,8032165,0,0,1,820926ccc8557b4cdf81d0c19933f1115dc371d5b53e46ddedb2a87bf4e4e197,a9df83ec775695699038defd0a6d9fe1d353e2e7f109ea4812312704130ef05f,,0.17046423407737166,,2816,42
r2,synth,sha256:820926ccc8557b4cdf81d0c19933f1115dc371d5b53e46ddedb2a87bf4e4e197,published,8130141,8128228,1897,16,2,820926ccc8557b4cdf81d0c19933f1115dc371d5b53e46ddedb2a87bf4e4e197,f38702c60047f57b06796743e0965aeea081bdfafb09db0a1ad5252d031dfc70,,0.0877236049855128,,2816,120
r2,synth,sha256:820926ccc8557b4cdf81d0c19933f1115dc371d5b53e46ddedb2a87bf4e4e197,ffmpeg5-30s,8130141,8128228,1897,16,2,820926ccc8557b4cdf81d0c19933f1115dc371d5b53e46ddedb2a87bf4e4e197,f38702c60047f57b06796743e0965aeea081bdfafb09db0a1ad5252d031dfc70,0.2912001709919423,0.08671819104347378,55808,2816,120
r2,synth,sha256:820926ccc8557b4cdf81d0c19933f1115dc371d5b53e46ddedb2a87bf4e4e197,ffmpeg8-30s,8019116,8017203,1897,16,2,820926ccc8557b4cdf81d0c19933f1115dc371d5b53e46ddedb2a87bf4e4e197,73f426979e0ab032a6a52616aedc1b8aa87daff73de987a010350493e1d575ec,0.4045444359071553,0.09466253698337823,55808,2816,120
r2,synth,sha256:820926ccc8557b4cdf81d0c19933f1115dc371d5b53e46ddedb2a87bf4e4e197,flac5-30s,8042324,8040411,1897,16,2,820926ccc8557b4cdf81d0c19933f1115dc371d5b53e46ddedb2a87bf4e4e197,02bbfaa7c594197062b30eed5b5e32dd8bf3ca576cdd6fd45ed45fb44fd30767,0.09493153810035437,0.08489052194636315,3328,2816,172
r2,synth,sha256:820926ccc8557b4cdf81d0c19933f1115dc371d5b53e46ddedb2a87bf4e4e197,flac8-30s,7661270,7659357,1897,16,2,820926ccc8557b4cdf81d0c19933f1115dc371d5b53e46ddedb2a87bf4e4e197,8e56102ec0fa6bbc63d59bc9f1161339d16bbd1f557adaffb2eb21467d1e92be,0.2586420848965645,0.09441597701516002,3328,2816,172
r2,synth,sha256:820926ccc8557b4cdf81d0c19933f1115dc371d5b53e46ddedb2a87bf4e4e197,flac8e-30s,7655654,7653741,1897,16,2,820926ccc8557b4cdf81d0c19933f1115dc371d5b53e46ddedb2a87bf4e4e197,dc35478e445754ae2e935d045640e497b368a480fece996224308cf89d6ad0f9,0.9462594880023971,0.09339181799441576,3328,2816,172
r2,synth,sha256:820926ccc8557b4cdf81d0c19933f1115dc371d5b53e46ddedb2a87bf4e4e197,flac8e-60s,7655400,7653725,1659,16,1,820926ccc8557b4cdf81d0c19933f1115dc371d5b53e46ddedb2a87bf4e4e197,f8bc11048c72814fbeebd69f79a1c44628f2f824c504cfe0c1bba59e895bb4e6,0.9488429349148646,0.091088761924766,3328,2816,86
r2,synth,sha256:820926ccc8557b4cdf81d0c19933f1115dc371d5b53e46ddedb2a87bf4e4e197,flac8e-concat,7655400,7653725,1659,16,1,820926ccc8557b4cdf81d0c19933f1115dc371d5b53e46ddedb2a87bf4e4e197,f8bc11048c72814fbeebd69f79a1c44628f2f824c504cfe0c1bba59e895bb4e6,0.9592884019948542,0.09119486401323229,3328,2816,86
r2,synth,sha256:820926ccc8557b4cdf81d0c19933f1115dc371d5b53e46ddedb2a87bf4e4e197,flac8e-dense,7688688,7687002,1670,16,1,820926ccc8557b4cdf81d0c19933f1115dc371d5b53e46ddedb2a87bf4e4e197,0b2dd621bf5069010d870e4dd2cfa427f876954225b6ff99fb8ce23ddcaaada7,1.0408348159398884,0.18066483398433775,3072,2816,86
r2,synth,sha256:820926ccc8557b4cdf81d0c19933f1115dc371d5b53e46ddedb2a87bf4e4e197,wavpack-concat,8082756,8081070,1670,16,1,820926ccc8557b4cdf81d0c19933f1115dc371d5b53e46ddedb2a87bf4e4e197,ad9284f872e36db2429dcbd254c05c2c66350fa64b8feeb5549b209e409f57b9,0.14861522591672838,0.12901081098243594,3328,1792,
r2,synth,sha256:820926ccc8557b4cdf81d0c19933f1115dc371d5b53e46ddedb2a87bf4e4e197,wavpackx6-concat,7928244,7926558,1670,16,1,820926ccc8557b4cdf81d0c19933f1115dc371d5b53e46ddedb2a87bf4e4e197,dfcff8346f9e917950291cbf962bd36588f0907885abcc78db5e70fd8bfcc139,7.029798406991176,0.123334233998321,4172,1792,
r2,synth,sha256:820926ccc8557b4cdf81d0c19933f1115dc371d5b53e46ddedb2a87bf4e4e197,wavpackhh-concat,7870562,7868876,1670,16,1,820926ccc8557b4cdf81d0c19933f1115dc371d5b53e46ddedb2a87bf4e4e197,860b7f44357abe97375d41c3953ff08e877dd48b96a9cef8aa7c7be07f1f6ae1,0.24252164096105844,0.20130749500822276,3840,1792,
r2,synth,sha256:820926ccc8557b4cdf81d0c19933f1115dc371d5b53e46ddedb2a87bf4e4e197,wavpackhhx6-concat,7763618,7761932,1670,16,1,820926ccc8557b4cdf81d0c19933f1115dc371d5b53e46ddedb2a87bf4e4e197,d431cbf9d1e31339707745f31a0f7fdf663ff966ca73dc4049f4be5146bd44bc,13.928615732933395,0.18768297496717423,7168,1792,
r2,drums,sha256:8faf64b1ebce116931951541fcb35fd000fc9b5f929ae15e47c30ae8666b76a0,original,12439191,12439191,0,0,1,8faf64b1ebce116931951541fcb35fd000fc9b5f929ae15e47c30ae8666b76a0,4e3eaaad3ded7df79789ba5afb2ed128820d27392aed17570ecddd975c5a6067,,0.19705301499925554,,2816,42
r2,drums,sha256:8faf64b1ebce116931951541fcb35fd000fc9b5f929ae15e47c30ae8666b76a0,published,12645993,12644314,1663,16,4,8faf64b1ebce116931951541fcb35fd000fc9b5f929ae15e47c30ae8666b76a0,69befa627f81231a5e2ae65a616d2c79b35b745794408756eff9799a5da9a209,,0.16273148998152465,,2816,240
r2,drums,sha256:8faf64b1ebce116931951541fcb35fd000fc9b5f929ae15e47c30ae8666b76a0,ffmpeg5-30s,12645993,12644314,1663,16,4,8faf64b1ebce116931951541fcb35fd000fc9b5f929ae15e47c30ae8666b76a0,69befa627f81231a5e2ae65a616d2c79b35b745794408756eff9799a5da9a209,0.4953226731158793,0.16084361693356186,55552,2816,240
r2,drums,sha256:8faf64b1ebce116931951541fcb35fd000fc9b5f929ae15e47c30ae8666b76a0,ffmpeg8-30s,12501200,12499521,1663,16,4,8faf64b1ebce116931951541fcb35fd000fc9b5f929ae15e47c30ae8666b76a0,5f7597dafbc02ac9370c8ef0122f6246f96c972121796e8902664f90ee0314fc,0.7898850861238316,0.17346893495414406,55808,2816,240
r2,drums,sha256:8faf64b1ebce116931951541fcb35fd000fc9b5f929ae15e47c30ae8666b76a0,flac5-30s,11757112,11755433,1663,16,4,8faf64b1ebce116931951541fcb35fd000fc9b5f929ae15e47c30ae8666b76a0,69428c1204eb0b424da85972e1bf46614d18442e71ad7a52c14148a4448e01cc,0.17340692598372698,0.15044841601047665,3328,2816,344
r2,drums,sha256:8faf64b1ebce116931951541fcb35fd000fc9b5f929ae15e47c30ae8666b76a0,flac8-30s,11317590,11315911,1663,16,4,8faf64b1ebce116931951541fcb35fd000fc9b5f929ae15e47c30ae8666b76a0,bafccf270f2e5fed7750a002bbccb6a6aabc7a3bfe0ec8ea94e332098ef810b1,0.4572428847895935,0.16595004010014236,3328,2816,344
r2,drums,sha256:8faf64b1ebce116931951541fcb35fd000fc9b5f929ae15e47c30ae8666b76a0,flac8e-30s,11246494,11244815,1663,16,4,8faf64b1ebce116931951541fcb35fd000fc9b5f929ae15e47c30ae8666b76a0,374044c1e3c0bc1b0de1a48fa4c1aa2c2989fa3e9452b02805b7eb6e7a1b4f6e,1.7997772779781371,0.16080233792308718,3328,2816,344
r2,drums,sha256:8faf64b1ebce116931951541fcb35fd000fc9b5f929ae15e47c30ae8666b76a0,flac8e-60s,11246867,11245663,1188,16,2,8faf64b1ebce116931951541fcb35fd000fc9b5f929ae15e47c30ae8666b76a0,99b1547968eb84c9b2af6d0741c68b0ac7de2d30111ad7e107adcdccbb538e3e,1.7958158340770751,0.16489603207446635,3328,2816,172
r2,drums,sha256:8faf64b1ebce116931951541fcb35fd000fc9b5f929ae15e47c30ae8666b76a0,flac8e-concat,11246697,11245730,951,16,1,8faf64b1ebce116931951541fcb35fd000fc9b5f929ae15e47c30ae8666b76a0,4cf2b0ba94a8e1d15c72d3714cb892f71d4ae5ce5b7dc35ed43b1f1d29b43daa,1.8612729349406436,0.1547529009403661,3328,2816,86
r2,drums,sha256:8faf64b1ebce116931951541fcb35fd000fc9b5f929ae15e47c30ae8666b76a0,flac8e-dense,11264542,11263564,962,16,1,8faf64b1ebce116931951541fcb35fd000fc9b5f929ae15e47c30ae8666b76a0,f28486b603149e80d83a6c73cab4d05703575af4e066da8e1ceaea2f2ded4b52,1.9262361549772322,0.19547986995894462,3328,2816,86
r2,drums,sha256:8faf64b1ebce116931951541fcb35fd000fc9b5f929ae15e47c30ae8666b76a0,wavpack-concat,12087414,12086436,962,16,1,8faf64b1ebce116931951541fcb35fd000fc9b5f929ae15e47c30ae8666b76a0,95c207d44f3a6547ffe8d77745c6f74e85366f237b9633093ed6c9d9fdce6acc,0.27210780000314116,0.24324649095069617,3328,1792,
r2,drums,sha256:8faf64b1ebce116931951541fcb35fd000fc9b5f929ae15e47c30ae8666b76a0,wavpackx6-concat,11580448,11579470,962,16,1,8faf64b1ebce116931951541fcb35fd000fc9b5f929ae15e47c30ae8666b76a0,0b0ed6206581c33aa0960d0d2d5ef97a1b3c721066c15dd06fd73ebf7f609b8e,13.936838670051657,0.22859042696654797,4164,1792,
r2,drums,sha256:8faf64b1ebce116931951541fcb35fd000fc9b5f929ae15e47c30ae8666b76a0,wavpackhh-concat,11913076,11912098,962,16,1,8faf64b1ebce116931951541fcb35fd000fc9b5f929ae15e47c30ae8666b76a0,c32cab7a888596f40818ebb3ba9d21da0d7673c33d9fcdf1cb8195ddc2570c30,0.45724032598081976,0.3770342939533293,3840,1792,
r2,drums,sha256:8faf64b1ebce116931951541fcb35fd000fc9b5f929ae15e47c30ae8666b76a0,wavpackhhx6-concat,11496788,11495810,962,16,1,8faf64b1ebce116931951541fcb35fd000fc9b5f929ae15e47c30ae8666b76a0,9e2635478f43e766b28db87834dd8c7ec469eab048263a0d1fd50f0d73a34abd,26.39398471300956,0.3623699509771541,7168,1792,
r2,vocal-fx,sha256:b613c11eea1c43c0a0fed317bea191d09146b818c4fe8e7a781cec1061b781f1,original,4328379,4328379,0,0,1,b613c11eea1c43c0a0fed317bea191d09146b818c4fe8e7a781cec1061b781f1,f1f4dcf7228030f258bc182246d1a8b2554619d364e6bbd87adecb709fc3f70f,,0.1527200690470636,,2816,42
r2,vocal-fx,sha256:b613c11eea1c43c0a0fed317bea191d09146b818c4fe8e7a781cec1061b781f1,published,4298051,4295635,2400,16,2,b613c11eea1c43c0a0fed317bea191d09146b818c4fe8e7a781cec1061b781f1,c945901708f7f709fa9f4f848e33702b7cb79ef3c399255c9946635f59a769bf,,0.05825330608058721,,2816,120
r2,vocal-fx,sha256:b613c11eea1c43c0a0fed317bea191d09146b818c4fe8e7a781cec1061b781f1,ffmpeg5-30s,4298051,4295635,2400,16,2,b613c11eea1c43c0a0fed317bea191d09146b818c4fe8e7a781cec1061b781f1,c945901708f7f709fa9f4f848e33702b7cb79ef3c399255c9946635f59a769bf,0.1906246249563992,0.05190464993938804,55552,2816,120
r2,vocal-fx,sha256:b613c11eea1c43c0a0fed317bea191d09146b818c4fe8e7a781cec1061b781f1,ffmpeg8-30s,4284762,4282346,2400,16,2,b613c11eea1c43c0a0fed317bea191d09146b818c4fe8e7a781cec1061b781f1,0f6fc6f255b223e2c45a90a185585f3270b020780f3f8c81aded34066df899ec,0.2681291439803317,0.05491671513300389,55808,2816,120
r2,vocal-fx,sha256:b613c11eea1c43c0a0fed317bea191d09146b818c4fe8e7a781cec1061b781f1,flac5-30s,4251499,4249083,2400,16,2,b613c11eea1c43c0a0fed317bea191d09146b818c4fe8e7a781cec1061b781f1,1655f376e0522d5c9c418f492e7d0b3b464f9b4f88e94767b8fbbb0c55a1e5f6,0.0589242639252916,0.048904388095252216,3328,2816,172
r2,vocal-fx,sha256:b613c11eea1c43c0a0fed317bea191d09146b818c4fe8e7a781cec1061b781f1,flac8-30s,4222699,4220283,2400,16,2,b613c11eea1c43c0a0fed317bea191d09146b818c4fe8e7a781cec1061b781f1,b1836d2744bdb3612b43b5b51dd56d1403dfeb9ddc1506d45d1e6845b11f2034,0.1457389979623258,0.052503479877486825,3328,2816,172
r2,vocal-fx,sha256:b613c11eea1c43c0a0fed317bea191d09146b818c4fe8e7a781cec1061b781f1,flac8e-30s,4220317,4217901,2400,16,2,b613c11eea1c43c0a0fed317bea191d09146b818c4fe8e7a781cec1061b781f1,60d9a31642dc0c06c2327885f22d24b739f46f43cee59d6e107fefec7d15c1c7,0.5885660740314052,0.05170042102690786,3328,2816,172
r2,vocal-fx,sha256:b613c11eea1c43c0a0fed317bea191d09146b818c4fe8e7a781cec1061b781f1,flac8e-60s,4219895,4217715,2164,16,1,b613c11eea1c43c0a0fed317bea191d09146b818c4fe8e7a781cec1061b781f1,55ead8f36396015e1ec8b755e8a5ec68f0f84bf3ddb4fae0bc671510b85694ee,0.5642209340585396,0.04938206693623215,3328,2816,86
r2,vocal-fx,sha256:b613c11eea1c43c0a0fed317bea191d09146b818c4fe8e7a781cec1061b781f1,flac8e-concat,4219895,4217715,2164,16,1,b613c11eea1c43c0a0fed317bea191d09146b818c4fe8e7a781cec1061b781f1,55ead8f36396015e1ec8b755e8a5ec68f0f84bf3ddb4fae0bc671510b85694ee,0.5605565969599411,0.04891828401014209,3328,2816,86
r2,vocal-fx,sha256:b613c11eea1c43c0a0fed317bea191d09146b818c4fe8e7a781cec1061b781f1,flac8e-dense,4259556,4257365,2175,16,1,b613c11eea1c43c0a0fed317bea191d09146b818c4fe8e7a781cec1061b781f1,b01458d8b9a9a3b53cb8bec53826b6d5495d5942a7b75b8a0a5e8d3fb91508cd,0.6790521970251575,0.1494306460954249,3328,2816,86
r2,vocal-fx,sha256:b613c11eea1c43c0a0fed317bea191d09146b818c4fe8e7a781cec1061b781f1,wavpack-concat,4220773,4218582,2175,16,1,b613c11eea1c43c0a0fed317bea191d09146b818c4fe8e7a781cec1061b781f1,f8c4a71b1df75acf3a82f7b4db57b7cbc9d1614f5663e2b3a31a1db508d40b6a,0.07906738400924951,0.07290199596900493,3328,1792,
r2,vocal-fx,sha256:b613c11eea1c43c0a0fed317bea191d09146b818c4fe8e7a781cec1061b781f1,wavpackx6-concat,4126875,4124684,2175,16,1,b613c11eea1c43c0a0fed317bea191d09146b818c4fe8e7a781cec1061b781f1,69436a8bf2b8785a480d641913ddbba64ec1e1ddd5e68c7e6fcfb3f08efcec16,3.9086896919179708,0.0703541049733758,4176,1792,
r2,vocal-fx,sha256:b613c11eea1c43c0a0fed317bea191d09146b818c4fe8e7a781cec1061b781f1,wavpackhh-concat,4117733,4115542,2175,16,1,b613c11eea1c43c0a0fed317bea191d09146b818c4fe8e7a781cec1061b781f1,0833689e9de4d4ed939578cee1964c231d402a3a259260c55f1d2cba39fed6cd,0.14236127701587975,0.11546866700518876,3840,1792,
r2,vocal-fx,sha256:b613c11eea1c43c0a0fed317bea191d09146b818c4fe8e7a781cec1061b781f1,wavpackhhx6-concat,4081885,4079694,2175,16,1,b613c11eea1c43c0a0fed317bea191d09146b818c4fe8e7a781cec1061b781f1,74cf69fe00a758ce19f3edf976535f74772ecdfc9725ffaf31c04f341e05c524,7.240999554051086,0.1090575709240511,7168,1792,
r2,bass,sha256:d60d7992ce0ac81666b6e13b3ae7064ab5c1aad701a026619d78cfb725386d4d,original,12342643,12342643,0,0,1,d60d7992ce0ac81666b6e13b3ae7064ab5c1aad701a026619d78cfb725386d4d,cf3ed4b040d5385f57e178e59161c7c14b7bccfe98de0df7e48a261e7e84b09d,,0.2309914380311966,,2816,42
r2,bass,sha256:d60d7992ce0ac81666b6e13b3ae7064ab5c1aad701a026619d78cfb725386d4d,published,12810592,12808781,1795,16,6,d60d7992ce0ac81666b6e13b3ae7064ab5c1aad701a026619d78cfb725386d4d,50492629c6e26d898e3953884ace31b2c803d1ce5867eab0562cdbc02b81b47d,,0.22418459795881063,,2816,360
r2,bass,sha256:d60d7992ce0ac81666b6e13b3ae7064ab5c1aad701a026619d78cfb725386d4d,ffmpeg5-30s,12810592,12808781,1795,16,6,d60d7992ce0ac81666b6e13b3ae7064ab5c1aad701a026619d78cfb725386d4d,50492629c6e26d898e3953884ace31b2c803d1ce5867eab0562cdbc02b81b47d,0.7532672230154276,0.22417889791540802,55552,2816,360
r2,bass,sha256:d60d7992ce0ac81666b6e13b3ae7064ab5c1aad701a026619d78cfb725386d4d,ffmpeg8-30s,12372611,12370800,1795,16,6,d60d7992ce0ac81666b6e13b3ae7064ab5c1aad701a026619d78cfb725386d4d,954fd7848ffe5b66e527ff6c93102490440cfb6d1101695edd5c781ba777fa6c,1.0977901108562946,0.24464053404517472,55552,2816,360
r2,bass,sha256:d60d7992ce0ac81666b6e13b3ae7064ab5c1aad701a026619d78cfb725386d4d,flac5-30s,12634111,12632300,1795,16,6,d60d7992ce0ac81666b6e13b3ae7064ab5c1aad701a026619d78cfb725386d4d,a4c6d0dd26b3f87ee0faee5f153ff93b9e88f50fa9d140dff6fa36157b8ae843,0.23972567589953542,0.2168370099971071,3328,2816,516
r2,bass,sha256:d60d7992ce0ac81666b6e13b3ae7064ab5c1aad701a026619d78cfb725386d4d,flac8-30s,12194546,12192735,1795,16,6,d60d7992ce0ac81666b6e13b3ae7064ab5c1aad701a026619d78cfb725386d4d,7c3023c6cb1c0951934f2faa8e60fa7128a5dd6d0f475601ced173e32f5c2f57,0.6816709032282233,0.2605553031899035,3328,2816,516
r2,bass,sha256:d60d7992ce0ac81666b6e13b3ae7064ab5c1aad701a026619d78cfb725386d4d,flac8e-30s,12186685,12184874,1795,16,6,d60d7992ce0ac81666b6e13b3ae7064ab5c1aad701a026619d78cfb725386d4d,e120c672b2513a7f7f0cdb69fcb1538b1651fc36c389b3a113ead04dd1ff012a,2.57079794886522,0.24224040389526635,3328,2816,516
r2,bass,sha256:d60d7992ce0ac81666b6e13b3ae7064ab5c1aad701a026619d78cfb725386d4d,flac8e-60s,12185920,12184822,1082,16,3,d60d7992ce0ac81666b6e13b3ae7064ab5c1aad701a026619d78cfb725386d4d,3deefdc41d23d8623cd2b32a7401d94df19bbc809f424fb8ebee360ce2051f02,2.554479028098285,0.23494005482643843,3328,2816,258
r2,bass,sha256:d60d7992ce0ac81666b6e13b3ae7064ab5c1aad701a026619d78cfb725386d4d,flac8e-concat,12185400,12184777,607,16,1,d60d7992ce0ac81666b6e13b3ae7064ab5c1aad701a026619d78cfb725386d4d,fa453872cd431e7cd9a9be64affffdadd7292a660f46beb296459915574c8ea2,2.557161311036907,0.23047478299122304,3328,2816,86
r2,bass,sha256:d60d7992ce0ac81666b6e13b3ae7064ab5c1aad701a026619d78cfb725386d4d,flac8e-dense,12187009,12186375,618,16,1,d60d7992ce0ac81666b6e13b3ae7064ab5c1aad701a026619d78cfb725386d4d,5e84058a4114a095f5d87babefede7ad36463db529cb76a317b3f1c5e008d967,2.554964737035334,0.23279627203010023,3328,2816,86
r2,bass,sha256:d60d7992ce0ac81666b6e13b3ae7064ab5c1aad701a026619d78cfb725386d4d,wavpack-concat,14263632,14262998,618,16,1,d60d7992ce0ac81666b6e13b3ae7064ab5c1aad701a026619d78cfb725386d4d,98bd6a7cca8e047dde3a76c10b084aa4b96c3304462ba93c6c87547037071b7e,0.36909881397150457,0.3414446039823815,3328,1536,
r2,bass,sha256:d60d7992ce0ac81666b6e13b3ae7064ab5c1aad701a026619d78cfb725386d4d,wavpackx6-concat,12947706,12947072,618,16,1,d60d7992ce0ac81666b6e13b3ae7064ab5c1aad701a026619d78cfb725386d4d,0c3c01a8f39965bfcadc01831b6e5815d8f0960920c9adf925b1495e102a041e,25.94980563293211,0.3133854699553922,4136,1536,
r2,bass,sha256:d60d7992ce0ac81666b6e13b3ae7064ab5c1aad701a026619d78cfb725386d4d,wavpackhh-concat,13680502,13679868,618,16,1,d60d7992ce0ac81666b6e13b3ae7064ab5c1aad701a026619d78cfb725386d4d,8fa45e65b8ac7aafa69e7fc87f45f66e3b2970bfd70a5aa2cb07bb469ab5bf26,0.6388592229923233,0.6374622039729729,3840,1536,
r2,bass,sha256:d60d7992ce0ac81666b6e13b3ae7064ab5c1aad701a026619d78cfb725386d4d,wavpackhhx6-concat,12024800,12024166,618,16,1,d60d7992ce0ac81666b6e13b3ae7064ab5c1aad701a026619d78cfb725386d4d,60084eeca179012c1da36389f019b863ac25f972821fa037bde8cc636c01c593,53.9307544529438,0.47877459693700075,7168,1792,
r2,verse-vox,sha256:dbb6eda6ecc56c418428f6b41d0b4872948d5be58e6089ecacb538b188dd7a74,original,7212993,7212993,0,0,1,dbb6eda6ecc56c418428f6b41d0b4872948d5be58e6089ecacb538b188dd7a74,bac29e46eacaf81bcd4cb35df6c28983273bad30055a7366ae1a2d891c71cf9d,,0.15949271293357015,,2816,42
r2,verse-vox,sha256:dbb6eda6ecc56c418428f6b41d0b4872948d5be58e6089ecacb538b188dd7a74,published,7203625,7202043,1566,16,2,dbb6eda6ecc56c418428f6b41d0b4872948d5be58e6089ecacb538b188dd7a74,13793a3f7725fd221854d24c626baa2750a78e199f3586d1f490e6be2be04e11,,0.06931107002310455,,2816,120
r2,verse-vox,sha256:dbb6eda6ecc56c418428f6b41d0b4872948d5be58e6089ecacb538b188dd7a74,ffmpeg5-30s,7203625,7202043,1566,16,2,dbb6eda6ecc56c418428f6b41d0b4872948d5be58e6089ecacb538b188dd7a74,13793a3f7725fd221854d24c626baa2750a78e199f3586d1f490e6be2be04e11,0.23236526199616492,0.06848092912696302,55808,2816,120
r2,verse-vox,sha256:dbb6eda6ecc56c418428f6b41d0b4872948d5be58e6089ecacb538b188dd7a74,ffmpeg8-30s,7186348,7184766,1566,16,2,dbb6eda6ecc56c418428f6b41d0b4872948d5be58e6089ecacb538b188dd7a74,172f86b3c20780ba4ad9e39d3c2bada310809e71d8f66d2a4cb80c835c4d6d9f,0.3162911661202088,0.07202845311257988,55552,2816,120
r2,verse-vox,sha256:dbb6eda6ecc56c418428f6b41d0b4872948d5be58e6089ecacb538b188dd7a74,flac5-30s,7163183,7161601,1566,16,2,dbb6eda6ecc56c418428f6b41d0b4872948d5be58e6089ecacb538b188dd7a74,0605cefea25ef6e85c46b4a8e1fd05f1628a845a31dc4dd93d82a1551dadcfc7,0.0809673119802028,0.06756539503112435,3328,2816,172
r2,verse-vox,sha256:dbb6eda6ecc56c418428f6b41d0b4872948d5be58e6089ecacb538b188dd7a74,flac8-30s,7134159,7132577,1566,16,2,dbb6eda6ecc56c418428f6b41d0b4872948d5be58e6089ecacb538b188dd7a74,e9e11898fc2c8be2b88db5f17a85241ed0b75b7080bf4ae1322ee16c2c5ac794,0.1929889259627089,0.06984775001183152,3328,2816,172
r2,verse-vox,sha256:dbb6eda6ecc56c418428f6b41d0b4872948d5be58e6089ecacb538b188dd7a74,flac8e-30s,7131358,7129776,1566,16,2,dbb6eda6ecc56c418428f6b41d0b4872948d5be58e6089ecacb538b188dd7a74,e706af9ada0f450a9718f01fd0c3a5f3726c5a9a9bc497190e16bd033fcb1a26,0.7447432030458003,0.07015001610852778,3328,2816,172
r2,verse-vox,sha256:dbb6eda6ecc56c418428f6b41d0b4872948d5be58e6089ecacb538b188dd7a74,flac8e-60s,7131198,7129853,1329,16,1,dbb6eda6ecc56c418428f6b41d0b4872948d5be58e6089ecacb538b188dd7a74,47b6a74134001e53d3ad05f3e23aacef326266cfb39e10de721f8859fd1182a1,0.7395752429729328,0.06819840101525187,3328,2816,86
r2,verse-vox,sha256:dbb6eda6ecc56c418428f6b41d0b4872948d5be58e6089ecacb538b188dd7a74,flac8e-concat,7131198,7129853,1329,16,1,dbb6eda6ecc56c418428f6b41d0b4872948d5be58e6089ecacb538b188dd7a74,47b6a74134001e53d3ad05f3e23aacef326266cfb39e10de721f8859fd1182a1,0.7404941520653665,0.06798713793978095,3328,2816,86
r2,verse-vox,sha256:dbb6eda6ecc56c418428f6b41d0b4872948d5be58e6089ecacb538b188dd7a74,flac8e-dense,7162457,7161101,1340,16,1,dbb6eda6ecc56c418428f6b41d0b4872948d5be58e6089ecacb538b188dd7a74,beef0186daf083d1c36b5ac3a51dd13368cfad9cd12cd040c85a6e54b85520b2,0.8451736279530451,0.15681655798107386,3328,2816,86
r2,verse-vox,sha256:dbb6eda6ecc56c418428f6b41d0b4872948d5be58e6089ecacb538b188dd7a74,wavpack-concat,7127092,7125736,1340,16,1,dbb6eda6ecc56c418428f6b41d0b4872948d5be58e6089ecacb538b188dd7a74,c4063ef78217c9edcf005f263dba054f1772c426cd603420db4a054d3bcdc601,0.1110051489667967,0.10146085801534355,3328,1792,
r2,verse-vox,sha256:dbb6eda6ecc56c418428f6b41d0b4872948d5be58e6089ecacb538b188dd7a74,wavpackx6-concat,7075738,7074382,1340,16,1,dbb6eda6ecc56c418428f6b41d0b4872948d5be58e6089ecacb538b188dd7a74,e877644604c3b8cf09f5b35240348759f0be68fc44a2b74a9ac92c9b708f0b9a,5.380994797917083,0.0973755600862205,4176,1792,
r2,verse-vox,sha256:dbb6eda6ecc56c418428f6b41d0b4872948d5be58e6089ecacb538b188dd7a74,wavpackhh-concat,7060002,7058646,1340,16,1,dbb6eda6ecc56c418428f6b41d0b4872948d5be58e6089ecacb538b188dd7a74,0fa0430159c4627a79e5b0bc4baaa025496a8b7101ae833d2c692d8fa1366593,0.19032727694138885,0.155117993010208,3840,1792,
r2,verse-vox,sha256:dbb6eda6ecc56c418428f6b41d0b4872948d5be58e6089ecacb538b188dd7a74,wavpackhhx6-concat,7024126,7022770,1340,16,1,dbb6eda6ecc56c418428f6b41d0b4872948d5be58e6089ecacb538b188dd7a74,22f4af42a6c128603643f2ec9bd2c950123ea60ba23b0da6995de5f396378c43,9.7378816800192,0.1431746940361336,7172,1792,
r3,fx,sha256:2726b0d1370fdf4924bc2a3509533c4fbb914a9ff45c54e7b010be71a4adfb76,original,14126951,14126951,0,0,1,2726b0d1370fdf4924bc2a3509533c4fbb914a9ff45c54e7b010be71a4adfb76,c78eb37e8704ae64558379fdd1175915b7efbd0ac3050dbdd2bbb42dc3a137fc,,0.21902947197668254,,2816,42
r3,fx,sha256:2726b0d1370fdf4924bc2a3509533c4fbb914a9ff45c54e7b010be71a4adfb76,published,14267715,14265771,1928,16,4,2726b0d1370fdf4924bc2a3509533c4fbb914a9ff45c54e7b010be71a4adfb76,94134c6bcdf21b822eaf77230a4fe101e5ee03d9aa7e192e90208bac24662adc,,0.16124033892992884,,2816,240
r3,fx,sha256:2726b0d1370fdf4924bc2a3509533c4fbb914a9ff45c54e7b010be71a4adfb76,ffmpeg5-30s,14267715,14265771,1928,16,4,2726b0d1370fdf4924bc2a3509533c4fbb914a9ff45c54e7b010be71a4adfb76,94134c6bcdf21b822eaf77230a4fe101e5ee03d9aa7e192e90208bac24662adc,0.49947581300511956,0.15389617811888456,55552,2816,240
r3,fx,sha256:2726b0d1370fdf4924bc2a3509533c4fbb914a9ff45c54e7b010be71a4adfb76,ffmpeg8-30s,14112741,14110797,1928,16,4,2726b0d1370fdf4924bc2a3509533c4fbb914a9ff45c54e7b010be71a4adfb76,8d2a1b693daf61e66841dcc9f8df6e2020ee523bc32bf0f470feda12313a1242,0.7733921719482169,0.17066070483997464,55552,2816,240
r3,fx,sha256:2726b0d1370fdf4924bc2a3509533c4fbb914a9ff45c54e7b010be71a4adfb76,flac5-30s,14232404,14230460,1928,16,4,2726b0d1370fdf4924bc2a3509533c4fbb914a9ff45c54e7b010be71a4adfb76,54222ee887f3bfecf864e6781d4731f5a601b9b07fdc196ed26aafca5d8c3068,0.17300456785596907,0.15613579202909023,3328,2816,344
r3,fx,sha256:2726b0d1370fdf4924bc2a3509533c4fbb914a9ff45c54e7b010be71a4adfb76,flac8-30s,14064565,14062621,1928,16,4,2726b0d1370fdf4924bc2a3509533c4fbb914a9ff45c54e7b010be71a4adfb76,7e1ae9e43c90d3207c1d595a81353405e2160a743f7ca39761c7b16c581d797e,0.47096321918070316,0.16699580696877092,3328,2816,344
r3,fx,sha256:2726b0d1370fdf4924bc2a3509533c4fbb914a9ff45c54e7b010be71a4adfb76,flac8e-30s,14062853,14060909,1928,16,4,2726b0d1370fdf4924bc2a3509533c4fbb914a9ff45c54e7b010be71a4adfb76,f8c94b2c9a15dd59365625bb48ba0cfbf7651bff1f7897a2ba7fbd4439f28ba5,1.7984458020655438,0.17546474107075483,3328,2816,344
r3,fx,sha256:2726b0d1370fdf4924bc2a3509533c4fbb914a9ff45c54e7b010be71a4adfb76,flac8e-60s,14062380,14060912,1452,16,2,2726b0d1370fdf4924bc2a3509533c4fbb914a9ff45c54e7b010be71a4adfb76,570ee8d3cf0722eec8e94755b3e5be2d9556a3768ae87bdbef46ae5fe76f0c6e,1.7747065660078079,0.16600836697034538,3328,2816,172
r3,fx,sha256:2726b0d1370fdf4924bc2a3509533c4fbb914a9ff45c54e7b010be71a4adfb76,flac8e-concat,14062128,14060897,1215,16,1,2726b0d1370fdf4924bc2a3509533c4fbb914a9ff45c54e7b010be71a4adfb76,7f1ce75ae41a13c08d2ee58ceff3ddd05782eacc7ae3a57e371c6e85ef22bb32,1.7243032839614898,0.16049755504354835,3328,2816,86
r3,fx,sha256:2726b0d1370fdf4924bc2a3509533c4fbb914a9ff45c54e7b010be71a4adfb76,flac8e-dense,14082588,14081346,1226,16,1,2726b0d1370fdf4924bc2a3509533c4fbb914a9ff45c54e7b010be71a4adfb76,9800aab755c0fa4af14a81f6c7bc41d83e59f40fc9951ea624a282257b96d633,1.7889826520113274,0.21802367689087987,3328,2816,86
r3,fx,sha256:2726b0d1370fdf4924bc2a3509533c4fbb914a9ff45c54e7b010be71a4adfb76,wavpack-concat,14404824,14403582,1226,16,1,2726b0d1370fdf4924bc2a3509533c4fbb914a9ff45c54e7b010be71a4adfb76,cccdd7e15af66deedeb922c3b3d78a2bc5d8e7fec0d52d569ad4a4425326dd2d,0.2539485830347985,0.2315629229415208,3328,1536,
r3,fx,sha256:2726b0d1370fdf4924bc2a3509533c4fbb914a9ff45c54e7b010be71a4adfb76,wavpackx6-concat,14226452,14225210,1226,16,1,2726b0d1370fdf4924bc2a3509533c4fbb914a9ff45c54e7b010be71a4adfb76,c62b3cd2b22d0e68e860215f529447cf50d03dd4cd1b16534ac55c93dfc70535,14.97612951498013,0.22780583892017603,4180,1536,
r3,fx,sha256:2726b0d1370fdf4924bc2a3509533c4fbb914a9ff45c54e7b010be71a4adfb76,wavpackhh-concat,14104600,14103358,1226,16,1,2726b0d1370fdf4924bc2a3509533c4fbb914a9ff45c54e7b010be71a4adfb76,46a20ada9856f2d97b056419fdfb9233d9b3a977ee0d6bce0b219cec30452b0c,0.4408597219735384,0.35732797998934984,3840,1792,
r3,fx,sha256:2726b0d1370fdf4924bc2a3509533c4fbb914a9ff45c54e7b010be71a4adfb76,wavpackhhx6-concat,13889982,13888740,1226,16,1,2726b0d1370fdf4924bc2a3509533c4fbb914a9ff45c54e7b010be71a4adfb76,967070d7bbd31f0fda1bd3c8b9cca17cbc95cc2ff67a99bd6000afde9081dcec,27.351242486969568,0.3448724929476157,7180,1792,
r3,bass,sha256:2dd061241fa7fe3128289427e108ee63501f4ed77c7208f1b37ff49fa6ccff0b,original,8551836,8551836,0,0,1,2dd061241fa7fe3128289427e108ee63501f4ed77c7208f1b37ff49fa6ccff0b,deea5ca6ab6b87582c6164b94d7d2ffe163bfc0d1fbaeff5baa922131698f1ba,,0.20108504791278392,,2560,42
r3,bass,sha256:2dd061241fa7fe3128289427e108ee63501f4ed77c7208f1b37ff49fa6ccff0b,published,8587435,8586249,1170,16,3,2dd061241fa7fe3128289427e108ee63501f4ed77c7208f1b37ff49fa6ccff0b,e095771043815d6a047f9473ebd744d115259d3ab40ebfb0ec34897464d63c1c,,0.1200619200244546,,2816,180
r3,bass,sha256:2dd061241fa7fe3128289427e108ee63501f4ed77c7208f1b37ff49fa6ccff0b,ffmpeg5-30s,8587435,8586249,1170,16,3,2dd061241fa7fe3128289427e108ee63501f4ed77c7208f1b37ff49fa6ccff0b,e095771043815d6a047f9473ebd744d115259d3ab40ebfb0ec34897464d63c1c,0.3669228788930923,0.11936891195364296,55552,2816,180
r3,bass,sha256:2dd061241fa7fe3128289427e108ee63501f4ed77c7208f1b37ff49fa6ccff0b,ffmpeg8-30s,8531925,8530739,1170,16,3,2dd061241fa7fe3128289427e108ee63501f4ed77c7208f1b37ff49fa6ccff0b,7c3af5af1c3e8f65b3cb4dcb97e9ad57185b0d5032f80d9f8f94a41bd0d388fe,0.5491925548994914,0.12978326994925737,55808,2816,180
r3,bass,sha256:2dd061241fa7fe3128289427e108ee63501f4ed77c7208f1b37ff49fa6ccff0b,flac5-30s,8439623,8438437,1170,16,3,2dd061241fa7fe3128289427e108ee63501f4ed77c7208f1b37ff49fa6ccff0b,83c16665412caa7401e4565c19550ea0fb32a3b74de7161e779ae1855266ef12,0.12949355586897582,0.11559250194113702,3328,2816,258
r3,bass,sha256:2dd061241fa7fe3128289427e108ee63501f4ed77c7208f1b37ff49fa6ccff0b,flac8-30s,8208350,8207164,1170,16,3,2dd061241fa7fe3128289427e108ee63501f4ed77c7208f1b37ff49fa6ccff0b,3fbced58b1983594771b9955f0351f38dbfc8a71d818cac8945f6aaca81bab63,0.35520919715054333,0.12538679910358042,3328,2816,258
r3,bass,sha256:2dd061241fa7fe3128289427e108ee63501f4ed77c7208f1b37ff49fa6ccff0b,flac8e-30s,8200751,8199565,1170,16,3,2dd061241fa7fe3128289427e108ee63501f4ed77c7208f1b37ff49fa6ccff0b,f98f3c77de916f85f17d4515a5208c80d0ec15edbab73de7cb0d7193f2845688,1.342924197204411,0.12667868798598647,3328,2816,258
r3,bass,sha256:2dd061241fa7fe3128289427e108ee63501f4ed77c7208f1b37ff49fa6ccff0b,flac8e-60s,8200339,8199391,932,16,2,2dd061241fa7fe3128289427e108ee63501f4ed77c7208f1b37ff49fa6ccff0b,8e18050e0f2d0172bb7503b22d73075778f12e738be5926360da800fe5983876,1.3457940999651328,0.1232312141219154,3328,2816,172
r3,bass,sha256:2dd061241fa7fe3128289427e108ee63501f4ed77c7208f1b37ff49fa6ccff0b,flac8e-concat,8199962,8199251,695,16,1,2dd061241fa7fe3128289427e108ee63501f4ed77c7208f1b37ff49fa6ccff0b,790e0d3dc7ea5b2bd4b9f682eebfa12c1cceeb69eb1fe6880773f063116a9c17,1.3526963400654495,0.12054683407768607,3328,2816,86
r3,bass,sha256:2dd061241fa7fe3128289427e108ee63501f4ed77c7208f1b37ff49fa6ccff0b,flac8e-dense,8209885,8209163,706,16,1,2dd061241fa7fe3128289427e108ee63501f4ed77c7208f1b37ff49fa6ccff0b,04f1badddf005a0f1dda33e985163560b0a053b63fea269c8e88db320c5d3b51,1.4236147979972884,0.19749622407834977,2816,2816,86
r3,bass,sha256:2dd061241fa7fe3128289427e108ee63501f4ed77c7208f1b37ff49fa6ccff0b,wavpack-concat,10017075,10016352,707,16,1,2dd061241fa7fe3128289427e108ee63501f4ed77c7208f1b37ff49fa6ccff0b,480e8d2b7e63759d811ee4e183570ac6ac64fa66605101e1c790057e6fed8259,0.19688683398999274,0.18279875197913498,3328,1792,
r3,bass,sha256:2dd061241fa7fe3128289427e108ee63501f4ed77c7208f1b37ff49fa6ccff0b,wavpackx6-concat,8324784,8324062,706,16,1,2dd061241fa7fe3128289427e108ee63501f4ed77c7208f1b37ff49fa6ccff0b,d3227c0cd0ca4462b4f7a4f3dd4b466cf92005d50a04f320215fab3933d39089,12.389353698003106,0.17431506991852075,4192,1536,
r3,bass,sha256:2dd061241fa7fe3128289427e108ee63501f4ed77c7208f1b37ff49fa6ccff0b,wavpackhh-concat,10032261,10031538,707,16,1,2dd061241fa7fe3128289427e108ee63501f4ed77c7208f1b37ff49fa6ccff0b,445039269085f4b867577366dd1c0173d0df5736b0b8e10e8545a195efc0c74d,0.3401041269535199,0.2771300240419805,3840,1792,
r3,bass,sha256:2dd061241fa7fe3128289427e108ee63501f4ed77c7208f1b37ff49fa6ccff0b,wavpackhhx6-concat,8254966,8254244,706,16,1,2dd061241fa7fe3128289427e108ee63501f4ed77c7208f1b37ff49fa6ccff0b,b3798a7eedf6d984517eb0eada8e3fa8c733438ded28827ba3b12a47cd2d8673,22.18822522100527,0.2644932830007747,7244,1792,
r3,drums,sha256:3d60f314574aed4bfafde8b53df7e0e555f367325ba6daad6ec8db9c4dee48c6,original,12661920,12661920,0,0,1,3d60f314574aed4bfafde8b53df7e0e555f367325ba6daad6ec8db9c4dee48c6,0281938ad28d57e70f2fdef8430d00617e7524d94758bdb9b58feb9114393a6f,,0.21838751900941133,,2816,42
r3,drums,sha256:3d60f314574aed4bfafde8b53df7e0e555f367325ba6daad6ec8db9c4dee48c6,published,12778830,12777341,1473,16,4,3d60f314574aed4bfafde8b53df7e0e555f367325ba6daad6ec8db9c4dee48c6,fbc4901123f75255f26ca0eb62942f50b5621e24b5254da14fd03b13e0a4e568,,0.16857065516524017,,2816,240
r3,drums,sha256:3d60f314574aed4bfafde8b53df7e0e555f367325ba6daad6ec8db9c4dee48c6,ffmpeg5-30s,12778830,12777341,1473,16,4,3d60f314574aed4bfafde8b53df7e0e555f367325ba6daad6ec8db9c4dee48c6,fbc4901123f75255f26ca0eb62942f50b5621e24b5254da14fd03b13e0a4e568,0.5072634860407561,0.16574794985353947,55552,2816,240
r3,drums,sha256:3d60f314574aed4bfafde8b53df7e0e555f367325ba6daad6ec8db9c4dee48c6,ffmpeg8-30s,12678915,12677426,1473,16,4,3d60f314574aed4bfafde8b53df7e0e555f367325ba6daad6ec8db9c4dee48c6,a67aa5a9355dd35eafa7c0a4ba1a4e9907790bf15a3ccf4599a819dce2f068ee,0.7590700999135152,0.1762174320174381,55552,2816,240
r3,drums,sha256:3d60f314574aed4bfafde8b53df7e0e555f367325ba6daad6ec8db9c4dee48c6,flac5-30s,12595290,12593801,1473,16,4,3d60f314574aed4bfafde8b53df7e0e555f367325ba6daad6ec8db9c4dee48c6,e8a625dd438537181da0d6ca4e11f3a0d6df82841f26eb52f1360a296abeb679,0.18430608103517443,0.15884497703518718,3328,2816,344
r3,drums,sha256:3d60f314574aed4bfafde8b53df7e0e555f367325ba6daad6ec8db9c4dee48c6,flac8-30s,12270473,12268984,1473,16,4,3d60f314574aed4bfafde8b53df7e0e555f367325ba6daad6ec8db9c4dee48c6,a768d8bebc9325de5dfd924a3028b87f9ea1396fda681ceb12db5ee13d8222eb,0.4710136119974777,0.17072962399106473,3328,2816,344
r3,drums,sha256:3d60f314574aed4bfafde8b53df7e0e555f367325ba6daad6ec8db9c4dee48c6,flac8e-30s,12241425,12239936,1473,16,4,3d60f314574aed4bfafde8b53df7e0e555f367325ba6daad6ec8db9c4dee48c6,37806a3b8e5e86d5e2d8521d0a0e68b04363e272fcd67695c18a5003f635b67f,1.8848678569775075,0.17303246003575623,3328,2816,344
r3,drums,sha256:3d60f314574aed4bfafde8b53df7e0e555f367325ba6daad6ec8db9c4dee48c6,flac8e-60s,12240987,12239974,997,16,2,3d60f314574aed4bfafde8b53df7e0e555f367325ba6daad6ec8db9c4dee48c6,8c156953ee305307005cccaebfed6c17044d22b9615eec82edff372c53dcc0b6,1.8886238040868193,0.18396788893733174,3328,2816,172
r3,drums,sha256:3d60f314574aed4bfafde8b53df7e0e555f367325ba6daad6ec8db9c4dee48c6,flac8e-concat,12240654,12239878,760,16,1,3d60f314574aed4bfafde8b53df7e0e555f367325ba6daad6ec8db9c4dee48c6,77c5ce0bc956d0c4d699c039f9c66916352d9c7d618b647c1b3345e0beb2fa35,1.8958313449984416,0.16621291497722268,3328,2816,86
r3,drums,sha256:3d60f314574aed4bfafde8b53df7e0e555f367325ba6daad6ec8db9c4dee48c6,flac8e-dense,12256564,12255777,771,16,1,3d60f314574aed4bfafde8b53df7e0e555f367325ba6daad6ec8db9c4dee48c6,ed160e0af227f51b2ff641a59b56ec657fe585b326a999ffaa04e17cec7d5db3,1.9288359400816262,0.2646267100935802,3328,2816,86
r3,drums,sha256:3d60f314574aed4bfafde8b53df7e0e555f367325ba6daad6ec8db9c4dee48c6,wavpack-concat,13174341,13173554,771,16,1,3d60f314574aed4bfafde8b53df7e0e555f367325ba6daad6ec8db9c4dee48c6,94b2f21400a7e138762fcf6795af542cc7d7a3da2335f45da472960b2c445ccf,0.2818811999168247,0.25488018395844847,3328,1536,
r3,drums,sha256:3d60f314574aed4bfafde8b53df7e0e555f367325ba6daad6ec8db9c4dee48c6,wavpackx6-concat,12348249,12347462,771,16,1,3d60f314574aed4bfafde8b53df7e0e555f367325ba6daad6ec8db9c4dee48c6,4e6fe76b4e162f6d728c2a6c9a3d7b133cef9d3b9664e04069f69d2c30c6f2bf,17.57435142097529,0.23943224200047553,4172,1536,
r3,drums,sha256:3d60f314574aed4bfafde8b53df7e0e555f367325ba6daad6ec8db9c4dee48c6,wavpackhh-concat,13010055,13009268,771,16,1,3d60f314574aed4bfafde8b53df7e0e555f367325ba6daad6ec8db9c4dee48c6,37ae79ca1936ac1fbda93ffda7437e525aa0b5c2111a578974e9ddc7a3f306a3,0.47847165493294597,0.39396545896306634,3840,1792,
r3,drums,sha256:3d60f314574aed4bfafde8b53df7e0e555f367325ba6daad6ec8db9c4dee48c6,wavpackhhx6-concat,12288345,12287558,771,16,1,3d60f314574aed4bfafde8b53df7e0e555f367325ba6daad6ec8db9c4dee48c6,2f22d8386e9b630abd136ca9a45d237549f7ba5c5a45d6f73589647f5797f203,28.129404234932736,0.34403233998455107,7168,1792,
r3,bv_s,sha256:83cc4bfabbda2bb1b0b9fda8bfc7307d190844be9e01cd8ed53b2b904369b147,original,26862930,26862930,0,0,1,83cc4bfabbda2bb1b0b9fda8bfc7307d190844be9e01cd8ed53b2b904369b147,88c18d5e44f18689af14f7642e3ada1c733ce0ac714788de5884b2dbfa93ba8d,,0.26247355807572603,,2816,42
r3,bv_s,sha256:83cc4bfabbda2bb1b0b9fda8bfc7307d190844be9e01cd8ed53b2b904369b147,published,26962575,26960877,1682,16,6,83cc4bfabbda2bb1b0b9fda8bfc7307d190844be9e01cd8ed53b2b904369b147,ed883f039a33f6d08c5b2b44b29abb29eef76a63341293c3ea790ccd82cfbcff,,0.2580079680774361,,2816,360
r3,bv_s,sha256:83cc4bfabbda2bb1b0b9fda8bfc7307d190844be9e01cd8ed53b2b904369b147,ffmpeg5-30s,26962575,26960877,1682,16,6,83cc4bfabbda2bb1b0b9fda8bfc7307d190844be9e01cd8ed53b2b904369b147,ed883f039a33f6d08c5b2b44b29abb29eef76a63341293c3ea790ccd82cfbcff,0.7822892649564892,0.2572217200649902,55808,2816,360
r3,bv_s,sha256:83cc4bfabbda2bb1b0b9fda8bfc7307d190844be9e01cd8ed53b2b904369b147,ffmpeg8-30s,26868108,26866410,1682,16,6,83cc4bfabbda2bb1b0b9fda8bfc7307d190844be9e01cd8ed53b2b904369b147,03856e19c7fb5b8aa6d7921e043af26b7bc7136373a6161f39bd072bf364d6e1,1.1718992110108957,0.27715770388022065,55808,2816,360
r3,bv_s,sha256:83cc4bfabbda2bb1b0b9fda8bfc7307d190844be9e01cd8ed53b2b904369b147,flac5-30s,26926244,26924546,1682,16,6,83cc4bfabbda2bb1b0b9fda8bfc7307d190844be9e01cd8ed53b2b904369b147,16b237ed97eb82502f6238588c501e1e8528a715098c491efddfae639ab34f78,0.2841042288346216,0.25161622709129006,3328,2816,516
r3,bv_s,sha256:83cc4bfabbda2bb1b0b9fda8bfc7307d190844be9e01cd8ed53b2b904369b147,flac8-30s,26792066,26790368,1682,16,6,83cc4bfabbda2bb1b0b9fda8bfc7307d190844be9e01cd8ed53b2b904369b147,7f0e14128e9e2fbaeebbc99abbb31434e025d9e6762b8a59a6ea177e114dc00b,0.7552509570959955,0.26797670510131866,3328,2816,516
r3,bv_s,sha256:83cc4bfabbda2bb1b0b9fda8bfc7307d190844be9e01cd8ed53b2b904369b147,flac8e-30s,26777376,26775678,1682,16,6,83cc4bfabbda2bb1b0b9fda8bfc7307d190844be9e01cd8ed53b2b904369b147,c90c8f733d91710116411a4f34d0d318cf830a74ff481398efca45615c9bc2a4,2.9211094139609486,0.2822822779417038,3328,2816,516
r3,bv_s,sha256:83cc4bfabbda2bb1b0b9fda8bfc7307d190844be9e01cd8ed53b2b904369b147,flac8e-60s,26776432,26775450,966,16,3,83cc4bfabbda2bb1b0b9fda8bfc7307d190844be9e01cd8ed53b2b904369b147,cb5a7a29122ee4ca2433afb7c70cf7552c58a19731b2378e9eb915ddf23d868a,2.9796419648919255,0.26426497695501894,3328,2816,258
r3,bv_s,sha256:83cc4bfabbda2bb1b0b9fda8bfc7307d190844be9e01cd8ed53b2b904369b147,flac8e-concat,26775917,26775411,490,16,1,83cc4bfabbda2bb1b0b9fda8bfc7307d190844be9e01cd8ed53b2b904369b147,dac017e6c1c916f5d82c0d9b588bd026a5cc09044a9d6a28a2c26b9c8b17c6f4,2.9233443399425596,0.25925804406870157,3328,2816,86
r3,bv_s,sha256:83cc4bfabbda2bb1b0b9fda8bfc7307d190844be9e01cd8ed53b2b904369b147,flac8e-dense,26775928,26775411,501,16,1,83cc4bfabbda2bb1b0b9fda8bfc7307d190844be9e01cd8ed53b2b904369b147,35f1de249a12d8566625daaf5e171de58e02e013973889a956ddaf9ce71fba3d,2.916304642916657,0.25814498506952077,3328,2816,86
r3,bv_s,sha256:83cc4bfabbda2bb1b0b9fda8bfc7307d190844be9e01cd8ed53b2b904369b147,wavpack-concat,27268043,27267526,501,16,1,83cc4bfabbda2bb1b0b9fda8bfc7307d190844be9e01cd8ed53b2b904369b147,005ca48576142bb6be122a6e116da62ab935ce43e8da2d2d18d5087e74bd0c19,0.43034383305348456,0.3915287760319188,3328,1792,
r3,bv_s,sha256:83cc4bfabbda2bb1b0b9fda8bfc7307d190844be9e01cd8ed53b2b904369b147,wavpackx6-concat,26821585,26821068,501,16,1,83cc4bfabbda2bb1b0b9fda8bfc7307d190844be9e01cd8ed53b2b904369b147,81f38265049adabd8c6d35d6aa154496c6fbc847e83e3e1415509173368bf1e8,23.174341154983267,0.3831542689586058,4172,1792,
r3,bv_s,sha256:83cc4bfabbda2bb1b0b9fda8bfc7307d190844be9e01cd8ed53b2b904369b147,wavpackhh-concat,26883563,26883046,501,16,1,83cc4bfabbda2bb1b0b9fda8bfc7307d190844be9e01cd8ed53b2b904369b147,c9cb60c2040ae5fbaf3cb0386df112d2ad4ff26a5223f4e39a6abe4be97ca6ea,0.7520608929917216,0.6054008670616895,3840,1792,
r3,bv_s,sha256:83cc4bfabbda2bb1b0b9fda8bfc7307d190844be9e01cd8ed53b2b904369b147,wavpackhhx6-concat,26640887,26640370,501,16,1,83cc4bfabbda2bb1b0b9fda8bfc7307d190844be9e01cd8ed53b2b904369b147,d1ff7b7797051d07c1f6d233d5f328db0fad3439807cb69413521f9e4e5485ac,37.87805453501642,0.5533858929993585,7168,1792,
r3,synth-2,sha256:d2a9ac32d38219a1dbe387f10ae417abb86101f4366683d2e68270ca1b8b5224,original,21562475,21562475,0,0,1,d2a9ac32d38219a1dbe387f10ae417abb86101f4366683d2e68270ca1b8b5224,8e019bb839aa80e2ec58d1dc68c240e77b3ad86db281046ba12cf3d6159547fb,,0.2555037890560925,,2816,42
r3,synth-2,sha256:d2a9ac32d38219a1dbe387f10ae417abb86101f4366683d2e68270ca1b8b5224,published,21677687,21675850,1821,16,6,d2a9ac32d38219a1dbe387f10ae417abb86101f4366683d2e68270ca1b8b5224,6fa2cb5165671b92ad4be62c9c8c9fb0163e469e6fc42191d4c6a75469e91ea5,,0.25093988014850765,,2816,360
r3,synth-2,sha256:d2a9ac32d38219a1dbe387f10ae417abb86101f4366683d2e68270ca1b8b5224,ffmpeg5-30s,21677687,21675850,1821,16,6,d2a9ac32d38219a1dbe387f10ae417abb86101f4366683d2e68270ca1b8b5224,6fa2cb5165671b92ad4be62c9c8c9fb0163e469e6fc42191d4c6a75469e91ea5,0.7705834191292524,0.24905063095502555,55808,2816,360
r3,synth-2,sha256:d2a9ac32d38219a1dbe387f10ae417abb86101f4366683d2e68270ca1b8b5224,ffmpeg8-30s,21578010,21576173,1821,16,6,d2a9ac32d38219a1dbe387f10ae417abb86101f4366683d2e68270ca1b8b5224,515539e34cc0a2197527cb6f1c60b8ba46f4d1791742ceae53965d50c272585a,1.1849381328793243,0.26533209008630365,55808,2816,360
r3,synth-2,sha256:d2a9ac32d38219a1dbe387f10ae417abb86101f4366683d2e68270ca1b8b5224,flac5-30s,21665843,21664006,1821,16,6,d2a9ac32d38219a1dbe387f10ae417abb86101f4366683d2e68270ca1b8b5224,c3b3945c6fc0bb54493d940420b7706fce88231cdc46fb2456059d4b68df1d1a,0.27239867381285876,0.2400818079477176,3328,2816,516
r3,synth-2,sha256:d2a9ac32d38219a1dbe387f10ae417abb86101f4366683d2e68270ca1b8b5224,flac8-30s,21327517,21325680,1821,16,6,d2a9ac32d38219a1dbe387f10ae417abb86101f4366683d2e68270ca1b8b5224,03de0c854dcf2eb72fd1d3794740794a7ed43c82c142d08fa2006903bc77bf0c,0.7120031989179552,0.2544446219690144,3328,2816,516
r3,synth-2,sha256:d2a9ac32d38219a1dbe387f10ae417abb86101f4366683d2e68270ca1b8b5224,flac8e-30s,21314342,21312505,1821,16,6,d2a9ac32d38219a1dbe387f10ae417abb86101f4366683d2e68270ca1b8b5224,9b0d049a2038429ee133145f07a635ed023788605df7b31865e5b03e0d1f5fb2,2.8442508939187974,0.2563457208452746,3328,2816,516
r3,synth-2,sha256:d2a9ac32d38219a1dbe387f10ae417abb86101f4366683d2e68270ca1b8b5224,flac8e-60s,21314147,21313025,1106,16,3,d2a9ac32d38219a1dbe387f10ae417abb86101f4366683d2e68270ca1b8b5224,846f003f981e0618377e070a94150b4306e55dc0a75af5e488b02ba17a13b9d4,2.810724771930836,0.2518963498296216,3328,2816,258
r3,synth-2,sha256:d2a9ac32d38219a1dbe387f10ae417abb86101f4366683d2e68270ca1b8b5224,flac8e-concat,21313249,21312603,630,16,1,d2a9ac32d38219a1dbe387f10ae417abb86101f4366683d2e68270ca1b8b5224,1fe9bb981e16facbdf4710c695d8efee130f0fd6ea30af1f9acc69f0cb084eeb,2.772531967028044,0.2427047499222681,3328,2816,86
r3,synth-2,sha256:d2a9ac32d38219a1dbe387f10ae417abb86101f4366683d2e68270ca1b8b5224,flac8e-dense,21312330,21311673,641,16,1,d2a9ac32d38219a1dbe387f10ae417abb86101f4366683d2e68270ca1b8b5224,701c9b3ab12776551771b550793ca6a98a5883afc57af9a4488a9946e26d4a87,2.7887745870975778,0.2485209929291159,3328,2816,86
r3,synth-2,sha256:d2a9ac32d38219a1dbe387f10ae417abb86101f4366683d2e68270ca1b8b5224,wavpack-concat,21931237,21930580,641,16,1,d2a9ac32d38219a1dbe387f10ae417abb86101f4366683d2e68270ca1b8b5224,206ba12c2c4a3c850b4cae0e4c68950314def93dd4596cb0772f6f29006a2f84,0.40422203205525875,0.3674246260197833,3328,1792,
r3,synth-2,sha256:d2a9ac32d38219a1dbe387f10ae417abb86101f4366683d2e68270ca1b8b5224,wavpackx6-concat,21088073,21087416,641,16,1,d2a9ac32d38219a1dbe387f10ae417abb86101f4366683d2e68270ca1b8b5224,f0a84abfc5595eeba1134f49f0a1b1f6a1a4330553fab596d3a31c9ea084547c,24.64197521598544,0.38129393698181957,4176,1536,
r3,synth-2,sha256:d2a9ac32d38219a1dbe387f10ae417abb86101f4366683d2e68270ca1b8b5224,wavpackhh-concat,21782783,21782126,641,16,1,d2a9ac32d38219a1dbe387f10ae417abb86101f4366683d2e68270ca1b8b5224,254cb6f4bea1f953b0e355ea9593ce9cd8fdd2a5f3ffcd06ba7cbfd69ce01e07,0.69902124395594,0.5668794300872833,3840,1792,
r3,synth-2,sha256:d2a9ac32d38219a1dbe387f10ae417abb86101f4366683d2e68270ca1b8b5224,wavpackhhx6-concat,20922217,20921560,641,16,1,d2a9ac32d38219a1dbe387f10ae417abb86101f4366683d2e68270ca1b8b5224,1b2f05f10c224863f04611fee5cc67ee1a07ad94ac16d53daf5a5228f9585182,38.57633865403477,0.5327355780173093,7216,1792,
r3,lead-vox,sha256:fdae0da08b49b80492caad638119441bd2a0f2a2330642ff84e3baaafbb03cda,original,24199633,24199633,0,0,1,fdae0da08b49b80492caad638119441bd2a0f2a2330642ff84e3baaafbb03cda,88e54665e389ef0af55e9d8bf654da0c4a7352e68633a17daa7bdc78b6953fe6,,0.2568672531051561,,2816,42
r3,lead-vox,sha256:fdae0da08b49b80492caad638119441bd2a0f2a2330642ff84e3baaafbb03cda,published,24367777,24365200,2561,16,6,fdae0da08b49b80492caad638119441bd2a0f2a2330642ff84e3baaafbb03cda,395d522a4b695eefb64fe8b6851e891ea5d7f494e4ddd80dde378b0042c9e7d3,,0.2283909769030288,,2816,360
r3,lead-vox,sha256:fdae0da08b49b80492caad638119441bd2a0f2a2330642ff84e3baaafbb03cda,ffmpeg5-30s,24367777,24365200,2561,16,6,fdae0da08b49b80492caad638119441bd2a0f2a2330642ff84e3baaafbb03cda,395d522a4b695eefb64fe8b6851e891ea5d7f494e4ddd80dde378b0042c9e7d3,0.7029905680101365,0.2274720398709178,55808,2816,360
r3,lead-vox,sha256:fdae0da08b49b80492caad638119441bd2a0f2a2330642ff84e3baaafbb03cda,ffmpeg8-30s,24197656,24195079,2561,16,6,fdae0da08b49b80492caad638119441bd2a0f2a2330642ff84e3baaafbb03cda,43b0d597c0f21bb54e729a98326f4d9159d4de6f63ad39c71b8b711aa31994fa,1.0741397731471807,0.24844949610996991,55808,2816,360
r3,lead-vox,sha256:fdae0da08b49b80492caad638119441bd2a0f2a2330642ff84e3baaafbb03cda,flac5-30s,24341654,24339077,2561,16,6,fdae0da08b49b80492caad638119441bd2a0f2a2330642ff84e3baaafbb03cda,089d4473a26a03e689552ee4e5214ed7b4166e027c0311dd29404d506fce1cda,0.25061171292327344,0.22271990298759192,3328,2816,516
r3,lead-vox,sha256:fdae0da08b49b80492caad638119441bd2a0f2a2330642ff84e3baaafbb03cda,flac8-30s,24124650,24122073,2561,16,6,fdae0da08b49b80492caad638119441bd2a0f2a2330642ff84e3baaafbb03cda,5e7a8227a3ad198add4963012e67c2eb65962cedd164c075d75a7da7bd532e6a,0.6771802877774462,0.2435669720871374,3328,2816,516
r3,lead-vox,sha256:fdae0da08b49b80492caad638119441bd2a0f2a2330642ff84e3baaafbb03cda,flac8e-30s,24119598,24117021,2561,16,6,fdae0da08b49b80492caad638119441bd2a0f2a2330642ff84e3baaafbb03cda,856f191b3f038c33213b2550a2e629496a404643069e208cfafcb27348799cbe,2.53382099699229,0.24391143606044352,3328,2816,516
r3,lead-vox,sha256:fdae0da08b49b80492caad638119441bd2a0f2a2330642ff84e3baaafbb03cda,flac8e-60s,24118908,24117041,1851,16,3,fdae0da08b49b80492caad638119441bd2a0f2a2330642ff84e3baaafbb03cda,aa54b8bb5ad4b182fbc89a67a761826d41dff4ec071068cd94dff1cadb353dfb,2.533634669845924,0.23992858396377414,3328,2816,258
r3,lead-vox,sha256:fdae0da08b49b80492caad638119441bd2a0f2a2330642ff84e3baaafbb03cda,flac8e-concat,24118502,24117114,1372,16,1,fdae0da08b49b80492caad638119441bd2a0f2a2330642ff84e3baaafbb03cda,53740ed534e791c07a104e8984bd67f4ffd7dbbac95fdce87ad2251eff3f6401,2.5186763999518007,0.23266387300100178,3328,2816,86
r3,lead-vox,sha256:fdae0da08b49b80492caad638119441bd2a0f2a2330642ff84e3baaafbb03cda,flac8e-dense,24130334,24128935,1383,16,1,fdae0da08b49b80492caad638119441bd2a0f2a2330642ff84e3baaafbb03cda,4719afab7251d4c27a4be2d4e1c2cba4112bf2d40a516da6f418eb97069d8a65,2.562227610964328,0.2558473290409893,3328,2816,86
r3,lead-vox,sha256:fdae0da08b49b80492caad638119441bd2a0f2a2330642ff84e3baaafbb03cda,wavpack-concat,24532477,24531078,1383,16,1,fdae0da08b49b80492caad638119441bd2a0f2a2330642ff84e3baaafbb03cda,3d7b54f220fb676f13c81572bc4069df744fe75292d0448b440ebfd8799f9b61,0.370940987020731,0.3374301689909771,3328,1536,
r3,lead-vox,sha256:fdae0da08b49b80492caad638119441bd2a0f2a2330642ff84e3baaafbb03cda,wavpackx6-concat,24271471,24270072,1383,16,1,fdae0da08b49b80492caad638119441bd2a0f2a2330642ff84e3baaafbb03cda,15b7d22be2cb4b1aa8f800c03c71fdc9b8d8d2ca7c5e5e3d0ac743819fd05595,18.607427511014976,0.33474946301430464,4180,1536,
r3,lead-vox,sha256:fdae0da08b49b80492caad638119441bd2a0f2a2330642ff84e3baaafbb03cda,wavpackhh-concat,24177015,24175616,1383,16,1,fdae0da08b49b80492caad638119441bd2a0f2a2330642ff84e3baaafbb03cda,9208c596a56bba6b9ea5c3d4f41a58a28e8d3c361a1b78a18bcfe0f743eba081,0.6494789109565318,0.5193867899943143,3840,1792,
r3,lead-vox,sha256:fdae0da08b49b80492caad638119441bd2a0f2a2330642ff84e3baaafbb03cda,wavpackhhx6-concat,24006001,24004602,1383,16,1,fdae0da08b49b80492caad638119441bd2a0f2a2330642ff84e3baaafbb03cda,560c067a4384cecb5a26ef3ff9409efb6b5603629bb43f06640fe0ba792fa666,33.749339870060794,0.497814083006233,7244,1792,
r4,drums,sha256:18a73d7d7a47ec6ccd306235bb921dc8760ecce468b0cb5b4860ef94b898bba6,original,25085323,25085323,0,0,1,18a73d7d7a47ec6ccd306235bb921dc8760ecce468b0cb5b4860ef94b898bba6,c808d71fecb540581d610f094229c99631b4eb6a886f2fc02ea2455802f70594,,0.2824469110928476,,2816,42
r4,drums,sha256:18a73d7d7a47ec6ccd306235bb921dc8760ecce468b0cb5b4860ef94b898bba6,published,25121196,25119260,1920,16,7,18a73d7d7a47ec6ccd306235bb921dc8760ecce468b0cb5b4860ef94b898bba6,48aee0b1b2deedacf3b34818ad9072449a229151e57117cbdb6f6b611aa7d339,,0.28902297106105834,,2816,420
r4,drums,sha256:18a73d7d7a47ec6ccd306235bb921dc8760ecce468b0cb5b4860ef94b898bba6,ffmpeg5-30s,25121196,25119260,1920,16,7,18a73d7d7a47ec6ccd306235bb921dc8760ecce468b0cb5b4860ef94b898bba6,48aee0b1b2deedacf3b34818ad9072449a229151e57117cbdb6f6b611aa7d339,0.859443124034442,0.2848304200451821,55552,2816,420
r4,drums,sha256:18a73d7d7a47ec6ccd306235bb921dc8760ecce468b0cb5b4860ef94b898bba6,ffmpeg8-30s,25071223,25069287,1920,16,7,18a73d7d7a47ec6ccd306235bb921dc8760ecce468b0cb5b4860ef94b898bba6,aa1116309dab9e3492430591c542de389c0948b651db984a3fbbea3a2f19780b,1.305314859841019,0.29987149604130536,55552,2816,420
r4,drums,sha256:18a73d7d7a47ec6ccd306235bb921dc8760ecce468b0cb5b4860ef94b898bba6,flac5-30s,25072073,25070137,1920,16,7,18a73d7d7a47ec6ccd306235bb921dc8760ecce468b0cb5b4860ef94b898bba6,437b7aa3cfe2179a6a99b46898d28eba49f0f8c95e80e9974c50af65089fd9a5,0.3072499227710068,0.2774664693279192,3328,2816,602
r4,drums,sha256:18a73d7d7a47ec6ccd306235bb921dc8760ecce468b0cb5b4860ef94b898bba6,flac8-30s,24880266,24878330,1920,16,7,18a73d7d7a47ec6ccd306235bb921dc8760ecce468b0cb5b4860ef94b898bba6,744bc7e25776ffa150e19fc91ae8d8ffac68a90cff92c98803da8a747ff63182,0.7841220230329782,0.29050444113090634,3328,2816,602
r4,drums,sha256:18a73d7d7a47ec6ccd306235bb921dc8760ecce468b0cb5b4860ef94b898bba6,flac8e-30s,24867112,24865176,1920,16,7,18a73d7d7a47ec6ccd306235bb921dc8760ecce468b0cb5b4860ef94b898bba6,2dbdc522cec2d7f9596513aaa29f8818f88d7c502f0c47d0154cacb7d986e7d1,3.190392140066251,0.29416508006397635,3328,2816,602
r4,drums,sha256:18a73d7d7a47ec6ccd306235bb921dc8760ecce468b0cb5b4860ef94b898bba6,flac8e-60s,24866256,24865036,1204,16,4,18a73d7d7a47ec6ccd306235bb921dc8760ecce468b0cb5b4860ef94b898bba6,6cfd2702421ae9a2977fec6156ecfa7f4a00bd794a22de42d1c319767e5d9b5d,3.186472844099626,0.302410698030144,3328,2816,344
r4,drums,sha256:18a73d7d7a47ec6ccd306235bb921dc8760ecce468b0cb5b4860ef94b898bba6,flac8e-concat,24865196,24864690,490,16,1,18a73d7d7a47ec6ccd306235bb921dc8760ecce468b0cb5b4860ef94b898bba6,0c91b2de27937086b3c3c3e40ea416a0edf9c1cdd9eae27ea9665d7f953dd216,3.181986949988641,0.2793140250723809,3328,2816,86
r4,drums,sha256:18a73d7d7a47ec6ccd306235bb921dc8760ecce468b0cb5b4860ef94b898bba6,flac8e-dense,24865207,24864690,501,16,1,18a73d7d7a47ec6ccd306235bb921dc8760ecce468b0cb5b4860ef94b898bba6,8fbcee5f3e3919ba9665f9103b0fa638bef53b0c1c29bbabd5e9152cbd0af35d,3.1966856990475208,0.2787939650006592,3328,2816,86
r4,drums,sha256:18a73d7d7a47ec6ccd306235bb921dc8760ecce468b0cb5b4860ef94b898bba6,wavpack-concat,25181455,25180938,501,16,1,18a73d7d7a47ec6ccd306235bb921dc8760ecce468b0cb5b4860ef94b898bba6,990da2a91fa2637d134d9d3f249eb02c682dafa809d296bd12115377431233ad,0.4681547440122813,0.42953577009029686,3328,1792,
r4,drums,sha256:18a73d7d7a47ec6ccd306235bb921dc8760ecce468b0cb5b4860ef94b898bba6,wavpackx6-concat,24908079,24907562,501,16,1,18a73d7d7a47ec6ccd306235bb921dc8760ecce468b0cb5b4860ef94b898bba6,cf7fe4fd0d74adba5f9f949d96b5364943d7febd9feec628355411e304036458,27.35046385799069,0.42637511901557446,4160,1536,
r4,drums,sha256:18a73d7d7a47ec6ccd306235bb921dc8760ecce468b0cb5b4860ef94b898bba6,wavpackhh-concat,24939413,24938896,501,16,1,18a73d7d7a47ec6ccd306235bb921dc8760ecce468b0cb5b4860ef94b898bba6,f5952ab120038e0a6750dd03e9ed888067d76d03a2e3f31c2d17a68bff80e2b5,0.813149516005069,0.6569286599988118,3840,1792,
r4,drums,sha256:18a73d7d7a47ec6ccd306235bb921dc8760ecce468b0cb5b4860ef94b898bba6,wavpackhhx6-concat,24719717,24719200,501,16,1,18a73d7d7a47ec6ccd306235bb921dc8760ecce468b0cb5b4860ef94b898bba6,66b1e8da715d371564da3c3fc9073c9959877820632d30a71f5f56ef3000223a,44.89580878603738,0.5990004970226437,7172,1792,
r4,bv_s,sha256:462c511e3c244e805eeaf8c592c2cf35b8e9e9fab0d3074aad52e7304e6572f6,original,22194776,22194776,0,0,1,462c511e3c244e805eeaf8c592c2cf35b8e9e9fab0d3074aad52e7304e6572f6,118fd5d82d0610a1be518ba08dc68ddb95e12601635ec7313b64e023745d35fb,,0.27850758598651737,,2816,42
r4,bv_s,sha256:462c511e3c244e805eeaf8c592c2cf35b8e9e9fab0d3074aad52e7304e6572f6,published,22276344,22274408,1920,16,7,462c511e3c244e805eeaf8c592c2cf35b8e9e9fab0d3074aad52e7304e6572f6,2893f4fb989eba6606b510974e1f76adf14fe69285bfcadbc80c7584267e6b5a,,0.2794086717767641,,2816,420
r4,bv_s,sha256:462c511e3c244e805eeaf8c592c2cf35b8e9e9fab0d3074aad52e7304e6572f6,ffmpeg5-30s,22276344,22274408,1920,16,7,462c511e3c244e805eeaf8c592c2cf35b8e9e9fab0d3074aad52e7304e6572f6,2893f4fb989eba6606b510974e1f76adf14fe69285bfcadbc80c7584267e6b5a,0.8571952988859266,0.27973550220485777,55808,2816,420
r4,bv_s,sha256:462c511e3c244e805eeaf8c592c2cf35b8e9e9fab0d3074aad52e7304e6572f6,ffmpeg8-30s,22205789,22203853,1920,16,7,462c511e3c244e805eeaf8c592c2cf35b8e9e9fab0d3074aad52e7304e6572f6,8291ca3684ee647d4a1edaecd1a2aac14125f11a359b4683444a682b90b57b57,1.3329347160179168,0.2966152769513428,55808,2816,420
r4,bv_s,sha256:462c511e3c244e805eeaf8c592c2cf35b8e9e9fab0d3074aad52e7304e6572f6,flac5-30s,22268750,22266814,1920,16,7,462c511e3c244e805eeaf8c592c2cf35b8e9e9fab0d3074aad52e7304e6572f6,98fa66cc4b45ae6fe9e0ac233c7c8ea60904fe9e8878e04f4307be98a8f39d27,0.3018136767204851,0.2722457640338689,3328,2816,602
r4,bv_s,sha256:462c511e3c244e805eeaf8c592c2cf35b8e9e9fab0d3074aad52e7304e6572f6,flac8-30s,22163512,22161576,1920,16,7,462c511e3c244e805eeaf8c592c2cf35b8e9e9fab0d3074aad52e7304e6572f6,003881cd90175b415b68417d6b934e022a71f8626d2a99729666f778a5e098dd,0.7774930798914284,0.2921837120084092,3328,2816,602
r4,bv_s,sha256:462c511e3c244e805eeaf8c592c2cf35b8e9e9fab0d3074aad52e7304e6572f6,flac8e-30s,22160762,22158826,1920,16,7,462c511e3c244e805eeaf8c592c2cf35b8e9e9fab0d3074aad52e7304e6572f6,ad0a5e5d6388e2c09908338529a8389eb9094b6f08cc6b516800c4f59e39c7b1,3.1670423957984895,0.2858648409601301,3328,2816,602
r4,bv_s,sha256:462c511e3c244e805eeaf8c592c2cf35b8e9e9fab0d3074aad52e7304e6572f6,flac8e-60s,22159791,22158571,1204,16,4,462c511e3c244e805eeaf8c592c2cf35b8e9e9fab0d3074aad52e7304e6572f6,673efe8bca114bd697991ddc974384fc43c5d3673bd99e2d4b06d051616bdbd2,3.173470389796421,0.28183215484023094,3328,2816,344
r4,bv_s,sha256:462c511e3c244e805eeaf8c592c2cf35b8e9e9fab0d3074aad52e7304e6572f6,flac8e-concat,22159255,22158749,490,16,1,462c511e3c244e805eeaf8c592c2cf35b8e9e9fab0d3074aad52e7304e6572f6,ca2bd3bb4453e887a8eed27f5d69abcdd8ead6e80da2702800c77435676a603d,3.15779176808428,0.27422564302105457,3328,2816,86
r4,bv_s,sha256:462c511e3c244e805eeaf8c592c2cf35b8e9e9fab0d3074aad52e7304e6572f6,flac8e-dense,22159266,22158749,501,16,1,462c511e3c244e805eeaf8c592c2cf35b8e9e9fab0d3074aad52e7304e6572f6,76f7bf08273fe771709fd742a4771d0599c8b11f1cf26bbbe07851271749fe17,3.165657439036295,0.2796046430012211,3328,2816,86
r4,bv_s,sha256:462c511e3c244e805eeaf8c592c2cf35b8e9e9fab0d3074aad52e7304e6572f6,wavpack-concat,22401911,22401394,501,16,1,462c511e3c244e805eeaf8c592c2cf35b8e9e9fab0d3074aad52e7304e6572f6,f8885ce702cfd01f0cf1389537bd64410b39c8d4bd72368349dcd5a7728f5b89,0.466852406039834,0.42464679502882063,3328,1792,
r4,bv_s,sha256:462c511e3c244e805eeaf8c592c2cf35b8e9e9fab0d3074aad52e7304e6572f6,wavpackx6-concat,22154313,22153796,501,16,1,462c511e3c244e805eeaf8c592c2cf35b8e9e9fab0d3074aad52e7304e6572f6,b2a77d8341bac44d3ad3e3ea5d0da58a4704b07559fc1093e460914c4ecd676c,28.84288893500343,0.4148508320795372,4180,1792,
r4,bv_s,sha256:462c511e3c244e805eeaf8c592c2cf35b8e9e9fab0d3074aad52e7304e6572f6,wavpackhh-concat,22099227,22098710,501,16,1,462c511e3c244e805eeaf8c592c2cf35b8e9e9fab0d3074aad52e7304e6572f6,c56e95c477bd521ae50d2a6c265e06633c8ac9bacc32a29c2b4f8c2db27006a5,0.7987833609804511,0.648267799988389,3840,1792,
r4,bv_s,sha256:462c511e3c244e805eeaf8c592c2cf35b8e9e9fab0d3074aad52e7304e6572f6,wavpackhhx6-concat,21987255,21986738,501,16,1,462c511e3c244e805eeaf8c592c2cf35b8e9e9fab0d3074aad52e7304e6572f6,78dab975ceeb967dbff82fcdca492a1e89677b413297f53379c633465be5cf5d,39.41871600097511,0.5448948029661551,7172,1792,
r4,synth,sha256:68f41fc0dfa18e77e77ab99f931dc647d9b1c3d60afd981f9b4917c85986532f,original,26580304,26580304,0,0,1,68f41fc0dfa18e77e77ab99f931dc647d9b1c3d60afd981f9b4917c85986532f,d381e6518e95c2662986101ce11dfbba1edca24bb1d35251e85b67049380c96a,,0.2827076920075342,,2816,42
r4,synth,sha256:68f41fc0dfa18e77e77ab99f931dc647d9b1c3d60afd981f9b4917c85986532f,published,26613634,26611698,1920,16,7,68f41fc0dfa18e77e77ab99f931dc647d9b1c3d60afd981f9b4917c85986532f,1059de947cbd04b5a67eced319d36663b092c94e99bc3cbda7fcf027da849c25,,0.28462356014642864,,2816,420
r4,synth,sha256:68f41fc0dfa18e77e77ab99f931dc647d9b1c3d60afd981f9b4917c85986532f,ffmpeg5-30s,26613634,26611698,1920,16,7,68f41fc0dfa18e77e77ab99f931dc647d9b1c3d60afd981f9b4917c85986532f,1059de947cbd04b5a67eced319d36663b092c94e99bc3cbda7fcf027da849c25,0.8859795689349994,0.28260728099849075,55808,2816,420
r4,synth,sha256:68f41fc0dfa18e77e77ab99f931dc647d9b1c3d60afd981f9b4917c85986532f,ffmpeg8-30s,26591214,26589278,1920,16,7,68f41fc0dfa18e77e77ab99f931dc647d9b1c3d60afd981f9b4917c85986532f,fd722dfc6e8ea39b9672902b41edbfcf2c458b6dc009eda1bec9841910088273,1.3053494192427024,0.2968663270585239,55808,2816,420
r4,synth,sha256:68f41fc0dfa18e77e77ab99f931dc647d9b1c3d60afd981f9b4917c85986532f,flac5-30s,26563369,26561433,1920,16,7,68f41fc0dfa18e77e77ab99f931dc647d9b1c3d60afd981f9b4917c85986532f,88a599e30b2dcaa904b663f52cc286bfcc2d96d25b29776b6e2c53485859457d,0.3108237610431388,0.2771231320220977,3328,2816,602
r4,synth,sha256:68f41fc0dfa18e77e77ab99f931dc647d9b1c3d60afd981f9b4917c85986532f,flac8-30s,26436029,26434093,1920,16,7,68f41fc0dfa18e77e77ab99f931dc647d9b1c3d60afd981f9b4917c85986532f,1db481eb1fd408835ec3072722877c0e3909643d60f2f6c26138c1657897243c,0.7833882200066,0.28776687395293266,3328,2816,602
r4,synth,sha256:68f41fc0dfa18e77e77ab99f931dc647d9b1c3d60afd981f9b4917c85986532f,flac8e-30s,26424410,26422474,1920,16,7,68f41fc0dfa18e77e77ab99f931dc647d9b1c3d60afd981f9b4917c85986532f,2c7c55fb43796b1256c5e7b0a0fb88bd3473e8784e24b4ffbb69696e4b34d3b5,3.173088584910147,0.28974571102298796,3328,2816,602
r4,synth,sha256:68f41fc0dfa18e77e77ab99f931dc647d9b1c3d60afd981f9b4917c85986532f,flac8e-60s,26423838,26422618,1204,16,4,68f41fc0dfa18e77e77ab99f931dc647d9b1c3d60afd981f9b4917c85986532f,edbc9741062e3f3997d8cf58be3c76555d1f52633e7aeb4041cec781222d0b36,3.162325980956666,0.28219075698871166,3328,2816,344
r4,synth,sha256:68f41fc0dfa18e77e77ab99f931dc647d9b1c3d60afd981f9b4917c85986532f,flac8e-concat,26423563,26423057,490,16,1,68f41fc0dfa18e77e77ab99f931dc647d9b1c3d60afd981f9b4917c85986532f,5c608b83fd96e8e3fa17f5ce49f23dbd369b5fc458644c69c07d23f1510f375f,3.171831674990244,0.2786159300012514,3328,2816,86
r4,synth,sha256:68f41fc0dfa18e77e77ab99f931dc647d9b1c3d60afd981f9b4917c85986532f,flac8e-dense,26423574,26423057,501,16,1,68f41fc0dfa18e77e77ab99f931dc647d9b1c3d60afd981f9b4917c85986532f,421dbbbc32d4a6e3ba5ee61a0b29a9b8d236e08abf6d6f0caeb723067024553c,3.189744314062409,0.2780258869752288,3328,2816,86
r4,synth,sha256:68f41fc0dfa18e77e77ab99f931dc647d9b1c3d60afd981f9b4917c85986532f,wavpack-concat,26632945,26632428,501,16,1,68f41fc0dfa18e77e77ab99f931dc647d9b1c3d60afd981f9b4917c85986532f,a79b65be7f38f7f42c4c2a415773bf6f449c0886ddb3edecce546d3982adadf3,0.4694796169642359,0.4264943019952625,3328,1792,
r4,synth,sha256:68f41fc0dfa18e77e77ab99f931dc647d9b1c3d60afd981f9b4917c85986532f,wavpackx6-concat,26305553,26305036,501,16,1,68f41fc0dfa18e77e77ab99f931dc647d9b1c3d60afd981f9b4917c85986532f,9d59ab7e57e636bf4651ef1c64cdcde7669d147c643474a0f9706760e3024d67,30.414553930051625,0.42863987293094397,4176,1792,
r4,synth,sha256:68f41fc0dfa18e77e77ab99f931dc647d9b1c3d60afd981f9b4917c85986532f,wavpackhh-concat,26378015,26377498,501,16,1,68f41fc0dfa18e77e77ab99f931dc647d9b1c3d60afd981f9b4917c85986532f,844bdbc031d8bb330671f5b5b9b755b7ae28694252b3b16b65eb906fdd0037e7,0.8059332020347938,0.6621633530594409,3840,1792,
r4,synth,sha256:68f41fc0dfa18e77e77ab99f931dc647d9b1c3d60afd981f9b4917c85986532f,wavpackhhx6-concat,26186409,26185892,501,16,1,68f41fc0dfa18e77e77ab99f931dc647d9b1c3d60afd981f9b4917c85986532f,f855173165952f280e45613776a7b9a5ad458c2d47a2493a3e32c64d64db1d1a,42.26551951293368,0.5795961760450155,7168,1792,
r4,fx,sha256:75e819632163ccc65f63fde122cea33b199b559c931ebf68b14b5f8c72520629,original,11626669,11626669,0,0,1,75e819632163ccc65f63fde122cea33b199b559c931ebf68b14b5f8c72520629,85f1011553ec01f4c938a244f67dd63105e038c7742b149ff07057f60445cccb,,0.23184500902425498,,2816,42
r4,fx,sha256:75e819632163ccc65f63fde122cea33b199b559c931ebf68b14b5f8c72520629,published,11662727,11661103,1608,16,4,75e819632163ccc65f63fde122cea33b199b559c931ebf68b14b5f8c72520629,40c9ab882e264ef103613e69096d8a4878f7ae7d0f7ff9e30cc8d3f038093617,,0.16299374809022993,,2816,240
r4,fx,sha256:75e819632163ccc65f63fde122cea33b199b559c931ebf68b14b5f8c72520629,ffmpeg5-30s,11662727,11661103,1608,16,4,75e819632163ccc65f63fde122cea33b199b559c931ebf68b14b5f8c72520629,40c9ab882e264ef103613e69096d8a4878f7ae7d0f7ff9e30cc8d3f038093617,0.4926576748257503,0.16108362295199186,55808,2816,240
r4,fx,sha256:75e819632163ccc65f63fde122cea33b199b559c931ebf68b14b5f8c72520629,ffmpeg8-30s,11615865,11614241,1608,16,4,75e819632163ccc65f63fde122cea33b199b559c931ebf68b14b5f8c72520629,7e5825241b388519ae37a474d8ab45faf35448838c9759550ead740593cc75c2,0.8202151932055131,0.1802382991882041,55808,2816,240
r4,fx,sha256:75e819632163ccc65f63fde122cea33b199b559c931ebf68b14b5f8c72520629,flac5-30s,11603226,11601602,1608,16,4,75e819632163ccc65f63fde122cea33b199b559c931ebf68b14b5f8c72520629,19f22e665da8d50ed1cbffca82b76369fd878f38f3bcfe18c8070ca090a0fdd7,0.17959792993497103,0.16171287093311548,3328,2816,344
r4,fx,sha256:75e819632163ccc65f63fde122cea33b199b559c931ebf68b14b5f8c72520629,flac8-30s,11517971,11516347,1608,16,4,75e819632163ccc65f63fde122cea33b199b559c931ebf68b14b5f8c72520629,e76786c818dd3f5e1b5f9fcc9e9b394e60006a4bfd4b603d65720d93a8792810,0.4613765721442178,0.16865003702696413,3328,2816,344
r4,fx,sha256:75e819632163ccc65f63fde122cea33b199b559c931ebf68b14b5f8c72520629,flac8e-30s,11494688,11493064,1608,16,4,75e819632163ccc65f63fde122cea33b199b559c931ebf68b14b5f8c72520629,ff3820c6548570596f36880b83e6e0ff5ebcca9e13a47511c99b38473f21bfeb,1.8819569748593494,0.1743791038170457,3328,2816,344
r4,fx,sha256:75e819632163ccc65f63fde122cea33b199b559c931ebf68b14b5f8c72520629,flac8e-60s,11494229,11493081,1132,16,2,75e819632163ccc65f63fde122cea33b199b559c931ebf68b14b5f8c72520629,ce6b81083aa7fde5b120bb635908d2847d33356da0526c0275591b8987afd949,1.8743455918738618,0.16850182495545596,3328,2816,172
r4,fx,sha256:75e819632163ccc65f63fde122cea33b199b559c931ebf68b14b5f8c72520629,flac8e-concat,11494073,11493162,895,16,1,75e819632163ccc65f63fde122cea33b199b559c931ebf68b14b5f8c72520629,20e85caf931463c9073ae2966784947b8ca288fc6392bb084295762b8400cfe5,1.905698811984621,0.16760970698669553,3328,2816,86
r4,fx,sha256:75e819632163ccc65f63fde122cea33b199b559c931ebf68b14b5f8c72520629,flac8e-dense,11519336,11518414,906,16,1,75e819632163ccc65f63fde122cea33b199b559c931ebf68b14b5f8c72520629,ccc1eb19b1ef5b2e7e60ac13b58c508562814dd51ace929a82a3963d9ca8f9ce,1.9716101529775187,0.23609654197935015,3072,2816,86
r4,fx,sha256:75e819632163ccc65f63fde122cea33b199b559c931ebf68b14b5f8c72520629,wavpack-concat,11974182,11973260,906,16,1,75e819632163ccc65f63fde122cea33b199b559c931ebf68b14b5f8c72520629,82c7cc4d34a7fd99f4910a6922694ffd37f5409b0c569229360d5dd9a17e307f,0.2668230989947915,0.24361435510218143,3328,1536,
r4,fx,sha256:75e819632163ccc65f63fde122cea33b199b559c931ebf68b14b5f8c72520629,wavpackx6-concat,11506698,11505776,906,16,1,75e819632163ccc65f63fde122cea33b199b559c931ebf68b14b5f8c72520629,389beb1dda78ccd246ca9aa26da404184cb87c390332fa3a9ff4feb7522d7d80,18.045372163993306,0.2319163220236078,4184,1536,
r4,fx,sha256:75e819632163ccc65f63fde122cea33b199b559c931ebf68b14b5f8c72520629,wavpackhh-concat,11839928,11839006,906,16,1,75e819632163ccc65f63fde122cea33b199b559c931ebf68b14b5f8c72520629,75155809b436f9944b979bdb3836c48c122b9aff4782294014bc42f3d65430be,0.4696467730682343,0.38631966593675315,3840,1792,
r4,fx,sha256:75e819632163ccc65f63fde122cea33b199b559c931ebf68b14b5f8c72520629,wavpackhhx6-concat,11406288,11405366,906,16,1,75e819632163ccc65f63fde122cea33b199b559c931ebf68b14b5f8c72520629,41c0ce765291d3a1c8da4351c9486fe656555c8aa54d7bf50df95f7c23eec097,28.039762913016602,0.3159684280399233,7168,1792,
r4,outro-fx,sha256:76f8d36d4b2b6ed2efc19418250feaac1fe1868fd919c4c03a6e6f66e3e3f926,original,7103280,7103280,0,0,1,76f8d36d4b2b6ed2efc19418250feaac1fe1868fd919c4c03a6e6f66e3e3f926,8b392f1355a8815a376108dc14f595d0cfb073c421b381dadb448553b4a784b2,,0.18438357906416059,,2816,42
r4,outro-fx,sha256:76f8d36d4b2b6ed2efc19418250feaac1fe1868fd919c4c03a6e6f66e3e3f926,published,7082466,7081718,732,16,2,76f8d36d4b2b6ed2efc19418250feaac1fe1868fd919c4c03a6e6f66e3e3f926,775175a8e6c96173a85787d5ca71c706c35f74201a4d3392a5c8afbecdbcf751,,0.06494576402474195,,2816,120
r4,outro-fx,sha256:76f8d36d4b2b6ed2efc19418250feaac1fe1868fd919c4c03a6e6f66e3e3f926,ffmpeg5-30s,7082466,7081718,732,16,2,76f8d36d4b2b6ed2efc19418250feaac1fe1868fd919c4c03a6e6f66e3e3f926,775175a8e6c96173a85787d5ca71c706c35f74201a4d3392a5c8afbecdbcf751,0.2280264359433204,0.06499755301047117,55552,2816,120
r4,outro-fx,sha256:76f8d36d4b2b6ed2efc19418250feaac1fe1868fd919c4c03a6e6f66e3e3f926,ffmpeg8-30s,7079963,7079215,732,16,2,76f8d36d4b2b6ed2efc19418250feaac1fe1868fd919c4c03a6e6f66e3e3f926,83bbf71822d4fa8502ab02e26672e7d7209f12922dcc4348edda6552820fdc26,0.31666958588175476,0.06660523312166333,55808,2816,120
r4,outro-fx,sha256:76f8d36d4b2b6ed2efc19418250feaac1fe1868fd919c4c03a6e6f66e3e3f926,flac5-30s,7072883,7072135,732,16,2,76f8d36d4b2b6ed2efc19418250feaac1fe1868fd919c4c03a6e6f66e3e3f926,f7816579f60b44242705d93237d942a280cddb00e84a59b34b61548454931a71,0.07267226406838745,0.0634847420733422,3328,2816,172
r4,outro-fx,sha256:76f8d36d4b2b6ed2efc19418250feaac1fe1868fd919c4c03a6e6f66e3e3f926,flac8-30s,7063789,7063041,732,16,2,76f8d36d4b2b6ed2efc19418250feaac1fe1868fd919c4c03a6e6f66e3e3f926,6978dcf438243a1d72e23d03c3d2ecace77cde485307483ec2a86d499bbaf389,0.1742391571169719,0.06498307501897216,3328,2816,172
r4,outro-fx,sha256:76f8d36d4b2b6ed2efc19418250feaac1fe1868fd919c4c03a6e6f66e3e3f926,flac8e-30s,7063303,7062555,732,16,2,76f8d36d4b2b6ed2efc19418250feaac1fe1868fd919c4c03a6e6f66e3e3f926,5bdadef162e6b1e32ba21e0ac065a228979d63daae56b994dd249e8a8e947d41,0.7197614609031007,0.06631716492120177,3328,2816,172
r4,outro-fx,sha256:76f8d36d4b2b6ed2efc19418250feaac1fe1868fd919c4c03a6e6f66e3e3f926,flac8e-60s,7063095,7062584,495,16,1,76f8d36d4b2b6ed2efc19418250feaac1fe1868fd919c4c03a6e6f66e3e3f926,3b841feffceb45b8225a2e71ce6c19b1e1afe7211dcbe25328f9f9bb32682a86,0.7093292309436947,0.0633916649967432,3328,2816,86
r4,outro-fx,sha256:76f8d36d4b2b6ed2efc19418250feaac1fe1868fd919c4c03a6e6f66e3e3f926,flac8e-concat,7063095,7062584,495,16,1,76f8d36d4b2b6ed2efc19418250feaac1fe1868fd919c4c03a6e6f66e3e3f926,3b841feffceb45b8225a2e71ce6c19b1e1afe7211dcbe25328f9f9bb32682a86,0.7186873559840024,0.06364469695836306,3328,2816,86
r4,outro-fx,sha256:76f8d36d4b2b6ed2efc19418250feaac1fe1868fd919c4c03a6e6f66e3e3f926,flac8e-dense,7091816,7091294,506,16,1,76f8d36d4b2b6ed2efc19418250feaac1fe1868fd919c4c03a6e6f66e3e3f926,fa190e599d5ec3c18e973cf9dd224f6ed8ec5ee3658c9950f69b2a4200c73d6b,0.8399754340061918,0.1851337170228362,3328,2816,86
r4,outro-fx,sha256:76f8d36d4b2b6ed2efc19418250feaac1fe1868fd919c4c03a6e6f66e3e3f926,wavpack-concat,7076188,7075666,506,16,1,76f8d36d4b2b6ed2efc19418250feaac1fe1868fd919c4c03a6e6f66e3e3f926,52254b3afb3af68abe9dcbc12d6c9f837b7ee407b8991ed17a5048a3a0c40cde,0.10860730696003884,0.09787533502094448,3328,1792,
r4,outro-fx,sha256:76f8d36d4b2b6ed2efc19418250feaac1fe1868fd919c4c03a6e6f66e3e3f926,wavpackx6-concat,7048668,7048146,506,16,1,76f8d36d4b2b6ed2efc19418250feaac1fe1868fd919c4c03a6e6f66e3e3f926,fe063e7ba614024fe092e0d6bc90174af459dfaa7d4d850177e20b097a42c73f,6.160936884931289,0.09867122990544885,4176,1792,
r4,outro-fx,sha256:76f8d36d4b2b6ed2efc19418250feaac1fe1868fd919c4c03a6e6f66e3e3f926,wavpackhh-concat,7040798,7040276,506,16,1,76f8d36d4b2b6ed2efc19418250feaac1fe1868fd919c4c03a6e6f66e3e3f926,bdbf15c54d02cea98728f715304feb9c38b2d3626a9c10e835bf9867c062fac6,0.18719768594019115,0.1539952849270776,3840,1792,
r4,outro-fx,sha256:76f8d36d4b2b6ed2efc19418250feaac1fe1868fd919c4c03a6e6f66e3e3f926,wavpackhhx6-concat,7028496,7027974,506,16,1,76f8d36d4b2b6ed2efc19418250feaac1fe1868fd919c4c03a6e6f66e3e3f926,50d397c27b93cde10366533ddf22625bfda0554749d1082e229afa0025c6f29a,9.456547206966206,0.13607954804319888,7168,1792,
r4,vocal-fx,sha256:8b374c1219541d61371b2eacf78d1ddd01acf4e9e7422b369044f7c1df5475e1,original,21947197,21947197,0,0,1,8b374c1219541d61371b2eacf78d1ddd01acf4e9e7422b369044f7c1df5475e1,ef74035c58dd50c76857568358b97b26c74358ad5145650b85712c52e4b7a0e6,,0.2852974380366504,,2816,42
r4,vocal-fx,sha256:8b374c1219541d61371b2eacf78d1ddd01acf4e9e7422b369044f7c1df5475e1,published,22032184,22030248,1920,16,7,8b374c1219541d61371b2eacf78d1ddd01acf4e9e7422b369044f7c1df5475e1,cb1b297fb7254a1db8f660c77d35266f4a35571dacd270ade7bc4613b9b81c6f,,0.2861467539332807,,2816,420
r4,vocal-fx,sha256:8b374c1219541d61371b2eacf78d1ddd01acf4e9e7422b369044f7c1df5475e1,ffmpeg5-30s,22032184,22030248,1920,16,7,8b374c1219541d61371b2eacf78d1ddd01acf4e9e7422b369044f7c1df5475e1,cb1b297fb7254a1db8f660c77d35266f4a35571dacd270ade7bc4613b9b81c6f,0.8763074870221317,0.2834824518067762,55808,2816,420
r4,vocal-fx,sha256:8b374c1219541d61371b2eacf78d1ddd01acf4e9e7422b369044f7c1df5475e1,ffmpeg8-30s,21959052,21957116,1920,16,7,8b374c1219541d61371b2eacf78d1ddd01acf4e9e7422b369044f7c1df5475e1,715eb5f372f0db6c1492edc8a20efed64ce95f993671f505f5aad2f4dec3eab0,1.2976341359317303,0.2954108399571851,55552,2816,420
r4,vocal-fx,sha256:8b374c1219541d61371b2eacf78d1ddd01acf4e9e7422b369044f7c1df5475e1,flac5-30s,21999619,21997683,1920,16,7,8b374c1219541d61371b2eacf78d1ddd01acf4e9e7422b369044f7c1df5475e1,ff993015b146a0c3ea4d68878c2a1f3f546df0ecb3706264097694a722ede9c6,0.3045972221298143,0.27623397193383425,3328,2816,602
r4,vocal-fx,sha256:8b374c1219541d61371b2eacf78d1ddd01acf4e9e7422b369044f7c1df5475e1,flac8-30s,21893804,21891868,1920,16,7,8b374c1219541d61371b2eacf78d1ddd01acf4e9e7422b369044f7c1df5475e1,b856d0b9371401c5a01ac5191b11d5c9a5df4d423e838a19190d412886cde4c8,0.7808510778704658,0.286981935845688,3328,2816,602
r4,vocal-fx,sha256:8b374c1219541d61371b2eacf78d1ddd01acf4e9e7422b369044f7c1df5475e1,flac8e-30s,21883180,21881244,1920,16,7,8b374c1219541d61371b2eacf78d1ddd01acf4e9e7422b369044f7c1df5475e1,be15a131ae866064e9f9253a38793bb8ac4fda58f07757f8b6f4223eb128e18f,3.1946787807391956,0.28914217790588737,3328,2816,602
r4,vocal-fx,sha256:8b374c1219541d61371b2eacf78d1ddd01acf4e9e7422b369044f7c1df5475e1,flac8e-60s,21882553,21881333,1204,16,4,8b374c1219541d61371b2eacf78d1ddd01acf4e9e7422b369044f7c1df5475e1,d24749fd278a3e140f96c33957f1e18250604cd8619a7e719a2efb2f83ecbd8a,3.1760485001141205,0.2831483049085364,3328,2816,344
r4,vocal-fx,sha256:8b374c1219541d61371b2eacf78d1ddd01acf4e9e7422b369044f7c1df5475e1,flac8e-concat,21881353,21880847,490,16,1,8b374c1219541d61371b2eacf78d1ddd01acf4e9e7422b369044f7c1df5475e1,58a973855dc8ab10356dce7d735549740e8d853b4afd61231c82474391040a4f,3.1569116240134463,0.27554058097302914,3328,2816,86
r4,vocal-fx,sha256:8b374c1219541d61371b2eacf78d1ddd01acf4e9e7422b369044f7c1df5475e1,flac8e-dense,21881364,21880847,501,16,1,8b374c1219541d61371b2eacf78d1ddd01acf4e9e7422b369044f7c1df5475e1,1a8e79d3346d6d8cc119dc78b1342554dd8a5a7415cbdf54f1b5f16bb7aedea5,3.260492788045667,0.2749177149962634,3328,2816,86
r4,vocal-fx,sha256:8b374c1219541d61371b2eacf78d1ddd01acf4e9e7422b369044f7c1df5475e1,wavpack-concat,22003519,22003002,501,16,1,8b374c1219541d61371b2eacf78d1ddd01acf4e9e7422b369044f7c1df5475e1,bcd45461aca4b8435d0dd6bccfa0199df47dff4f52920f7a9c909e7022be6725,0.4739437879761681,0.4248247869545594,3328,1536,
r4,vocal-fx,sha256:8b374c1219541d61371b2eacf78d1ddd01acf4e9e7422b369044f7c1df5475e1,wavpackx6-concat,21807465,21806948,501,16,1,8b374c1219541d61371b2eacf78d1ddd01acf4e9e7422b369044f7c1df5475e1,083f04b3ed0028f17088daa52874c2b8ac0f13d11cfd412fccfb057ed3721b3e,26.69187984999735,0.42307742696721107,4152,1536,
r4,vocal-fx,sha256:8b374c1219541d61371b2eacf78d1ddd01acf4e9e7422b369044f7c1df5475e1,wavpackhh-concat,21757433,21756916,501,16,1,8b374c1219541d61371b2eacf78d1ddd01acf4e9e7422b369044f7c1df5475e1,45aaca6810294b599e69e7bd1ea421b6a7986e0693f00cd99baa46c98bcd989b,0.8044941000407562,0.6521742759505287,3840,1792,
r4,vocal-fx,sha256:8b374c1219541d61371b2eacf78d1ddd01acf4e9e7422b369044f7c1df5475e1,wavpackhhx6-concat,21662987,21662470,501,16,1,8b374c1219541d61371b2eacf78d1ddd01acf4e9e7422b369044f7c1df5475e1,9a30c5a7276ebd763026adfa03b36d4c82b94cee620049ce9a22bb92b9f8cd58,40.19431788404472,0.5852634869515896,7168,1792,
r4,bass,sha256:f797073413ecf7782ec9e767bb4645034e8293b52c86cd888c920b33427c0d59,original,19381374,19381374,0,0,1,f797073413ecf7782ec9e767bb4645034e8293b52c86cd888c920b33427c0d59,b26c9ef76ad937aa778253cdf07e08dbfb0a5338ea8a88382c78c79fcd26b108,,0.272589853964746,,2560,42
r4,bass,sha256:f797073413ecf7782ec9e767bb4645034e8293b52c86cd888c920b33427c0d59,published,19492015,19490080,1919,16,7,f797073413ecf7782ec9e767bb4645034e8293b52c86cd888c920b33427c0d59,1e31a0a010046f00df7c022251f80e6241a2db9b6584d38b79d7b31a6e80e437,,0.2851402178639546,,2816,420
r4,bass,sha256:f797073413ecf7782ec9e767bb4645034e8293b52c86cd888c920b33427c0d59,ffmpeg5-30s,19492015,19490080,1919,16,7,f797073413ecf7782ec9e767bb4645034e8293b52c86cd888c920b33427c0d59,1e31a0a010046f00df7c022251f80e6241a2db9b6584d38b79d7b31a6e80e437,0.8982278978219256,0.28284334612544626,55552,2816,420
r4,bass,sha256:f797073413ecf7782ec9e767bb4645034e8293b52c86cd888c920b33427c0d59,ffmpeg8-30s,19420273,19418338,1919,16,7,f797073413ecf7782ec9e767bb4645034e8293b52c86cd888c920b33427c0d59,db09f5bda692e071ed59de688547caa2fc64742f4f020d0ac22538e4cc3bcf5e,1.354233446996659,0.29348951391875744,55552,2816,420
r4,bass,sha256:f797073413ecf7782ec9e767bb4645034e8293b52c86cd888c920b33427c0d59,flac5-30s,19364351,19362416,1919,16,7,f797073413ecf7782ec9e767bb4645034e8293b52c86cd888c920b33427c0d59,8f5953dbf86581a1ea9790972e96aacd3f61292d07258a1edd86a983e823b7e1,0.3044304409995675,0.27320199797395617,3328,2816,602
r4,bass,sha256:f797073413ecf7782ec9e767bb4645034e8293b52c86cd888c920b33427c0d59,flac8-30s,19229154,19227219,1919,16,7,f797073413ecf7782ec9e767bb4645034e8293b52c86cd888c920b33427c0d59,4f9c0f7647fd4db83deb057f48b5d62a6da2ec4822ad79f4cd0b540f5680cb8d,0.7753331130370498,0.28427720395848155,3328,2816,602
r4,bass,sha256:f797073413ecf7782ec9e767bb4645034e8293b52c86cd888c920b33427c0d59,flac8e-30s,19214627,19212692,1919,16,7,f797073413ecf7782ec9e767bb4645034e8293b52c86cd888c920b33427c0d59,43a866eebe4e3d5372438f828db9a73256016f4dd357dc4fee6fcd09cc6bd132,3.2156312528532,0.2876648058881983,3328,2816,602
r4,bass,sha256:f797073413ecf7782ec9e767bb4645034e8293b52c86cd888c920b33427c0d59,flac8e-60s,19214088,19212868,1204,16,4,f797073413ecf7782ec9e767bb4645034e8293b52c86cd888c920b33427c0d59,99b32a79235d0355a194d7edc49a8f3654a9d12270f567bda4d52f6a6376b26e,3.2065231300657615,0.28235630597919226,3328,2816,344
r4,bass,sha256:f797073413ecf7782ec9e767bb4645034e8293b52c86cd888c920b33427c0d59,flac8e-concat,19212713,19212207,490,16,1,f797073413ecf7782ec9e767bb4645034e8293b52c86cd888c920b33427c0d59,4539f78f743193f0dd9281c1c3828c23b046b69c984831600b36cf10c812d837,3.222501405980438,0.2688164690043777,3072,2816,86
r4,bass,sha256:f797073413ecf7782ec9e767bb4645034e8293b52c86cd888c920b33427c0d59,flac8e-dense,19212724,19212207,501,16,1,f797073413ecf7782ec9e767bb4645034e8293b52c86cd888c920b33427c0d59,3a21ce71a2647314ca30dc6e513d605409177c66f2b11efb39d468cbb5e41cd0,3.158886965014972,0.26918581197969615,3328,2816,86
r4,bass,sha256:f797073413ecf7782ec9e767bb4645034e8293b52c86cd888c920b33427c0d59,wavpack-concat,20581465,20580948,501,16,1,f797073413ecf7782ec9e767bb4645034e8293b52c86cd888c920b33427c0d59,de153c375a8b7df768f4ec48996c7a608953bb0636438db725aa815261a577cb,0.4620754229836166,0.4225163299124688,3328,1536,
r4,bass,sha256:f797073413ecf7782ec9e767bb4645034e8293b52c86cd888c920b33427c0d59,wavpackx6-concat,19305555,19305038,501,16,1,f797073413ecf7782ec9e767bb4645034e8293b52c86cd888c920b33427c0d59,7746f9f50c3334e85012c1697e80831b4427714ca7dbd407c034325116a044c1,31.83402582805138,0.4092404729453847,4164,1536,
r4,bass,sha256:f797073413ecf7782ec9e767bb4645034e8293b52c86cd888c920b33427c0d59,wavpackhh-concat,20373991,20373474,501,16,1,f797073413ecf7782ec9e767bb4645034e8293b52c86cd888c920b33427c0d59,f282171453ef8382d44eac43c7c4df49fe6c61b1c60d1dd6e69e760133132cee,0.8188146899919957,0.6561279110610485,3840,1792,
r4,bass,sha256:f797073413ecf7782ec9e767bb4645034e8293b52c86cd888c920b33427c0d59,wavpackhhx6-concat,19261669,19261152,501,16,1,f797073413ecf7782ec9e767bb4645034e8293b52c86cd888c920b33427c0d59,3f6f970718bbdc7b78b843d92ea23a8116cebbff34f2cdf59c3f4821b38369a1,45.680807012016885,0.5577289150096476,7168,1792,
r4,lead-vox,sha256:fc78916013c03b9827b97fe5d422b260b2926d7bd7159c9b8c967e2a49edeef3,original,26749440,26749440,0,0,1,fc78916013c03b9827b97fe5d422b260b2926d7bd7159c9b8c967e2a49edeef3,f619570ffe223969d621e31ed7d0170a568baa1ea01fc475dd082adb5028f587,,0.29579200397711247,,2560,42
r4,lead-vox,sha256:fc78916013c03b9827b97fe5d422b260b2926d7bd7159c9b8c967e2a49edeef3,published,26944442,26942506,1920,16,7,fc78916013c03b9827b97fe5d422b260b2926d7bd7159c9b8c967e2a49edeef3,00f5eb39227459bdcd22bd64694bdf0228ecae73b0d072be90af98dc918cd1ee,,0.2902287432225421,,2816,420
r4,lead-vox,sha256:fc78916013c03b9827b97fe5d422b260b2926d7bd7159c9b8c967e2a49edeef3,ffmpeg5-30s,26944442,26942506,1920,16,7,fc78916013c03b9827b97fe5d422b260b2926d7bd7159c9b8c967e2a49edeef3,00f5eb39227459bdcd22bd64694bdf0228ecae73b0d072be90af98dc918cd1ee,0.8563907517818734,0.2863071160390973,55808,2816,420
r4,lead-vox,sha256:fc78916013c03b9827b97fe5d422b260b2926d7bd7159c9b8c967e2a49edeef3,ffmpeg8-30s,26751804,26749868,1920,16,7,fc78916013c03b9827b97fe5d422b260b2926d7bd7159c9b8c967e2a49edeef3,66a0d6d83f7964cb2862168527470d8c9320566af55858c2ed783f3c32d8c45c,1.395251728943549,0.3124337368644774,55552,2816,420
r4,lead-vox,sha256:fc78916013c03b9827b97fe5d422b260b2926d7bd7159c9b8c967e2a49edeef3,flac5-30s,26932780,26930844,1920,16,7,fc78916013c03b9827b97fe5d422b260b2926d7bd7159c9b8c967e2a49edeef3,4abc69441bb01ce09e7c1d62adf7abfddc23ceee4a249abc81094cf847aa9d18,0.3215682968730107,0.2873818521620706,3328,2816,602
r4,lead-vox,sha256:fc78916013c03b9827b97fe5d422b260b2926d7bd7159c9b8c967e2a49edeef3,flac8-30s,26687082,26685146,1920,16,7,fc78916013c03b9827b97fe5d422b260b2926d7bd7159c9b8c967e2a49edeef3,eacc4eada090b476e3ae2b3b12b479792aa583180afb5535a08a82e7c454428c,0.8327454569516703,0.30596791685093194,3328,2816,602
r4,lead-vox,sha256:fc78916013c03b9827b97fe5d422b260b2926d7bd7159c9b8c967e2a49edeef3,flac8e-30s,26684233,26682297,1920,16,7,fc78916013c03b9827b97fe5d422b260b2926d7bd7159c9b8c967e2a49edeef3,241f50805ba8077e165598ceb0da7b68d3c0aa50f436dfe475e59113e8182db7,3.1960509177297354,0.30419113498646766,3328,2816,602
r4,lead-vox,sha256:fc78916013c03b9827b97fe5d422b260b2926d7bd7159c9b8c967e2a49edeef3,flac8e-60s,26683779,26682559,1204,16,4,fc78916013c03b9827b97fe5d422b260b2926d7bd7159c9b8c967e2a49edeef3,de65c3a052c531c6b3e8eda262f3258c0d9aa1d0f3b84ad2bf0004c2cb59a8db,3.1986563340760767,0.30137061211280525,3328,2816,344
r4,lead-vox,sha256:fc78916013c03b9827b97fe5d422b260b2926d7bd7159c9b8c967e2a49edeef3,flac8e-concat,26683540,26683034,490,16,1,fc78916013c03b9827b97fe5d422b260b2926d7bd7159c9b8c967e2a49edeef3,870a5c768af4a53e6be3a13b3d8cc32a951f5495576e2a85fced5a0c3d2f8973,3.1644413439789787,0.2911843010224402,3328,2816,86
r4,lead-vox,sha256:fc78916013c03b9827b97fe5d422b260b2926d7bd7159c9b8c967e2a49edeef3,flac8e-dense,26683551,26683034,501,16,1,fc78916013c03b9827b97fe5d422b260b2926d7bd7159c9b8c967e2a49edeef3,e806afb9ace9a733dff721f58f0240a1df5619cc9cf262b485f7a616b59cbcaf,3.187089207000099,0.2911058919271454,3072,2816,86
r4,lead-vox,sha256:fc78916013c03b9827b97fe5d422b260b2926d7bd7159c9b8c967e2a49edeef3,wavpack-concat,27016977,27016460,501,16,1,fc78916013c03b9827b97fe5d422b260b2926d7bd7159c9b8c967e2a49edeef3,27f1e0a021a02439785f97057ae290da54ad9001c800e044c4e0d4fc2db01d88,0.4727798290550709,0.42881671292707324,3328,1536,
r4,lead-vox,sha256:fc78916013c03b9827b97fe5d422b260b2926d7bd7159c9b8c967e2a49edeef3,wavpackx6-concat,26850651,26850134,501,16,1,fc78916013c03b9827b97fe5d422b260b2926d7bd7159c9b8c967e2a49edeef3,075811a608caba37e528b94f3f855e269648efc77707ac4fc7768dc0cfae6571,26.91158276598435,0.43345121305901557,4180,1536,
r4,lead-vox,sha256:fc78916013c03b9827b97fe5d422b260b2926d7bd7159c9b8c967e2a49edeef3,wavpackhh-concat,26616019,26615502,501,16,1,fc78916013c03b9827b97fe5d422b260b2926d7bd7159c9b8c967e2a49edeef3,73d161de6eae8ef6571e114a635a7bc491c74f6672fb7b2320bc95d6a8007365,0.8121358719654381,0.6566937050083652,3840,1792,
r4,lead-vox,sha256:fc78916013c03b9827b97fe5d422b260b2926d7bd7159c9b8c967e2a49edeef3,wavpackhhx6-concat,26513767,26513250,501,16,1,fc78916013c03b9827b97fe5d422b260b2926d7bd7159c9b8c967e2a49edeef3,04cfc452ed5228270552a1a9202646a067dfb742878c3846db3063c8558afa94,41.59564850095194,0.6060577710159123,7168,1792,
